library,member,symbol,kind,category,scope,note
third_party/tx8_deps/lib/libcommon_util.a,common_func.c.o,CSWTCH.77,r,Implemented,tx8-support-library,TX8 support-library symbol; behavior is captured by headers and disassembly.
third_party/tx8_deps/lib/libcommon_util.a,common_func.c.o,bank_align_bytes_chip,T,Implemented,tx8-support-library,TX8 support-library symbol; behavior is captured by headers and disassembly.
third_party/tx8_deps/lib/libcommon_util.a,common_func.c.o,bank_align_elem,T,Implemented,tx8-support-library,TX8 support-library symbol; behavior is captured by headers and disassembly.
third_party/tx8_deps/lib/libcommon_util.a,common_func.c.o,convert_new_layout,T,Implemented,tx8-support-library,TX8 support-library symbol; behavior is captured by headers and disassembly.
third_party/tx8_deps/lib/libcommon_util.a,common_func.c.o,dtype2string,T,Implemented,reversed-implementation,Implementation symbol covered by function/API-level reverse engineering.
third_party/tx8_deps/lib/libcommon_util.a,common_func.c.o,dump_data_to_file,T,Implemented,tx8-support-library,TX8 support-library symbol; behavior is captured by headers and disassembly.
third_party/tx8_deps/lib/libcommon_util.a,common_func.c.o,fp16_to_fp32,T,Implemented,tx8-support-library,TX8 support-library symbol; behavior is captured by headers and disassembly.
third_party/tx8_deps/lib/libcommon_util.a,common_func.c.o,fp32_to_fp16,T,Implemented,tx8-support-library,TX8 support-library symbol; behavior is captured by headers and disassembly.
third_party/tx8_deps/lib/libcommon_util.a,common_func.c.o,g_dtype_table,r,Implemented,reversed-implementation,Implementation symbol covered by function/API-level reverse engineering.
third_party/tx8_deps/lib/libcommon_util.a,common_func.c.o,gen_random_layout,T,Implemented,tx8-support-library,TX8 support-library symbol; behavior is captured by headers and disassembly.
third_party/tx8_deps/lib/libcommon_util.a,common_func.c.o,gen_random_number,T,Implemented,tx8-support-library,TX8 support-library symbol; behavior is captured by headers and disassembly.
third_party/tx8_deps/lib/libcommon_util.a,common_func.c.o,get_CxC0,T,Implemented,tx8-support-library,TX8 support-library symbol; behavior is captured by headers and disassembly.
third_party/tx8_deps/lib/libcommon_util.a,common_func.c.o,get_CxC0_i64,T,Implemented,tx8-support-library,TX8 support-library symbol; behavior is captured by headers and disassembly.
third_party/tx8_deps/lib/libcommon_util.a,common_func.c.o,get_aligned_ck,T,Implemented,tx8-support-library,TX8 support-library symbol; behavior is captured by headers and disassembly.
third_party/tx8_deps/lib/libcommon_util.a,common_func.c.o,get_aligned_layout,T,Implemented,tx8-support-library,TX8 support-library symbol; behavior is captured by headers and disassembly.
third_party/tx8_deps/lib/libcommon_util.a,common_func.c.o,get_c_head_and_tail,T,Implemented,tx8-support-library,TX8 support-library symbol; behavior is captured by headers and disassembly.
third_party/tx8_deps/lib/libcommon_util.a,common_func.c.o,get_chip_aligned_ck,T,Implemented,tx8-support-library,TX8 support-library symbol; behavior is captured by headers and disassembly.
third_party/tx8_deps/lib/libcommon_util.a,common_func.c.o,get_cx_align_base,T,Implemented,tx8-support-library,TX8 support-library symbol; behavior is captured by headers and disassembly.
third_party/tx8_deps/lib/libcommon_util.a,common_func.c.o,get_dma_reg_dtype,T,Implemented,reversed-implementation,Implementation symbol covered by function/API-level reverse engineering.
third_party/tx8_deps/lib/libcommon_util.a,common_func.c.o,get_dtype_size,T,Implemented,reversed-implementation,Implementation symbol covered by function/API-level reverse engineering.
third_party/tx8_deps/lib/libcommon_util.a,common_func.c.o,get_file_size,T,Implemented,tx8-support-library,TX8 support-library symbol; behavior is captured by headers and disassembly.
third_party/tx8_deps/lib/libcommon_util.a,common_func.c.o,get_time_ms,T,Implemented,tx8-support-library,TX8 support-library symbol; behavior is captured by headers and disassembly.
third_party/tx8_deps/lib/libcommon_util.a,common_func.c.o,get_time_us,T,Implemented,tx8-support-library,TX8 support-library symbol; behavior is captured by headers and disassembly.
third_party/tx8_deps/lib/libcommon_util.a,common_func.c.o,get_uint_val,T,Implemented,tx8-support-library,TX8 support-library symbol; behavior is captured by headers and disassembly.
third_party/tx8_deps/lib/libcommon_util.a,common_func.c.o,get_unaligned_layout,T,Implemented,tx8-support-library,TX8 support-library symbol; behavior is captured by headers and disassembly.
third_party/tx8_deps/lib/libcommon_util.a,common_func.c.o,is_cx_layout,T,Implemented,tx8-support-library,TX8 support-library symbol; behavior is captured by headers and disassembly.
third_party/tx8_deps/lib/libcommon_util.a,common_func.c.o,layout2string,T,Implemented,tx8-support-library,TX8 support-library symbol; behavior is captured by headers and disassembly.
third_party/tx8_deps/lib/libcommon_util.a,common_func.c.o,shape_transpose,T,Implemented,tx8-support-library,TX8 support-library symbol; behavior is captured by headers and disassembly.
third_party/tx8_deps/lib/libcommon_util.a,common_func.c.o,shape_transpose_i64,T,Implemented,tx8-support-library,TX8 support-library symbol; behavior is captured by headers and disassembly.
third_party/tx8_deps/lib/libcommon_util.a,common_func.c.o,shift_div,T,Implemented,tx8-support-library,TX8 support-library symbol; behavior is captured by headers and disassembly.
third_party/tx8_deps/lib/libcommon_util.a,common_tensor.c.o,add_mask,T,Implemented,tx8-support-library,TX8 support-library symbol; behavior is captured by headers and disassembly.
third_party/tx8_deps/lib/libcommon_util.a,common_tensor.c.o,array_cmp,T,Implemented,tx8-support-library,TX8 support-library symbol; behavior is captured by headers and disassembly.
third_party/tx8_deps/lib/libcommon_util.a,common_tensor.c.o,array_cmp_fixed,T,Implemented,tx8-support-library,TX8 support-library symbol; behavior is captured by headers and disassembly.
third_party/tx8_deps/lib/libcommon_util.a,common_tensor.c.o,array_cmp_float,T,Implemented,tx8-support-library,TX8 support-library symbol; behavior is captured by headers and disassembly.
third_party/tx8_deps/lib/libcommon_util.a,common_tensor.c.o,array_cmp_with_cos_simi,T,Implemented,tx8-support-library,TX8 support-library symbol; behavior is captured by headers and disassembly.
third_party/tx8_deps/lib/libcommon_util.a,common_tensor.c.o,array_cos_similiraty,t,Implemented,tx8-support-library,TX8 support-library symbol; behavior is captured by headers and disassembly.
third_party/tx8_deps/lib/libcommon_util.a,common_tensor.c.o,bilinear,T,Implemented,tx8-support-library,TX8 support-library symbol; behavior is captured by headers and disassembly.
third_party/tx8_deps/lib/libcommon_util.a,common_tensor.c.o,broadcast_6d,T,Implemented,tx8-support-library,TX8 support-library symbol; behavior is captured by headers and disassembly.
third_party/tx8_deps/lib/libcommon_util.a,common_tensor.c.o,broadcast_tensor_data,T,Implemented,reversed-implementation,Implementation symbol covered by function/API-level reverse engineering.
third_party/tx8_deps/lib/libcommon_util.a,common_tensor.c.o,calculate_checksum,T,Implemented,tx8-support-library,TX8 support-library symbol; behavior is captured by headers and disassembly.
third_party/tx8_deps/lib/libcommon_util.a,common_tensor.c.o,calculate_checksum_,T,Implemented,tx8-support-library,TX8 support-library symbol; behavior is captured by headers and disassembly.
third_party/tx8_deps/lib/libcommon_util.a,common_tensor.c.o,calculate_checksum_tensor,T,Implemented,reversed-implementation,Implementation symbol covered by function/API-level reverse engineering.
third_party/tx8_deps/lib/libcommon_util.a,common_tensor.c.o,check_zero,T,Implemented,tx8-support-library,TX8 support-library symbol; behavior is captured by headers and disassembly.
third_party/tx8_deps/lib/libcommon_util.a,common_tensor.c.o,common_arith2,T,Implemented,reversed-implementation,Implementation symbol covered by function/API-level reverse engineering.
third_party/tx8_deps/lib/libcommon_util.a,common_tensor.c.o,common_get_spm_addr_by_offset,T,Implemented,reversed-implementation,Implementation symbol covered by function/API-level reverse engineering.
third_party/tx8_deps/lib/libcommon_util.a,common_tensor.c.o,common_is_spm_addr_overflow,T,Implemented,reversed-implementation,Implementation symbol covered by function/API-level reverse engineering.
third_party/tx8_deps/lib/libcommon_util.a,common_tensor.c.o,common_tensor_info_generate,T,Implemented,reversed-implementation,Implementation symbol covered by function/API-level reverse engineering.
third_party/tx8_deps/lib/libcommon_util.a,common_tensor.c.o,common_tensor_info_generate_i64,T,Implemented,reversed-implementation,Implementation symbol covered by function/API-level reverse engineering.
third_party/tx8_deps/lib/libcommon_util.a,common_tensor.c.o,convert_tensor_data_dtype,T,Implemented,reversed-implementation,Implementation symbol covered by function/API-level reverse engineering.
third_party/tx8_deps/lib/libcommon_util.a,common_tensor.c.o,convert_tensor_data_dtype_rnd,T,Implemented,reversed-implementation,Implementation symbol covered by function/API-level reverse engineering.
third_party/tx8_deps/lib/libcommon_util.a,common_tensor.c.o,count_nonzero,T,Implemented,tx8-support-library,TX8 support-library symbol; behavior is captured by headers and disassembly.
third_party/tx8_deps/lib/libcommon_util.a,common_tensor.c.o,gather_data_from_cmodel_mem,T,Implemented,tx8-support-library,TX8 support-library symbol; behavior is captured by headers and disassembly.
third_party/tx8_deps/lib/libcommon_util.a,common_tensor.c.o,get_casual_mask,T,Implemented,tx8-support-library,TX8 support-library symbol; behavior is captured by headers and disassembly.
third_party/tx8_deps/lib/libcommon_util.a,common_tensor.c.o,get_concat_tensor,T,Implemented,reversed-implementation,Implementation symbol covered by function/API-level reverse engineering.
third_party/tx8_deps/lib/libcommon_util.a,common_tensor.c.o,get_layernorm_tensor,T,Implemented,reversed-implementation,Implementation symbol covered by function/API-level reverse engineering.
third_party/tx8_deps/lib/libcommon_util.a,common_tensor.c.o,get_permute_tensor,T,Implemented,reversed-implementation,Implementation symbol covered by function/API-level reverse engineering.
third_party/tx8_deps/lib/libcommon_util.a,common_tensor.c.o,get_ptr_value_by_idx,T,Implemented,tx8-support-library,TX8 support-library symbol; behavior is captured by headers and disassembly.
third_party/tx8_deps/lib/libcommon_util.a,common_tensor.c.o,get_rand_value,T,Implemented,tx8-support-library,TX8 support-library symbol; behavior is captured by headers and disassembly.
third_party/tx8_deps/lib/libcommon_util.a,common_tensor.c.o,get_rmsnorm_tensor,T,Implemented,reversed-implementation,Implementation symbol covered by function/API-level reverse engineering.
third_party/tx8_deps/lib/libcommon_util.a,common_tensor.c.o,get_rmsnorm_tensor_hw,T,Implemented,reversed-implementation,Implementation symbol covered by function/API-level reverse engineering.
third_party/tx8_deps/lib/libcommon_util.a,common_tensor.c.o,get_slice_tensor,T,Implemented,reversed-implementation,Implementation symbol covered by function/API-level reverse engineering.
third_party/tx8_deps/lib/libcommon_util.a,common_tensor.c.o,get_slice_tensor_core,T,Implemented,reversed-implementation,Implementation symbol covered by function/API-level reverse engineering.
third_party/tx8_deps/lib/libcommon_util.a,common_tensor.c.o,get_tensor_align_info,T,Implemented,reversed-implementation,Implementation symbol covered by function/API-level reverse engineering.
third_party/tx8_deps/lib/libcommon_util.a,common_tensor.c.o,get_tensor_idx,T,Implemented,reversed-implementation,Implementation symbol covered by function/API-level reverse engineering.
third_party/tx8_deps/lib/libcommon_util.a,common_tensor.c.o,img2col,T,Implemented,tx8-support-library,TX8 support-library symbol; behavior is captured by headers and disassembly.
third_party/tx8_deps/lib/libcommon_util.a,common_tensor.c.o,lut,T,Implemented,tx8-support-library,TX8 support-library symbol; behavior is captured by headers and disassembly.
third_party/tx8_deps/lib/libcommon_util.a,common_tensor.c.o,pad_tensor,T,Implemented,reversed-implementation,Implementation symbol covered by function/API-level reverse engineering.
third_party/tx8_deps/lib/libcommon_util.a,common_tensor.c.o,print_array_data,T,Implemented,tx8-support-library,TX8 support-library symbol; behavior is captured by headers and disassembly.
third_party/tx8_deps/lib/libcommon_util.a,common_tensor.c.o,print_array_data_index,T,Implemented,tx8-support-library,TX8 support-library symbol; behavior is captured by headers and disassembly.
third_party/tx8_deps/lib/libcommon_util.a,common_tensor.c.o,print_array_data_unused,T,Implemented,tx8-support-library,TX8 support-library symbol; behavior is captured by headers and disassembly.
third_party/tx8_deps/lib/libcommon_util.a,common_tensor.c.o,rand_gen,T,Implemented,tx8-support-library,TX8 support-library symbol; behavior is captured by headers and disassembly.
third_party/tx8_deps/lib/libcommon_util.a,common_tensor.c.o,reverse_tensor,T,Implemented,reversed-implementation,Implementation symbol covered by function/API-level reverse engineering.
third_party/tx8_deps/lib/libcommon_util.a,common_tensor.c.o,rotate,T,Implemented,tx8-support-library,TX8 support-library symbol; behavior is captured by headers and disassembly.
third_party/tx8_deps/lib/libcommon_util.a,common_tensor.c.o,round_to_even,T,Implemented,tx8-support-library,TX8 support-library symbol; behavior is captured by headers and disassembly.
third_party/tx8_deps/lib/libcommon_util.a,common_tensor.c.o,round_to_neg_inf,T,Implemented,tx8-support-library,TX8 support-library symbol; behavior is captured by headers and disassembly.
third_party/tx8_deps/lib/libcommon_util.a,common_tensor.c.o,round_to_pos_inf,T,Implemented,tx8-support-library,TX8 support-library symbol; behavior is captured by headers and disassembly.
third_party/tx8_deps/lib/libcommon_util.a,common_tensor.c.o,round_to_zero,T,Implemented,tx8-support-library,TX8 support-library symbol; behavior is captured by headers and disassembly.
third_party/tx8_deps/lib/libcommon_util.a,common_tensor.c.o,round_values,T,Implemented,tx8-support-library,TX8 support-library symbol; behavior is captured by headers and disassembly.
third_party/tx8_deps/lib/libcommon_util.a,common_tensor.c.o,save_array_data,T,Implemented,tx8-support-library,TX8 support-library symbol; behavior is captured by headers and disassembly.
third_party/tx8_deps/lib/libcommon_util.a,common_tensor.c.o,scatter_data_to_cmodel_mem,T,Implemented,tx8-support-library,TX8 support-library symbol; behavior is captured by headers and disassembly.
third_party/tx8_deps/lib/libcommon_util.a,common_tensor.c.o,set_float2value,T,Implemented,tx8-support-library,TX8 support-library symbol; behavior is captured by headers and disassembly.
third_party/tx8_deps/lib/libcommon_util.a,common_tensor.c.o,set_float2value_rnd,T,Implemented,tx8-support-library,TX8 support-library symbol; behavior is captured by headers and disassembly.
third_party/tx8_deps/lib/libcommon_util.a,common_tensor.c.o,set_ptr_value_by_idx,T,Implemented,tx8-support-library,TX8 support-library symbol; behavior is captured by headers and disassembly.
third_party/tx8_deps/lib/libcommon_util.a,common_tensor.c.o,set_value2float32,T,Implemented,tx8-support-library,TX8 support-library symbol; behavior is captured by headers and disassembly.
third_party/tx8_deps/lib/libcommon_util.a,common_tensor.c.o,swap_data_with_cmodel_mem,T,Implemented,tx8-support-library,TX8 support-library symbol; behavior is captured by headers and disassembly.
third_party/tx8_deps/lib/libcommon_util.a,common_tensor.c.o,tensor_extremum,T,Implemented,reversed-implementation,Implementation symbol covered by function/API-level reverse engineering.
third_party/tx8_deps/lib/libcommon_util.a,common_tensor.c.o,transform_data_with_layout,T,Implemented,tx8-support-library,TX8 support-library symbol; behavior is captured by headers and disassembly.
third_party/tx8_deps/lib/libcommon_util.a,common_tensor.c.o,transform_data_with_layout_i32,T,Implemented,tx8-support-library,TX8 support-library symbol; behavior is captured by headers and disassembly.
third_party/tx8_deps/lib/libcommon_util.a,common_tensor.c.o,transpose_matrix,T,Implemented,tx8-support-library,TX8 support-library symbol; behavior is captured by headers and disassembly.
third_party/tx8_deps/lib/libcommon_util.a,crc.c.o,CRC,B,Implemented,tx8-support-library,TX8 support-library symbol; behavior is captured by headers and disassembly.
third_party/tx8_deps/lib/libcommon_util.a,crc.c.o,CRC32_table,B,Implemented,tx8-support-library,TX8 support-library symbol; behavior is captured by headers and disassembly.
third_party/tx8_deps/lib/libcommon_util.a,crc.c.o,cal_crc16,T,Implemented,tx8-support-library,TX8 support-library symbol; behavior is captured by headers and disassembly.
third_party/tx8_deps/lib/libcommon_util.a,crc.c.o,cal_crc32,T,Implemented,tx8-support-library,TX8 support-library symbol; behavior is captured by headers and disassembly.
third_party/tx8_deps/lib/libcommon_util.a,crc.c.o,cal_crc8,T,Implemented,tx8-support-library,TX8 support-library symbol; behavior is captured by headers and disassembly.
third_party/tx8_deps/lib/libcommon_util.a,crc.c.o,init_CRC32_table,T,Implemented,tx8-support-library,TX8 support-library symbol; behavior is captured by headers and disassembly.
third_party/tx8_deps/lib/libcommon_util.a,crc.c.o,rdmacrc,B,Implemented,tx8-support-library,TX8 support-library symbol; behavior is captured by headers and disassembly.
third_party/tx8_deps/lib/libcommon_util.a,crc.c.o,wdmacrc,B,Implemented,tx8-support-library,TX8 support-library symbol; behavior is captured by headers and disassembly.
third_party/tx8_deps/lib/libcommon_util.a,oplib_log.c.o,current_groupId,d,Implemented,tx8-support-library,TX8 support-library symbol; behavior is captured by headers and disassembly.
third_party/tx8_deps/lib/libcommon_util.a,oplib_log.c.o,current_oplib_log_scope,D,Implemented,tx8-support-library,TX8 support-library symbol; behavior is captured by headers and disassembly.
third_party/tx8_deps/lib/libcommon_util.a,oplib_log.c.o,get_current_groupId,T,Implemented,tx8-support-library,TX8 support-library symbol; behavior is captured by headers and disassembly.
third_party/tx8_deps/lib/libcommon_util.a,oplib_log.c.o,init_log_config,T,Implemented,tx8-support-library,TX8 support-library symbol; behavior is captured by headers and disassembly.
third_party/tx8_deps/lib/libcommon_util.a,oplib_log.c.o,logPrint,T,Implemented,tx8-support-library,TX8 support-library symbol; behavior is captured by headers and disassembly.
third_party/tx8_deps/lib/libcommon_util.a,oplib_log.c.o,oplib_get_log_file,T,Implemented,tx8-support-library,TX8 support-library symbol; behavior is captured by headers and disassembly.
third_party/tx8_deps/lib/libcommon_util.a,oplib_log.c.o,oplib_get_log_scope,T,Implemented,tx8-support-library,TX8 support-library symbol; behavior is captured by headers and disassembly.
third_party/tx8_deps/lib/libcommon_util.a,oplib_log.c.o,oplib_log_core,T,Implemented,tx8-support-library,TX8 support-library symbol; behavior is captured by headers and disassembly.
third_party/tx8_deps/lib/libcommon_util.a,oplib_log.c.o,oplib_set_log_file,T,Implemented,tx8-support-library,TX8 support-library symbol; behavior is captured by headers and disassembly.
third_party/tx8_deps/lib/libcommon_util.a,oplib_log.c.o,oplib_set_log_scope,T,Implemented,tx8-support-library,TX8 support-library symbol; behavior is captured by headers and disassembly.
third_party/tx8_deps/lib/libcommon_util.a,oplib_log.c.o,set_current_groupId,T,Implemented,tx8-support-library,TX8 support-library symbol; behavior is captured by headers and disassembly.
third_party/tx8_deps/lib/libinstr_tx81.a,debug.c.o,debug_ct_info,T,Implemented,tx8-support-library,TX8 support-library symbol; behavior is captured by headers and disassembly.
third_party/tx8_deps/lib/libinstr_tx81.a,debug.c.o,debug_td_info,T,Implemented,tx8-support-library,TX8 support-library symbol; behavior is captured by headers and disassembly.
third_party/tx8_deps/lib/libinstr_tx81.a,instr_adapter.c.o,TsmDeleteActivation,T,ABI,public-runtime-api,Named public wrapper/API entry covered by the reverse-engineering reference.
third_party/tx8_deps/lib/libinstr_tx81.a,instr_adapter.c.o,TsmDeleteArith,T,ABI,public-runtime-api,Named public wrapper/API entry covered by the reverse-engineering reference.
third_party/tx8_deps/lib/libinstr_tx81.a,instr_adapter.c.o,TsmDeleteConv,T,ABI,public-runtime-api,Named public wrapper/API entry covered by the reverse-engineering reference.
third_party/tx8_deps/lib/libinstr_tx81.a,instr_adapter.c.o,TsmDeleteConvert,T,ABI,public-runtime-api,Named public wrapper/API entry covered by the reverse-engineering reference.
third_party/tx8_deps/lib/libinstr_tx81.a,instr_adapter.c.o,TsmDeleteDataMove,T,ABI,public-runtime-api,Named public wrapper/API entry covered by the reverse-engineering reference.
third_party/tx8_deps/lib/libinstr_tx81.a,instr_adapter.c.o,TsmDeleteDepthwiseConv,T,ABI,public-runtime-api,Named public wrapper/API entry covered by the reverse-engineering reference.
third_party/tx8_deps/lib/libinstr_tx81.a,instr_adapter.c.o,TsmDeleteGemm,T,ABI,public-runtime-api,Named public wrapper/API entry covered by the reverse-engineering reference.
third_party/tx8_deps/lib/libinstr_tx81.a,instr_adapter.c.o,TsmDeleteLogic,T,ABI,public-runtime-api,Named public wrapper/API entry covered by the reverse-engineering reference.
third_party/tx8_deps/lib/libinstr_tx81.a,instr_adapter.c.o,TsmDeleteMaskDataMove,T,ABI,public-runtime-api,Named public wrapper/API entry covered by the reverse-engineering reference.
third_party/tx8_deps/lib/libinstr_tx81.a,instr_adapter.c.o,TsmDeletePeripheral,T,ABI,public-runtime-api,Named public wrapper/API entry covered by the reverse-engineering reference.
third_party/tx8_deps/lib/libinstr_tx81.a,instr_adapter.c.o,TsmDeletePool,T,ABI,public-runtime-api,Named public wrapper/API entry covered by the reverse-engineering reference.
third_party/tx8_deps/lib/libinstr_tx81.a,instr_adapter.c.o,TsmDeleteRdma,T,ABI,public-runtime-api,Named public wrapper/API entry covered by the reverse-engineering reference.
third_party/tx8_deps/lib/libinstr_tx81.a,instr_adapter.c.o,TsmDeleteReduce,T,ABI,public-runtime-api,Named public wrapper/API entry covered by the reverse-engineering reference.
third_party/tx8_deps/lib/libinstr_tx81.a,instr_adapter.c.o,TsmDeleteRelation,T,ABI,public-runtime-api,Named public wrapper/API entry covered by the reverse-engineering reference.
third_party/tx8_deps/lib/libinstr_tx81.a,instr_adapter.c.o,TsmDeleteStream,T,ABI,public-runtime-api,Named public wrapper/API entry covered by the reverse-engineering reference.
third_party/tx8_deps/lib/libinstr_tx81.a,instr_adapter.c.o,TsmDeleteTranscendental,T,ABI,public-runtime-api,Named public wrapper/API entry covered by the reverse-engineering reference.
third_party/tx8_deps/lib/libinstr_tx81.a,instr_adapter.c.o,TsmDeleteUnPool,T,ABI,public-runtime-api,Named public wrapper/API entry covered by the reverse-engineering reference.
third_party/tx8_deps/lib/libinstr_tx81.a,instr_adapter.c.o,TsmDeleteWdma,T,ABI,public-runtime-api,Named public wrapper/API entry covered by the reverse-engineering reference.
third_party/tx8_deps/lib/libinstr_tx81.a,instr_adapter.c.o,TsmExecute,T,ABI,public-runtime-api,Named public wrapper/API entry covered by the reverse-engineering reference.
third_party/tx8_deps/lib/libinstr_tx81.a,instr_adapter.c.o,TsmGetCsrIbcounter,T,ABI,public-runtime-api,Named public wrapper/API entry covered by the reverse-engineering reference.
third_party/tx8_deps/lib/libinstr_tx81.a,instr_adapter.c.o,TsmGetCsrTaskstatus,T,ABI,public-runtime-api,Named public wrapper/API entry covered by the reverse-engineering reference.
third_party/tx8_deps/lib/libinstr_tx81.a,instr_adapter.c.o,TsmGetCsrTaskstatus_bywork,T,ABI,public-runtime-api,Named public wrapper/API entry covered by the reverse-engineering reference.
third_party/tx8_deps/lib/libinstr_tx81.a,instr_adapter.c.o,TsmNewActivation,T,ABI,public-runtime-api,Named public wrapper/API entry covered by the reverse-engineering reference.
third_party/tx8_deps/lib/libinstr_tx81.a,instr_adapter.c.o,TsmNewArith,T,ABI,public-runtime-api,Named public wrapper/API entry covered by the reverse-engineering reference.
third_party/tx8_deps/lib/libinstr_tx81.a,instr_adapter.c.o,TsmNewConv,T,ABI,public-runtime-api,Named public wrapper/API entry covered by the reverse-engineering reference.
third_party/tx8_deps/lib/libinstr_tx81.a,instr_adapter.c.o,TsmNewConvert,T,ABI,public-runtime-api,Named public wrapper/API entry covered by the reverse-engineering reference.
third_party/tx8_deps/lib/libinstr_tx81.a,instr_adapter.c.o,TsmNewDataMove,T,ABI,public-runtime-api,Named public wrapper/API entry covered by the reverse-engineering reference.
third_party/tx8_deps/lib/libinstr_tx81.a,instr_adapter.c.o,TsmNewDepthwiseConv,T,ABI,public-runtime-api,Named public wrapper/API entry covered by the reverse-engineering reference.
third_party/tx8_deps/lib/libinstr_tx81.a,instr_adapter.c.o,TsmNewGemm,T,ABI,public-runtime-api,Named public wrapper/API entry covered by the reverse-engineering reference.
third_party/tx8_deps/lib/libinstr_tx81.a,instr_adapter.c.o,TsmNewLogic,T,ABI,public-runtime-api,Named public wrapper/API entry covered by the reverse-engineering reference.
third_party/tx8_deps/lib/libinstr_tx81.a,instr_adapter.c.o,TsmNewMaskDataMove,T,ABI,public-runtime-api,Named public wrapper/API entry covered by the reverse-engineering reference.
third_party/tx8_deps/lib/libinstr_tx81.a,instr_adapter.c.o,TsmNewPeripheral,T,ABI,public-runtime-api,Named public wrapper/API entry covered by the reverse-engineering reference.
third_party/tx8_deps/lib/libinstr_tx81.a,instr_adapter.c.o,TsmNewPool,T,ABI,public-runtime-api,Named public wrapper/API entry covered by the reverse-engineering reference.
third_party/tx8_deps/lib/libinstr_tx81.a,instr_adapter.c.o,TsmNewRdma,T,ABI,public-runtime-api,Named public wrapper/API entry covered by the reverse-engineering reference.
third_party/tx8_deps/lib/libinstr_tx81.a,instr_adapter.c.o,TsmNewReduce,T,ABI,public-runtime-api,Named public wrapper/API entry covered by the reverse-engineering reference.
third_party/tx8_deps/lib/libinstr_tx81.a,instr_adapter.c.o,TsmNewRelation,T,ABI,public-runtime-api,Named public wrapper/API entry covered by the reverse-engineering reference.
third_party/tx8_deps/lib/libinstr_tx81.a,instr_adapter.c.o,TsmNewStream,T,ABI,public-runtime-api,Named public wrapper/API entry covered by the reverse-engineering reference.
third_party/tx8_deps/lib/libinstr_tx81.a,instr_adapter.c.o,TsmNewTranscendental,T,ABI,public-runtime-api,Named public wrapper/API entry covered by the reverse-engineering reference.
third_party/tx8_deps/lib/libinstr_tx81.a,instr_adapter.c.o,TsmNewUnPool,T,ABI,public-runtime-api,Named public wrapper/API entry covered by the reverse-engineering reference.
third_party/tx8_deps/lib/libinstr_tx81.a,instr_adapter.c.o,TsmNewWdma,T,ABI,public-runtime-api,Named public wrapper/API entry covered by the reverse-engineering reference.
third_party/tx8_deps/lib/libinstr_tx81.a,instr_adapter.c.o,TsmWaitfinish,T,ABI,public-runtime-api,Named public wrapper/API entry covered by the reverse-engineering reference.
third_party/tx8_deps/lib/libinstr_tx81.a,instr_adapter.c.o,TsmWaitfinish_bywork,T,ABI,public-runtime-api,Named public wrapper/API entry covered by the reverse-engineering reference.
third_party/tx8_deps/lib/libinstr_tx81.a,instr_adapter.c.o,__activation_leakyrelu,t,Implemented,tx8-support-library,TX8 support-library symbol; behavior is captured by headers and disassembly.
third_party/tx8_deps/lib/libinstr_tx81.a,instr_adapter.c.o,__activation_relu,t,Implemented,tx8-support-library,TX8 support-library symbol; behavior is captured by headers and disassembly.
third_party/tx8_deps/lib/libinstr_tx81.a,instr_adapter.c.o,__activation_satrelu,t,Implemented,tx8-support-library,TX8 support-library symbol; behavior is captured by headers and disassembly.
third_party/tx8_deps/lib/libinstr_tx81.a,instr_adapter.c.o,__activation_sigmoid,t,Implemented,tx8-support-library,TX8 support-library symbol; behavior is captured by headers and disassembly.
third_party/tx8_deps/lib/libinstr_tx81.a,instr_adapter.c.o,__activation_softplus,t,Implemented,tx8-support-library,TX8 support-library symbol; behavior is captured by headers and disassembly.
third_party/tx8_deps/lib/libinstr_tx81.a,instr_adapter.c.o,__activation_tanh,t,Implemented,tx8-support-library,TX8 support-library symbol; behavior is captured by headers and disassembly.
third_party/tx8_deps/lib/libinstr_tx81.a,instr_adapter.c.o,__avg_pool,t,Implemented,tx8-support-library,TX8 support-library symbol; behavior is captured by headers and disassembly.
third_party/tx8_deps/lib/libinstr_tx81.a,instr_adapter.c.o,__convert_bf16_fp16,t,Implemented,tx8-support-library,TX8 support-library symbol; behavior is captured by headers and disassembly.
third_party/tx8_deps/lib/libinstr_tx81.a,instr_adapter.c.o,__convert_bf16_fp32,t,Implemented,tx8-support-library,TX8 support-library symbol; behavior is captured by headers and disassembly.
third_party/tx8_deps/lib/libinstr_tx81.a,instr_adapter.c.o,__convert_bf16_int16,t,Implemented,tx8-support-library,TX8 support-library symbol; behavior is captured by headers and disassembly.
third_party/tx8_deps/lib/libinstr_tx81.a,instr_adapter.c.o,__convert_bf16_int32,t,Implemented,tx8-support-library,TX8 support-library symbol; behavior is captured by headers and disassembly.
third_party/tx8_deps/lib/libinstr_tx81.a,instr_adapter.c.o,__convert_bf16_int8,t,Implemented,tx8-support-library,TX8 support-library symbol; behavior is captured by headers and disassembly.
third_party/tx8_deps/lib/libinstr_tx81.a,instr_adapter.c.o,__convert_bf16_tf32,t,Implemented,tx8-support-library,TX8 support-library symbol; behavior is captured by headers and disassembly.
third_party/tx8_deps/lib/libinstr_tx81.a,instr_adapter.c.o,__convert_fp16_bf16,t,Implemented,tx8-support-library,TX8 support-library symbol; behavior is captured by headers and disassembly.
third_party/tx8_deps/lib/libinstr_tx81.a,instr_adapter.c.o,__convert_fp16_fp32,t,Implemented,tx8-support-library,TX8 support-library symbol; behavior is captured by headers and disassembly.
third_party/tx8_deps/lib/libinstr_tx81.a,instr_adapter.c.o,__convert_fp16_int16,t,Implemented,tx8-support-library,TX8 support-library symbol; behavior is captured by headers and disassembly.
third_party/tx8_deps/lib/libinstr_tx81.a,instr_adapter.c.o,__convert_fp16_int32,t,Implemented,tx8-support-library,TX8 support-library symbol; behavior is captured by headers and disassembly.
third_party/tx8_deps/lib/libinstr_tx81.a,instr_adapter.c.o,__convert_fp16_int8,t,Implemented,tx8-support-library,TX8 support-library symbol; behavior is captured by headers and disassembly.
third_party/tx8_deps/lib/libinstr_tx81.a,instr_adapter.c.o,__convert_fp16_tf32,t,Implemented,tx8-support-library,TX8 support-library symbol; behavior is captured by headers and disassembly.
third_party/tx8_deps/lib/libinstr_tx81.a,instr_adapter.c.o,__convert_fp32_bf16,t,Implemented,tx8-support-library,TX8 support-library symbol; behavior is captured by headers and disassembly.
third_party/tx8_deps/lib/libinstr_tx81.a,instr_adapter.c.o,__convert_fp32_fp16,t,Implemented,tx8-support-library,TX8 support-library symbol; behavior is captured by headers and disassembly.
third_party/tx8_deps/lib/libinstr_tx81.a,instr_adapter.c.o,__convert_fp32_int16,t,Implemented,tx8-support-library,TX8 support-library symbol; behavior is captured by headers and disassembly.
third_party/tx8_deps/lib/libinstr_tx81.a,instr_adapter.c.o,__convert_fp32_int32,t,Implemented,tx8-support-library,TX8 support-library symbol; behavior is captured by headers and disassembly.
third_party/tx8_deps/lib/libinstr_tx81.a,instr_adapter.c.o,__convert_fp32_int8,t,Implemented,tx8-support-library,TX8 support-library symbol; behavior is captured by headers and disassembly.
third_party/tx8_deps/lib/libinstr_tx81.a,instr_adapter.c.o,__convert_fp32_tf32,t,Implemented,tx8-support-library,TX8 support-library symbol; behavior is captured by headers and disassembly.
third_party/tx8_deps/lib/libinstr_tx81.a,instr_adapter.c.o,__convert_int16_bf16,t,Implemented,tx8-support-library,TX8 support-library symbol; behavior is captured by headers and disassembly.
third_party/tx8_deps/lib/libinstr_tx81.a,instr_adapter.c.o,__convert_int16_fp16,t,Implemented,tx8-support-library,TX8 support-library symbol; behavior is captured by headers and disassembly.
third_party/tx8_deps/lib/libinstr_tx81.a,instr_adapter.c.o,__convert_int16_fp32,t,Implemented,tx8-support-library,TX8 support-library symbol; behavior is captured by headers and disassembly.
third_party/tx8_deps/lib/libinstr_tx81.a,instr_adapter.c.o,__convert_int16_tf32,t,Implemented,tx8-support-library,TX8 support-library symbol; behavior is captured by headers and disassembly.
third_party/tx8_deps/lib/libinstr_tx81.a,instr_adapter.c.o,__convert_int32_bf16,t,Implemented,tx8-support-library,TX8 support-library symbol; behavior is captured by headers and disassembly.
third_party/tx8_deps/lib/libinstr_tx81.a,instr_adapter.c.o,__convert_int32_fp16,t,Implemented,tx8-support-library,TX8 support-library symbol; behavior is captured by headers and disassembly.
third_party/tx8_deps/lib/libinstr_tx81.a,instr_adapter.c.o,__convert_int32_fp32,t,Implemented,tx8-support-library,TX8 support-library symbol; behavior is captured by headers and disassembly.
third_party/tx8_deps/lib/libinstr_tx81.a,instr_adapter.c.o,__convert_int32_tf32,t,Implemented,tx8-support-library,TX8 support-library symbol; behavior is captured by headers and disassembly.
third_party/tx8_deps/lib/libinstr_tx81.a,instr_adapter.c.o,__convert_int8_bf16,t,Implemented,tx8-support-library,TX8 support-library symbol; behavior is captured by headers and disassembly.
third_party/tx8_deps/lib/libinstr_tx81.a,instr_adapter.c.o,__convert_int8_fp16,t,Implemented,tx8-support-library,TX8 support-library symbol; behavior is captured by headers and disassembly.
third_party/tx8_deps/lib/libinstr_tx81.a,instr_adapter.c.o,__convert_int8_fp32,t,Implemented,tx8-support-library,TX8 support-library symbol; behavior is captured by headers and disassembly.
third_party/tx8_deps/lib/libinstr_tx81.a,instr_adapter.c.o,__convert_int8_tf32,t,Implemented,tx8-support-library,TX8 support-library symbol; behavior is captured by headers and disassembly.
third_party/tx8_deps/lib/libinstr_tx81.a,instr_adapter.c.o,__convert_tf32_bf16,t,Implemented,tx8-support-library,TX8 support-library symbol; behavior is captured by headers and disassembly.
third_party/tx8_deps/lib/libinstr_tx81.a,instr_adapter.c.o,__convert_tf32_fp16,t,Implemented,tx8-support-library,TX8 support-library symbol; behavior is captured by headers and disassembly.
third_party/tx8_deps/lib/libinstr_tx81.a,instr_adapter.c.o,__convert_tf32_fp32,t,Implemented,tx8-support-library,TX8 support-library symbol; behavior is captured by headers and disassembly.
third_party/tx8_deps/lib/libinstr_tx81.a,instr_adapter.c.o,__convert_tf32_int16,t,Implemented,tx8-support-library,TX8 support-library symbol; behavior is captured by headers and disassembly.
third_party/tx8_deps/lib/libinstr_tx81.a,instr_adapter.c.o,__convert_tf32_int32,t,Implemented,tx8-support-library,TX8 support-library symbol; behavior is captured by headers and disassembly.
third_party/tx8_deps/lib/libinstr_tx81.a,instr_adapter.c.o,__convert_tf32_int8,t,Implemented,tx8-support-library,TX8 support-library symbol; behavior is captured by headers and disassembly.
third_party/tx8_deps/lib/libinstr_tx81.a,instr_adapter.c.o,__datamove_concat,t,Implemented,tx8-support-library,TX8 support-library symbol; behavior is captured by headers and disassembly.
third_party/tx8_deps/lib/libinstr_tx81.a,instr_adapter.c.o,__datamove_gatherscatter,t,Implemented,tx8-support-library,TX8 support-library symbol; behavior is captured by headers and disassembly.
third_party/tx8_deps/lib/libinstr_tx81.a,instr_adapter.c.o,__datamove_img2col,t,Implemented,tx8-support-library,TX8 support-library symbol; behavior is captured by headers and disassembly.
third_party/tx8_deps/lib/libinstr_tx81.a,instr_adapter.c.o,__datamove_mirror,t,Implemented,tx8-support-library,TX8 support-library symbol; behavior is captured by headers and disassembly.
third_party/tx8_deps/lib/libinstr_tx81.a,instr_adapter.c.o,__datamove_nchw2nhwc,t,Implemented,tx8-support-library,TX8 support-library symbol; behavior is captured by headers and disassembly.
third_party/tx8_deps/lib/libinstr_tx81.a,instr_adapter.c.o,__datamove_nhwc2nchw,t,Implemented,tx8-support-library,TX8 support-library symbol; behavior is captured by headers and disassembly.
third_party/tx8_deps/lib/libinstr_tx81.a,instr_adapter.c.o,__datamove_pad,t,Implemented,tx8-support-library,TX8 support-library symbol; behavior is captured by headers and disassembly.
third_party/tx8_deps/lib/libinstr_tx81.a,instr_adapter.c.o,__datamove_rotate180,t,Implemented,tx8-support-library,TX8 support-library symbol; behavior is captured by headers and disassembly.
third_party/tx8_deps/lib/libinstr_tx81.a,instr_adapter.c.o,__datamove_rotate270,t,Implemented,tx8-support-library,TX8 support-library symbol; behavior is captured by headers and disassembly.
third_party/tx8_deps/lib/libinstr_tx81.a,instr_adapter.c.o,__datamove_rotate90,t,Implemented,tx8-support-library,TX8 support-library symbol; behavior is captured by headers and disassembly.
third_party/tx8_deps/lib/libinstr_tx81.a,instr_adapter.c.o,__datamove_tensornom,t,Implemented,reversed-implementation,Implementation symbol covered by function/API-level reverse engineering.
third_party/tx8_deps/lib/libinstr_tx81.a,instr_adapter.c.o,__datamove_transpose,t,Implemented,tx8-support-library,TX8 support-library symbol; behavior is captured by headers and disassembly.
third_party/tx8_deps/lib/libinstr_tx81.a,instr_adapter.c.o,__disable_leakyrelu,t,Implemented,tx8-support-library,TX8 support-library symbol; behavior is captured by headers and disassembly.
third_party/tx8_deps/lib/libinstr_tx81.a,instr_adapter.c.o,__disable_relu,t,Implemented,tx8-support-library,TX8 support-library symbol; behavior is captured by headers and disassembly.
third_party/tx8_deps/lib/libinstr_tx81.a,instr_adapter.c.o,__enable_leakyrelu,t,Implemented,tx8-support-library,TX8 support-library symbol; behavior is captured by headers and disassembly.
third_party/tx8_deps/lib/libinstr_tx81.a,instr_adapter.c.o,__enable_relu,t,Implemented,tx8-support-library,TX8 support-library symbol; behavior is captured by headers and disassembly.
third_party/tx8_deps/lib/libinstr_tx81.a,instr_adapter.c.o,__exe_rdma_1d,t,Implemented,tx8-support-library,TX8 support-library symbol; behavior is captured by headers and disassembly.
third_party/tx8_deps/lib/libinstr_tx81.a,instr_adapter.c.o,__exe_wdma_1d,t,Implemented,tx8-support-library,TX8 support-library symbol; behavior is captured by headers and disassembly.
third_party/tx8_deps/lib/libinstr_tx81.a,instr_adapter.c.o,__execute_ct,T,Implemented,reversed-implementation,Implementation symbol covered by function/API-level reverse engineering.
third_party/tx8_deps/lib/libinstr_tx81.a,instr_adapter.c.o,__execute_ne,T,Implemented,reversed-implementation,Implementation symbol covered by function/API-level reverse engineering.
third_party/tx8_deps/lib/libinstr_tx81.a,instr_adapter.c.o,__execute_rdma,T,Implemented,reversed-implementation,Implementation symbol covered by function/API-level reverse engineering.
third_party/tx8_deps/lib/libinstr_tx81.a,instr_adapter.c.o,__execute_td,T,Implemented,reversed-implementation,Implementation symbol covered by function/API-level reverse engineering.
third_party/tx8_deps/lib/libinstr_tx81.a,instr_adapter.c.o,__execute_wdma,T,Implemented,reversed-implementation,Implementation symbol covered by function/API-level reverse engineering.
third_party/tx8_deps/lib/libinstr_tx81.a,instr_adapter.c.o,__indexd_max_pool,t,Implemented,tx8-support-library,TX8 support-library symbol; behavior is captured by headers and disassembly.
third_party/tx8_deps/lib/libinstr_tx81.a,instr_adapter.c.o,__indexd_min_pool,t,Implemented,tx8-support-library,TX8 support-library symbol; behavior is captured by headers and disassembly.
third_party/tx8_deps/lib/libinstr_tx81.a,instr_adapter.c.o,__logic_V_VV_and,t,Implemented,tx8-support-library,TX8 support-library symbol; behavior is captured by headers and disassembly.
third_party/tx8_deps/lib/libinstr_tx81.a,instr_adapter.c.o,__logic_V_VV_or,t,Implemented,tx8-support-library,TX8 support-library symbol; behavior is captured by headers and disassembly.
third_party/tx8_deps/lib/libinstr_tx81.a,instr_adapter.c.o,__logic_V_VV_xor,t,Implemented,tx8-support-library,TX8 support-library symbol; behavior is captured by headers and disassembly.
third_party/tx8_deps/lib/libinstr_tx81.a,instr_adapter.c.o,__logic_V_V_not,t,Implemented,tx8-support-library,TX8 support-library symbol; behavior is captured by headers and disassembly.
third_party/tx8_deps/lib/libinstr_tx81.a,instr_adapter.c.o,__logic_V_VuV_and,t,Implemented,tx8-support-library,TX8 support-library symbol; behavior is captured by headers and disassembly.
third_party/tx8_deps/lib/libinstr_tx81.a,instr_adapter.c.o,__logic_V_VuV_and_loop,t,Implemented,tx8-support-library,TX8 support-library symbol; behavior is captured by headers and disassembly.
third_party/tx8_deps/lib/libinstr_tx81.a,instr_adapter.c.o,__logic_V_VuV_or,t,Implemented,tx8-support-library,TX8 support-library symbol; behavior is captured by headers and disassembly.
third_party/tx8_deps/lib/libinstr_tx81.a,instr_adapter.c.o,__logic_V_VuV_or_loop,t,Implemented,tx8-support-library,TX8 support-library symbol; behavior is captured by headers and disassembly.
third_party/tx8_deps/lib/libinstr_tx81.a,instr_adapter.c.o,__logic_V_VuV_xor,t,Implemented,tx8-support-library,TX8 support-library symbol; behavior is captured by headers and disassembly.
third_party/tx8_deps/lib/libinstr_tx81.a,instr_adapter.c.o,__logic_V_VuV_xor_loop,t,Implemented,tx8-support-library,TX8 support-library symbol; behavior is captured by headers and disassembly.
third_party/tx8_deps/lib/libinstr_tx81.a,instr_adapter.c.o,__logic_bV_bV_not,t,Implemented,tx8-support-library,TX8 support-library symbol; behavior is captured by headers and disassembly.
third_party/tx8_deps/lib/libinstr_tx81.a,instr_adapter.c.o,__logic_bV_bVbV_and,t,Implemented,tx8-support-library,TX8 support-library symbol; behavior is captured by headers and disassembly.
third_party/tx8_deps/lib/libinstr_tx81.a,instr_adapter.c.o,__logic_bV_bVbV_or,t,Implemented,tx8-support-library,TX8 support-library symbol; behavior is captured by headers and disassembly.
third_party/tx8_deps/lib/libinstr_tx81.a,instr_adapter.c.o,__logic_bV_bVbV_xor,t,Implemented,tx8-support-library,TX8 support-library symbol; behavior is captured by headers and disassembly.
third_party/tx8_deps/lib/libinstr_tx81.a,instr_adapter.c.o,__logic_bV_bVubV_and,t,Implemented,tx8-support-library,TX8 support-library symbol; behavior is captured by headers and disassembly.
third_party/tx8_deps/lib/libinstr_tx81.a,instr_adapter.c.o,__logic_bV_bVubV_and_loop,t,Implemented,tx8-support-library,TX8 support-library symbol; behavior is captured by headers and disassembly.
third_party/tx8_deps/lib/libinstr_tx81.a,instr_adapter.c.o,__logic_bV_bVubV_or,t,Implemented,tx8-support-library,TX8 support-library symbol; behavior is captured by headers and disassembly.
third_party/tx8_deps/lib/libinstr_tx81.a,instr_adapter.c.o,__logic_bV_bVubV_or_loop,t,Implemented,tx8-support-library,TX8 support-library symbol; behavior is captured by headers and disassembly.
third_party/tx8_deps/lib/libinstr_tx81.a,instr_adapter.c.o,__logic_bV_bVubV_xor,t,Implemented,tx8-support-library,TX8 support-library symbol; behavior is captured by headers and disassembly.
third_party/tx8_deps/lib/libinstr_tx81.a,instr_adapter.c.o,__logic_bV_bVubV_xor_loop,t,Implemented,tx8-support-library,TX8 support-library symbol; behavior is captured by headers and disassembly.
third_party/tx8_deps/lib/libinstr_tx81.a,instr_adapter.c.o,__maskgather_v_bv,t,Implemented,tx8-support-library,TX8 support-library symbol; behavior is captured by headers and disassembly.
third_party/tx8_deps/lib/libinstr_tx81.a,instr_adapter.c.o,__maskgather_vv,t,Implemented,tx8-support-library,TX8 support-library symbol; behavior is captured by headers and disassembly.
third_party/tx8_deps/lib/libinstr_tx81.a,instr_adapter.c.o,__maskmove_vv,t,Implemented,tx8-support-library,TX8 support-library symbol; behavior is captured by headers and disassembly.
third_party/tx8_deps/lib/libinstr_tx81.a,instr_adapter.c.o,__max_pool,t,Implemented,tx8-support-library,TX8 support-library symbol; behavior is captured by headers and disassembly.
third_party/tx8_deps/lib/libinstr_tx81.a,instr_adapter.c.o,__min_pool,t,Implemented,tx8-support-library,TX8 support-library symbol; behavior is captured by headers and disassembly.
third_party/tx8_deps/lib/libinstr_tx81.a,instr_adapter.c.o,__peripheral_argmax,t,Implemented,tx8-support-library,TX8 support-library symbol; behavior is captured by headers and disassembly.
third_party/tx8_deps/lib/libinstr_tx81.a,instr_adapter.c.o,__peripheral_argmin,t,Implemented,tx8-support-library,TX8 support-library symbol; behavior is captured by headers and disassembly.
third_party/tx8_deps/lib/libinstr_tx81.a,instr_adapter.c.o,__peripheral_bilinear,t,Implemented,tx8-support-library,TX8 support-library symbol; behavior is captured by headers and disassembly.
third_party/tx8_deps/lib/libinstr_tx81.a,instr_adapter.c.o,__peripheral_bit2fp,t,Implemented,tx8-support-library,TX8 support-library symbol; behavior is captured by headers and disassembly.
third_party/tx8_deps/lib/libinstr_tx81.a,instr_adapter.c.o,__peripheral_count,t,Implemented,tx8-support-library,TX8 support-library symbol; behavior is captured by headers and disassembly.
third_party/tx8_deps/lib/libinstr_tx81.a,instr_adapter.c.o,__peripheral_elem_mask,t,Implemented,tx8-support-library,TX8 support-library symbol; behavior is captured by headers and disassembly.
third_party/tx8_deps/lib/libinstr_tx81.a,instr_adapter.c.o,__peripheral_factorize,t,Implemented,tx8-support-library,TX8 support-library symbol; behavior is captured by headers and disassembly.
third_party/tx8_deps/lib/libinstr_tx81.a,instr_adapter.c.o,__peripheral_lut16,t,Implemented,tx8-support-library,TX8 support-library symbol; behavior is captured by headers and disassembly.
third_party/tx8_deps/lib/libinstr_tx81.a,instr_adapter.c.o,__peripheral_lut32,t,Implemented,tx8-support-library,TX8 support-library symbol; behavior is captured by headers and disassembly.
third_party/tx8_deps/lib/libinstr_tx81.a,instr_adapter.c.o,__peripheral_memset,t,Implemented,tx8-support-library,TX8 support-library symbol; behavior is captured by headers and disassembly.
third_party/tx8_deps/lib/libinstr_tx81.a,instr_adapter.c.o,__peripheral_rand_gen,t,Implemented,tx8-support-library,TX8 support-library symbol; behavior is captured by headers and disassembly.
third_party/tx8_deps/lib/libinstr_tx81.a,instr_adapter.c.o,__reduce_avg,t,Implemented,tx8-support-library,TX8 support-library symbol; behavior is captured by headers and disassembly.
third_party/tx8_deps/lib/libinstr_tx81.a,instr_adapter.c.o,__reduce_max,t,Implemented,tx8-support-library,TX8 support-library symbol; behavior is captured by headers and disassembly.
third_party/tx8_deps/lib/libinstr_tx81.a,instr_adapter.c.o,__reduce_min,t,Implemented,tx8-support-library,TX8 support-library symbol; behavior is captured by headers and disassembly.
third_party/tx8_deps/lib/libinstr_tx81.a,instr_adapter.c.o,__reduce_sum,t,Implemented,tx8-support-library,TX8 support-library symbol; behavior is captured by headers and disassembly.
third_party/tx8_deps/lib/libinstr_tx81.a,instr_adapter.c.o,__relation_V_VS_eq,t,Implemented,tx8-support-library,TX8 support-library symbol; behavior is captured by headers and disassembly.
third_party/tx8_deps/lib/libinstr_tx81.a,instr_adapter.c.o,__relation_V_VS_ge,t,Implemented,tx8-support-library,TX8 support-library symbol; behavior is captured by headers and disassembly.
third_party/tx8_deps/lib/libinstr_tx81.a,instr_adapter.c.o,__relation_V_VS_gt,t,Implemented,tx8-support-library,TX8 support-library symbol; behavior is captured by headers and disassembly.
third_party/tx8_deps/lib/libinstr_tx81.a,instr_adapter.c.o,__relation_V_VS_le,t,Implemented,tx8-support-library,TX8 support-library symbol; behavior is captured by headers and disassembly.
third_party/tx8_deps/lib/libinstr_tx81.a,instr_adapter.c.o,__relation_V_VS_lt,t,Implemented,tx8-support-library,TX8 support-library symbol; behavior is captured by headers and disassembly.
third_party/tx8_deps/lib/libinstr_tx81.a,instr_adapter.c.o,__relation_V_VS_ne,t,Implemented,tx8-support-library,TX8 support-library symbol; behavior is captured by headers and disassembly.
third_party/tx8_deps/lib/libinstr_tx81.a,instr_adapter.c.o,__relation_V_VV_eq,t,Implemented,tx8-support-library,TX8 support-library symbol; behavior is captured by headers and disassembly.
third_party/tx8_deps/lib/libinstr_tx81.a,instr_adapter.c.o,__relation_V_VV_ge,t,Implemented,tx8-support-library,TX8 support-library symbol; behavior is captured by headers and disassembly.
third_party/tx8_deps/lib/libinstr_tx81.a,instr_adapter.c.o,__relation_V_VV_gt,t,Implemented,tx8-support-library,TX8 support-library symbol; behavior is captured by headers and disassembly.
third_party/tx8_deps/lib/libinstr_tx81.a,instr_adapter.c.o,__relation_V_VV_le,t,Implemented,tx8-support-library,TX8 support-library symbol; behavior is captured by headers and disassembly.
third_party/tx8_deps/lib/libinstr_tx81.a,instr_adapter.c.o,__relation_V_VV_lt,t,Implemented,tx8-support-library,TX8 support-library symbol; behavior is captured by headers and disassembly.
third_party/tx8_deps/lib/libinstr_tx81.a,instr_adapter.c.o,__relation_V_VV_ne,t,Implemented,tx8-support-library,TX8 support-library symbol; behavior is captured by headers and disassembly.
third_party/tx8_deps/lib/libinstr_tx81.a,instr_adapter.c.o,__relation_V_VuV_eq,t,Implemented,tx8-support-library,TX8 support-library symbol; behavior is captured by headers and disassembly.
third_party/tx8_deps/lib/libinstr_tx81.a,instr_adapter.c.o,__relation_V_VuV_eq_loop,t,Implemented,tx8-support-library,TX8 support-library symbol; behavior is captured by headers and disassembly.
third_party/tx8_deps/lib/libinstr_tx81.a,instr_adapter.c.o,__relation_V_VuV_ge,t,Implemented,tx8-support-library,TX8 support-library symbol; behavior is captured by headers and disassembly.
third_party/tx8_deps/lib/libinstr_tx81.a,instr_adapter.c.o,__relation_V_VuV_ge_loop,t,Implemented,tx8-support-library,TX8 support-library symbol; behavior is captured by headers and disassembly.
third_party/tx8_deps/lib/libinstr_tx81.a,instr_adapter.c.o,__relation_V_VuV_gt,t,Implemented,tx8-support-library,TX8 support-library symbol; behavior is captured by headers and disassembly.
third_party/tx8_deps/lib/libinstr_tx81.a,instr_adapter.c.o,__relation_V_VuV_gt_loop,t,Implemented,tx8-support-library,TX8 support-library symbol; behavior is captured by headers and disassembly.
third_party/tx8_deps/lib/libinstr_tx81.a,instr_adapter.c.o,__relation_V_VuV_le,t,Implemented,tx8-support-library,TX8 support-library symbol; behavior is captured by headers and disassembly.
third_party/tx8_deps/lib/libinstr_tx81.a,instr_adapter.c.o,__relation_V_VuV_le_loop,t,Implemented,tx8-support-library,TX8 support-library symbol; behavior is captured by headers and disassembly.
third_party/tx8_deps/lib/libinstr_tx81.a,instr_adapter.c.o,__relation_V_VuV_lt,t,Implemented,tx8-support-library,TX8 support-library symbol; behavior is captured by headers and disassembly.
third_party/tx8_deps/lib/libinstr_tx81.a,instr_adapter.c.o,__relation_V_VuV_lt_loop,t,Implemented,tx8-support-library,TX8 support-library symbol; behavior is captured by headers and disassembly.
third_party/tx8_deps/lib/libinstr_tx81.a,instr_adapter.c.o,__relation_V_VuV_ne,t,Implemented,tx8-support-library,TX8 support-library symbol; behavior is captured by headers and disassembly.
third_party/tx8_deps/lib/libinstr_tx81.a,instr_adapter.c.o,__relation_V_VuV_ne_loop,t,Implemented,tx8-support-library,TX8 support-library symbol; behavior is captured by headers and disassembly.
third_party/tx8_deps/lib/libinstr_tx81.a,instr_adapter.c.o,__relation_bV_VS_eq,t,Implemented,tx8-support-library,TX8 support-library symbol; behavior is captured by headers and disassembly.
third_party/tx8_deps/lib/libinstr_tx81.a,instr_adapter.c.o,__relation_bV_VS_ge,t,Implemented,tx8-support-library,TX8 support-library symbol; behavior is captured by headers and disassembly.
third_party/tx8_deps/lib/libinstr_tx81.a,instr_adapter.c.o,__relation_bV_VS_gt,t,Implemented,tx8-support-library,TX8 support-library symbol; behavior is captured by headers and disassembly.
third_party/tx8_deps/lib/libinstr_tx81.a,instr_adapter.c.o,__relation_bV_VS_le,t,Implemented,tx8-support-library,TX8 support-library symbol; behavior is captured by headers and disassembly.
third_party/tx8_deps/lib/libinstr_tx81.a,instr_adapter.c.o,__relation_bV_VS_lt,t,Implemented,tx8-support-library,TX8 support-library symbol; behavior is captured by headers and disassembly.
third_party/tx8_deps/lib/libinstr_tx81.a,instr_adapter.c.o,__relation_bV_VS_ne,t,Implemented,tx8-support-library,TX8 support-library symbol; behavior is captured by headers and disassembly.
third_party/tx8_deps/lib/libinstr_tx81.a,instr_adapter.c.o,__relation_bV_VV_eq,t,Implemented,tx8-support-library,TX8 support-library symbol; behavior is captured by headers and disassembly.
third_party/tx8_deps/lib/libinstr_tx81.a,instr_adapter.c.o,__relation_bV_VV_ge,t,Implemented,tx8-support-library,TX8 support-library symbol; behavior is captured by headers and disassembly.
third_party/tx8_deps/lib/libinstr_tx81.a,instr_adapter.c.o,__relation_bV_VV_gt,t,Implemented,tx8-support-library,TX8 support-library symbol; behavior is captured by headers and disassembly.
third_party/tx8_deps/lib/libinstr_tx81.a,instr_adapter.c.o,__relation_bV_VV_le,t,Implemented,tx8-support-library,TX8 support-library symbol; behavior is captured by headers and disassembly.
third_party/tx8_deps/lib/libinstr_tx81.a,instr_adapter.c.o,__relation_bV_VV_lt,t,Implemented,tx8-support-library,TX8 support-library symbol; behavior is captured by headers and disassembly.
third_party/tx8_deps/lib/libinstr_tx81.a,instr_adapter.c.o,__relation_bV_VV_ne,t,Implemented,tx8-support-library,TX8 support-library symbol; behavior is captured by headers and disassembly.
third_party/tx8_deps/lib/libinstr_tx81.a,instr_adapter.c.o,__relation_bV_VuV_eq,t,Implemented,tx8-support-library,TX8 support-library symbol; behavior is captured by headers and disassembly.
third_party/tx8_deps/lib/libinstr_tx81.a,instr_adapter.c.o,__relation_bV_VuV_eq_loop,t,Implemented,tx8-support-library,TX8 support-library symbol; behavior is captured by headers and disassembly.
third_party/tx8_deps/lib/libinstr_tx81.a,instr_adapter.c.o,__relation_bV_VuV_ge,t,Implemented,tx8-support-library,TX8 support-library symbol; behavior is captured by headers and disassembly.
third_party/tx8_deps/lib/libinstr_tx81.a,instr_adapter.c.o,__relation_bV_VuV_ge_loop,t,Implemented,tx8-support-library,TX8 support-library symbol; behavior is captured by headers and disassembly.
third_party/tx8_deps/lib/libinstr_tx81.a,instr_adapter.c.o,__relation_bV_VuV_gt,t,Implemented,tx8-support-library,TX8 support-library symbol; behavior is captured by headers and disassembly.
third_party/tx8_deps/lib/libinstr_tx81.a,instr_adapter.c.o,__relation_bV_VuV_gt_loop,t,Implemented,tx8-support-library,TX8 support-library symbol; behavior is captured by headers and disassembly.
third_party/tx8_deps/lib/libinstr_tx81.a,instr_adapter.c.o,__relation_bV_VuV_le,t,Implemented,tx8-support-library,TX8 support-library symbol; behavior is captured by headers and disassembly.
third_party/tx8_deps/lib/libinstr_tx81.a,instr_adapter.c.o,__relation_bV_VuV_le_loop,t,Implemented,tx8-support-library,TX8 support-library symbol; behavior is captured by headers and disassembly.
third_party/tx8_deps/lib/libinstr_tx81.a,instr_adapter.c.o,__relation_bV_VuV_lt,t,Implemented,tx8-support-library,TX8 support-library symbol; behavior is captured by headers and disassembly.
third_party/tx8_deps/lib/libinstr_tx81.a,instr_adapter.c.o,__relation_bV_VuV_lt_loop,t,Implemented,tx8-support-library,TX8 support-library symbol; behavior is captured by headers and disassembly.
third_party/tx8_deps/lib/libinstr_tx81.a,instr_adapter.c.o,__relation_bV_VuV_ne,t,Implemented,tx8-support-library,TX8 support-library symbol; behavior is captured by headers and disassembly.
third_party/tx8_deps/lib/libinstr_tx81.a,instr_adapter.c.o,__relation_bV_VuV_ne_loop,t,Implemented,tx8-support-library,TX8 support-library symbol; behavior is captured by headers and disassembly.
third_party/tx8_deps/lib/libinstr_tx81.a,instr_adapter.c.o,__set_conv_bias,t,Implemented,tx8-support-library,TX8 support-library symbol; behavior is captured by headers and disassembly.
third_party/tx8_deps/lib/libinstr_tx81.a,instr_adapter.c.o,__set_conv_dilations,t,Implemented,tx8-support-library,TX8 support-library symbol; behavior is captured by headers and disassembly.
third_party/tx8_deps/lib/libinstr_tx81.a,instr_adapter.c.o,__set_conv_input,t,Implemented,tx8-support-library,TX8 support-library symbol; behavior is captured by headers and disassembly.
third_party/tx8_deps/lib/libinstr_tx81.a,instr_adapter.c.o,__set_conv_kernel_strides,t,Implemented,tx8-support-library,TX8 support-library symbol; behavior is captured by headers and disassembly.
third_party/tx8_deps/lib/libinstr_tx81.a,instr_adapter.c.o,__set_conv_output,t,Implemented,tx8-support-library,TX8 support-library symbol; behavior is captured by headers and disassembly.
third_party/tx8_deps/lib/libinstr_tx81.a,instr_adapter.c.o,__set_conv_pads,t,Implemented,tx8-support-library,TX8 support-library symbol; behavior is captured by headers and disassembly.
third_party/tx8_deps/lib/libinstr_tx81.a,instr_adapter.c.o,__set_conv_quant,t,Implemented,tx8-support-library,TX8 support-library symbol; behavior is captured by headers and disassembly.
third_party/tx8_deps/lib/libinstr_tx81.a,instr_adapter.c.o,__set_conv_scale_n,t,Implemented,tx8-support-library,TX8 support-library symbol; behavior is captured by headers and disassembly.
third_party/tx8_deps/lib/libinstr_tx81.a,instr_adapter.c.o,__set_conv_scale_p,t,Implemented,tx8-support-library,TX8 support-library symbol; behavior is captured by headers and disassembly.
third_party/tx8_deps/lib/libinstr_tx81.a,instr_adapter.c.o,__set_conv_sparse,t,Implemented,tx8-support-library,TX8 support-library symbol; behavior is captured by headers and disassembly.
third_party/tx8_deps/lib/libinstr_tx81.a,instr_adapter.c.o,__set_conv_type,t,Implemented,tx8-support-library,TX8 support-library symbol; behavior is captured by headers and disassembly.
third_party/tx8_deps/lib/libinstr_tx81.a,instr_adapter.c.o,__set_conv_unpads,t,Implemented,tx8-support-library,TX8 support-library symbol; behavior is captured by headers and disassembly.
third_party/tx8_deps/lib/libinstr_tx81.a,instr_adapter.c.o,__set_conv_weight,t,Implemented,tx8-support-library,TX8 support-library symbol; behavior is captured by headers and disassembly.
third_party/tx8_deps/lib/libinstr_tx81.a,instr_adapter.c.o,__set_gemm_batch,t,Implemented,tx8-support-library,TX8 support-library symbol; behavior is captured by headers and disassembly.
third_party/tx8_deps/lib/libinstr_tx81.a,instr_adapter.c.o,__set_gemm_bias,t,Implemented,tx8-support-library,TX8 support-library symbol; behavior is captured by headers and disassembly.
third_party/tx8_deps/lib/libinstr_tx81.a,instr_adapter.c.o,__set_gemm_input,t,Implemented,tx8-support-library,TX8 support-library symbol; behavior is captured by headers and disassembly.
third_party/tx8_deps/lib/libinstr_tx81.a,instr_adapter.c.o,__set_gemm_mkn,t,Implemented,tx8-support-library,TX8 support-library symbol; behavior is captured by headers and disassembly.
third_party/tx8_deps/lib/libinstr_tx81.a,instr_adapter.c.o,__set_gemm_output,t,Implemented,tx8-support-library,TX8 support-library symbol; behavior is captured by headers and disassembly.
third_party/tx8_deps/lib/libinstr_tx81.a,instr_adapter.c.o,__set_gemm_quant,t,Implemented,tx8-support-library,TX8 support-library symbol; behavior is captured by headers and disassembly.
third_party/tx8_deps/lib/libinstr_tx81.a,instr_adapter.c.o,__set_gemm_scalen,t,Implemented,tx8-support-library,TX8 support-library symbol; behavior is captured by headers and disassembly.
third_party/tx8_deps/lib/libinstr_tx81.a,instr_adapter.c.o,__set_gemm_scalep,t,Implemented,tx8-support-library,TX8 support-library symbol; behavior is captured by headers and disassembly.
third_party/tx8_deps/lib/libinstr_tx81.a,instr_adapter.c.o,__set_gemm_trans,t,Implemented,tx8-support-library,TX8 support-library symbol; behavior is captured by headers and disassembly.
third_party/tx8_deps/lib/libinstr_tx81.a,instr_adapter.c.o,__set_psum,t,Implemented,tx8-support-library,TX8 support-library symbol; behavior is captured by headers and disassembly.
third_party/tx8_deps/lib/libinstr_tx81.a,instr_adapter.c.o,__set_rdma_config,t,Implemented,tx8-support-library,TX8 support-library symbol; behavior is captured by headers and disassembly.
third_party/tx8_deps/lib/libinstr_tx81.a,instr_adapter.c.o,__set_rdma_src_dst,t,Implemented,tx8-support-library,TX8 support-library symbol; behavior is captured by headers and disassembly.
third_party/tx8_deps/lib/libinstr_tx81.a,instr_adapter.c.o,__set_wdma_config,t,Implemented,tx8-support-library,TX8 support-library symbol; behavior is captured by headers and disassembly.
third_party/tx8_deps/lib/libinstr_tx81.a,instr_adapter.c.o,__set_wdma_src_dst,t,Implemented,tx8-support-library,TX8 support-library symbol; behavior is captured by headers and disassembly.
third_party/tx8_deps/lib/libinstr_tx81.a,instr_adapter.c.o,__sum_pool,t,Implemented,tx8-support-library,TX8 support-library symbol; behavior is captured by headers and disassembly.
third_party/tx8_deps/lib/libinstr_tx81.a,instr_adapter.c.o,__transcendtal_cos,t,Implemented,tx8-support-library,TX8 support-library symbol; behavior is captured by headers and disassembly.
third_party/tx8_deps/lib/libinstr_tx81.a,instr_adapter.c.o,__transcendtal_exp,t,Implemented,tx8-support-library,TX8 support-library symbol; behavior is captured by headers and disassembly.
third_party/tx8_deps/lib/libinstr_tx81.a,instr_adapter.c.o,__transcendtal_exp_lp,t,Implemented,tx8-support-library,TX8 support-library symbol; behavior is captured by headers and disassembly.
third_party/tx8_deps/lib/libinstr_tx81.a,instr_adapter.c.o,__transcendtal_ln,t,Implemented,tx8-support-library,TX8 support-library symbol; behavior is captured by headers and disassembly.
third_party/tx8_deps/lib/libinstr_tx81.a,instr_adapter.c.o,__transcendtal_log2,t,Implemented,tx8-support-library,TX8 support-library symbol; behavior is captured by headers and disassembly.
third_party/tx8_deps/lib/libinstr_tx81.a,instr_adapter.c.o,__transcendtal_pow2,t,Implemented,tx8-support-library,TX8 support-library symbol; behavior is captured by headers and disassembly.
third_party/tx8_deps/lib/libinstr_tx81.a,instr_adapter.c.o,__transcendtal_sin,t,Implemented,tx8-support-library,TX8 support-library symbol; behavior is captured by headers and disassembly.
third_party/tx8_deps/lib/libinstr_tx81.a,instr_adapter.c.o,__unpool,t,Implemented,tx8-support-library,TX8 support-library symbol; behavior is captured by headers and disassembly.
third_party/tx8_deps/lib/libinstr_tx81.a,instr_adapter.c.o,__unpool_avg,t,Implemented,tx8-support-library,TX8 support-library symbol; behavior is captured by headers and disassembly.
third_party/tx8_deps/lib/libinstr_tx81.a,instr_adapter.c.o,__unpool_idx,t,Implemented,tx8-support-library,TX8 support-library symbol; behavior is captured by headers and disassembly.
third_party/tx8_deps/lib/libinstr_tx81.a,instr_adapter.c.o,__v_v_abs,t,Implemented,tx8-support-library,TX8 support-library symbol; behavior is captured by headers and disassembly.
third_party/tx8_deps/lib/libinstr_tx81.a,instr_adapter.c.o,__v_v_neg,t,Implemented,tx8-support-library,TX8 support-library symbol; behavior is captured by headers and disassembly.
third_party/tx8_deps/lib/libinstr_tx81.a,instr_adapter.c.o,__v_v_recip,t,Implemented,tx8-support-library,TX8 support-library symbol; behavior is captured by headers and disassembly.
third_party/tx8_deps/lib/libinstr_tx81.a,instr_adapter.c.o,__v_v_rsqrt,t,Implemented,tx8-support-library,TX8 support-library symbol; behavior is captured by headers and disassembly.
third_party/tx8_deps/lib/libinstr_tx81.a,instr_adapter.c.o,__v_v_sqrt,t,Implemented,tx8-support-library,TX8 support-library symbol; behavior is captured by headers and disassembly.
third_party/tx8_deps/lib/libinstr_tx81.a,instr_adapter.c.o,__v_v_square,t,Implemented,tx8-support-library,TX8 support-library symbol; behavior is captured by headers and disassembly.
third_party/tx8_deps/lib/libinstr_tx81.a,instr_adapter.c.o,__v_vs_add,t,Implemented,tx8-support-library,TX8 support-library symbol; behavior is captured by headers and disassembly.
third_party/tx8_deps/lib/libinstr_tx81.a,instr_adapter.c.o,__v_vs_div,t,Implemented,tx8-support-library,TX8 support-library symbol; behavior is captured by headers and disassembly.
third_party/tx8_deps/lib/libinstr_tx81.a,instr_adapter.c.o,__v_vs_max,t,Implemented,tx8-support-library,TX8 support-library symbol; behavior is captured by headers and disassembly.
third_party/tx8_deps/lib/libinstr_tx81.a,instr_adapter.c.o,__v_vs_min,t,Implemented,tx8-support-library,TX8 support-library symbol; behavior is captured by headers and disassembly.
third_party/tx8_deps/lib/libinstr_tx81.a,instr_adapter.c.o,__v_vs_mul,t,Implemented,tx8-support-library,TX8 support-library symbol; behavior is captured by headers and disassembly.
third_party/tx8_deps/lib/libinstr_tx81.a,instr_adapter.c.o,__v_vs_sub,t,Implemented,tx8-support-library,TX8 support-library symbol; behavior is captured by headers and disassembly.
third_party/tx8_deps/lib/libinstr_tx81.a,instr_adapter.c.o,__v_vuv_add,t,Implemented,tx8-support-library,TX8 support-library symbol; behavior is captured by headers and disassembly.
third_party/tx8_deps/lib/libinstr_tx81.a,instr_adapter.c.o,__v_vuv_add_loop,t,Implemented,tx8-support-library,TX8 support-library symbol; behavior is captured by headers and disassembly.
third_party/tx8_deps/lib/libinstr_tx81.a,instr_adapter.c.o,__v_vuv_div,t,Implemented,tx8-support-library,TX8 support-library symbol; behavior is captured by headers and disassembly.
third_party/tx8_deps/lib/libinstr_tx81.a,instr_adapter.c.o,__v_vuv_div_loop,t,Implemented,tx8-support-library,TX8 support-library symbol; behavior is captured by headers and disassembly.
third_party/tx8_deps/lib/libinstr_tx81.a,instr_adapter.c.o,__v_vuv_max,t,Implemented,tx8-support-library,TX8 support-library symbol; behavior is captured by headers and disassembly.
third_party/tx8_deps/lib/libinstr_tx81.a,instr_adapter.c.o,__v_vuv_max_loop,t,Implemented,tx8-support-library,TX8 support-library symbol; behavior is captured by headers and disassembly.
third_party/tx8_deps/lib/libinstr_tx81.a,instr_adapter.c.o,__v_vuv_min,t,Implemented,tx8-support-library,TX8 support-library symbol; behavior is captured by headers and disassembly.
third_party/tx8_deps/lib/libinstr_tx81.a,instr_adapter.c.o,__v_vuv_min_loop,t,Implemented,tx8-support-library,TX8 support-library symbol; behavior is captured by headers and disassembly.
third_party/tx8_deps/lib/libinstr_tx81.a,instr_adapter.c.o,__v_vuv_mul,t,Implemented,tx8-support-library,TX8 support-library symbol; behavior is captured by headers and disassembly.
third_party/tx8_deps/lib/libinstr_tx81.a,instr_adapter.c.o,__v_vuv_mul_loop,t,Implemented,tx8-support-library,TX8 support-library symbol; behavior is captured by headers and disassembly.
third_party/tx8_deps/lib/libinstr_tx81.a,instr_adapter.c.o,__v_vuv_sub,t,Implemented,tx8-support-library,TX8 support-library symbol; behavior is captured by headers and disassembly.
third_party/tx8_deps/lib/libinstr_tx81.a,instr_adapter.c.o,__v_vuv_sub_loop,t,Implemented,tx8-support-library,TX8 support-library symbol; behavior is captured by headers and disassembly.
third_party/tx8_deps/lib/libinstr_tx81.a,instr_adapter.c.o,__v_vv_add,t,Implemented,tx8-support-library,TX8 support-library symbol; behavior is captured by headers and disassembly.
third_party/tx8_deps/lib/libinstr_tx81.a,instr_adapter.c.o,__v_vv_div,t,Implemented,tx8-support-library,TX8 support-library symbol; behavior is captured by headers and disassembly.
third_party/tx8_deps/lib/libinstr_tx81.a,instr_adapter.c.o,__v_vv_max,t,Implemented,tx8-support-library,TX8 support-library symbol; behavior is captured by headers and disassembly.
third_party/tx8_deps/lib/libinstr_tx81.a,instr_adapter.c.o,__v_vv_min,t,Implemented,tx8-support-library,TX8 support-library symbol; behavior is captured by headers and disassembly.
third_party/tx8_deps/lib/libinstr_tx81.a,instr_adapter.c.o,__v_vv_mul,t,Implemented,tx8-support-library,TX8 support-library symbol; behavior is captured by headers and disassembly.
third_party/tx8_deps/lib/libinstr_tx81.a,instr_adapter.c.o,__v_vv_sub,t,Implemented,tx8-support-library,TX8 support-library symbol; behavior is captured by headers and disassembly.
third_party/tx8_deps/lib/libinstr_tx81.a,instr_adapter.c.o,device_ddr_base,B,Implemented,tx8-support-library,TX8 support-library symbol; behavior is captured by headers and disassembly.
third_party/tx8_deps/lib/libinstr_tx81.a,instr_adapter.c.o,g_instr_param_buf_wptr,b,Implemented,tx8-support-library,TX8 support-library symbol; behavior is captured by headers and disassembly.
third_party/tx8_deps/lib/libinstr_tx81.a,instr_adapter.c.o,get_device_ddr_base,T,Implemented,tx8-support-library,TX8 support-library symbol; behavior is captured by headers and disassembly.
third_party/tx8_deps/lib/libinstr_tx81.a,instr_adapter.c.o,print_data_end,T,Implemented,tx8-support-library,TX8 support-library symbol; behavior is captured by headers and disassembly.
third_party/tx8_deps/lib/libinstr_tx81.a,instr_adapter.c.o,print_data_start,T,Implemented,tx8-support-library,TX8 support-library symbol; behavior is captured by headers and disassembly.
third_party/tx8_deps/lib/libinstr_tx81.a,instr_adapter.c.o,set_device_ddr_base,T,Implemented,tx8-support-library,TX8 support-library symbol; behavior is captured by headers and disassembly.
third_party/tx8_deps/lib/libinstr_tx81.a,instr_adapter.c.o,__execute_sc,T,Reserved,reserved-scalar,SCALAR path is stub/reserved in the current reversed dependency set.
third_party/tx8_deps/lib/libinstr_tx81.a,instr_adapter_opt.c.o,__ct__ctrl_reg_value,T,Implemented,tx8-support-library,TX8 support-library symbol; behavior is captured by headers and disassembly.
third_party/tx8_deps/lib/libinstr_tx81.a,instr_adapter_opt.c.o,__ct_execute_argmaxmin,T,Implemented,tx8-support-library,TX8 support-library symbol; behavior is captured by headers and disassembly.
third_party/tx8_deps/lib/libinstr_tx81.a,instr_adapter_opt.c.o,__ct_get_argmaxmin_result,T,Implemented,tx8-support-library,TX8 support-library symbol; behavior is captured by headers and disassembly.
third_party/tx8_deps/lib/libinstr_tx81.a,instr_adapter_opt.c.o,__ct_init_argmaxmin,T,Implemented,tx8-support-library,TX8 support-library symbol; behavior is captured by headers and disassembly.
third_party/tx8_deps/lib/libinstr_tx81.a,instr_adapter_opt.c.o,__execute_ct_argmaxmin,T,Implemented,reversed-implementation,Implementation symbol covered by function/API-level reverse engineering.
third_party/tx8_deps/lib/libinstr_tx81.a,instr_adapter_opt.c.o,g_instr_param_buf_wptr,b,Implemented,tx8-support-library,TX8 support-library symbol; behavior is captured by headers and disassembly.
third_party/tx8_deps/lib/libinstr_tx81.a,intrinsic_riscv.c.o,__func__.0,r,Implemented,tx8-support-library,TX8 support-library symbol; behavior is captured by headers and disassembly.
third_party/tx8_deps/lib/libinstr_tx81.a,intrinsic_riscv.c.o,compare_data,T,Implemented,tx8-support-library,TX8 support-library symbol; behavior is captured by headers and disassembly.
third_party/tx8_deps/lib/libinstr_tx81.a,intrinsic_riscv.c.o,freeTsmOpPointer,T,Implemented,tx8-support-library,TX8 support-library symbol; behavior is captured by headers and disassembly.
third_party/tx8_deps/lib/libinstr_tx81.a,intrinsic_riscv.c.o,g_intrinsic,T,Implemented,tx8-support-library,TX8 support-library symbol; behavior is captured by headers and disassembly.
third_party/tx8_deps/lib/libinstr_tx81.a,intrinsic_riscv.c.o,getTsmOpPointer,T,Implemented,tx8-support-library,TX8 support-library symbol; behavior is captured by headers and disassembly.
third_party/tx8_deps/lib/libinstr_tx81.a,intrinsic_riscv.c.o,get_ncc_reg,T,Implemented,tx8-support-library,TX8 support-library symbol; behavior is captured by headers and disassembly.
third_party/tx8_deps/lib/libinstr_tx81.a,intrinsic_riscv.c.o,getreg,T,Implemented,tx8-support-library,TX8 support-library symbol; behavior is captured by headers and disassembly.
third_party/tx8_deps/lib/libinstr_tx81.a,intrinsic_riscv.c.o,globaltsmOphandle,b,Implemented,tx8-support-library,TX8 support-library symbol; behavior is captured by headers and disassembly.
third_party/tx8_deps/lib/libinstr_tx81.a,intrinsic_riscv.c.o,initTsmOpPointer,T,Implemented,tx8-support-library,TX8 support-library symbol; behavior is captured by headers and disassembly.
third_party/tx8_deps/lib/libinstr_tx81.a,intrinsic_riscv.c.o,module_cleanup,T,Implemented,tx8-support-library,TX8 support-library symbol; behavior is captured by headers and disassembly.
third_party/tx8_deps/lib/libinstr_tx81.a,intrinsic_riscv.c.o,module_init,T,Implemented,tx8-support-library,TX8 support-library symbol; behavior is captured by headers and disassembly.
third_party/tx8_deps/lib/libinstr_tx81.a,intrinsic_riscv.c.o,rce_instr_wait_finish,T,Implemented,tx8-support-library,TX8 support-library symbol; behavior is captured by headers and disassembly.
third_party/tx8_deps/lib/liblibc_stub.a,fcntl.c.o,fcntl,T,Dependency,libc-shim,"Kcore libc compatibility shim; dependency boundary, not compiler ABI."
third_party/tx8_deps/lib/liblibc_stub.a,lib_msleep.c.o,msleep,W,Dependency,libc-shim,"Kcore libc compatibility shim; dependency boundary, not compiler ABI."
third_party/tx8_deps/lib/liblibc_stub.a,lib_sleep.c.o,sleep,W,Dependency,libc-shim,"Kcore libc compatibility shim; dependency boundary, not compiler ABI."
third_party/tx8_deps/lib/liblibc_stub.a,lib_usleep.c.o,usleep,W,Dependency,libc-shim,"Kcore libc compatibility shim; dependency boundary, not compiler ABI."
third_party/tx8_deps/lib/liblibc_stub.a,newlib_stub.c.o,_calloc_r,T,Dependency,libc-shim,"Kcore libc compatibility shim; dependency boundary, not compiler ABI."
third_party/tx8_deps/lib/liblibc_stub.a,newlib_stub.c.o,_close_r,T,Dependency,libc-shim,"Kcore libc compatibility shim; dependency boundary, not compiler ABI."
third_party/tx8_deps/lib/liblibc_stub.a,newlib_stub.c.o,_execve_r,T,Dependency,libc-shim,"Kcore libc compatibility shim; dependency boundary, not compiler ABI."
third_party/tx8_deps/lib/liblibc_stub.a,newlib_stub.c.o,_exit,T,Dependency,libc-shim,"Kcore libc compatibility shim; dependency boundary, not compiler ABI."
third_party/tx8_deps/lib/liblibc_stub.a,newlib_stub.c.o,_fcntl_r,T,Dependency,libc-shim,"Kcore libc compatibility shim; dependency boundary, not compiler ABI."
third_party/tx8_deps/lib/liblibc_stub.a,newlib_stub.c.o,_fini,W,Dependency,libc-shim,"Kcore libc compatibility shim; dependency boundary, not compiler ABI."
third_party/tx8_deps/lib/liblibc_stub.a,newlib_stub.c.o,_fork_r,T,Dependency,libc-shim,"Kcore libc compatibility shim; dependency boundary, not compiler ABI."
third_party/tx8_deps/lib/liblibc_stub.a,newlib_stub.c.o,_free_r,T,Dependency,libc-shim,"Kcore libc compatibility shim; dependency boundary, not compiler ABI."
third_party/tx8_deps/lib/liblibc_stub.a,newlib_stub.c.o,_fstat_r,T,Dependency,libc-shim,"Kcore libc compatibility shim; dependency boundary, not compiler ABI."
third_party/tx8_deps/lib/liblibc_stub.a,newlib_stub.c.o,_getpid_r,T,Dependency,libc-shim,"Kcore libc compatibility shim; dependency boundary, not compiler ABI."
third_party/tx8_deps/lib/liblibc_stub.a,newlib_stub.c.o,_gettimeofday_r,T,Dependency,libc-shim,"Kcore libc compatibility shim; dependency boundary, not compiler ABI."
third_party/tx8_deps/lib/liblibc_stub.a,newlib_stub.c.o,_isatty_r,T,Dependency,libc-shim,"Kcore libc compatibility shim; dependency boundary, not compiler ABI."
third_party/tx8_deps/lib/liblibc_stub.a,newlib_stub.c.o,_kill_r,T,Dependency,libc-shim,"Kcore libc compatibility shim; dependency boundary, not compiler ABI."
third_party/tx8_deps/lib/liblibc_stub.a,newlib_stub.c.o,_link_r,T,Dependency,libc-shim,"Kcore libc compatibility shim; dependency boundary, not compiler ABI."
third_party/tx8_deps/lib/liblibc_stub.a,newlib_stub.c.o,_lseek_r,T,Dependency,libc-shim,"Kcore libc compatibility shim; dependency boundary, not compiler ABI."
third_party/tx8_deps/lib/liblibc_stub.a,newlib_stub.c.o,_malloc_r,T,Dependency,libc-shim,"Kcore libc compatibility shim; dependency boundary, not compiler ABI."
third_party/tx8_deps/lib/liblibc_stub.a,newlib_stub.c.o,_memalign_r,T,Dependency,libc-shim,"Kcore libc compatibility shim; dependency boundary, not compiler ABI."
third_party/tx8_deps/lib/liblibc_stub.a,newlib_stub.c.o,_mkdir_r,T,Dependency,libc-shim,"Kcore libc compatibility shim; dependency boundary, not compiler ABI."
third_party/tx8_deps/lib/liblibc_stub.a,newlib_stub.c.o,_open_r,T,Dependency,libc-shim,"Kcore libc compatibility shim; dependency boundary, not compiler ABI."
third_party/tx8_deps/lib/liblibc_stub.a,newlib_stub.c.o,_read_r,T,Dependency,libc-shim,"Kcore libc compatibility shim; dependency boundary, not compiler ABI."
third_party/tx8_deps/lib/liblibc_stub.a,newlib_stub.c.o,_realloc_r,T,Dependency,libc-shim,"Kcore libc compatibility shim; dependency boundary, not compiler ABI."
third_party/tx8_deps/lib/liblibc_stub.a,newlib_stub.c.o,_rename_r,T,Dependency,libc-shim,"Kcore libc compatibility shim; dependency boundary, not compiler ABI."
third_party/tx8_deps/lib/liblibc_stub.a,newlib_stub.c.o,_sbrk_r,T,Dependency,libc-shim,"Kcore libc compatibility shim; dependency boundary, not compiler ABI."
third_party/tx8_deps/lib/liblibc_stub.a,newlib_stub.c.o,_stat_r,T,Dependency,libc-shim,"Kcore libc compatibility shim; dependency boundary, not compiler ABI."
third_party/tx8_deps/lib/liblibc_stub.a,newlib_stub.c.o,_system,T,Dependency,libc-shim,"Kcore libc compatibility shim; dependency boundary, not compiler ABI."
third_party/tx8_deps/lib/liblibc_stub.a,newlib_stub.c.o,_times_r,T,Dependency,libc-shim,"Kcore libc compatibility shim; dependency boundary, not compiler ABI."
third_party/tx8_deps/lib/liblibc_stub.a,newlib_stub.c.o,_unlink_r,T,Dependency,libc-shim,"Kcore libc compatibility shim; dependency boundary, not compiler ABI."
third_party/tx8_deps/lib/liblibc_stub.a,newlib_stub.c.o,_wait_r,T,Dependency,libc-shim,"Kcore libc compatibility shim; dependency boundary, not compiler ABI."
third_party/tx8_deps/lib/liblibc_stub.a,newlib_stub.c.o,_write_r,T,Dependency,libc-shim,"Kcore libc compatibility shim; dependency boundary, not compiler ABI."
third_party/tx8_deps/lib/liblibc_stub.a,newlib_stub.c.o,abort,T,Dependency,libc-shim,"Kcore libc compatibility shim; dependency boundary, not compiler ABI."
third_party/tx8_deps/lib/liblibc_stub.a,newlib_stub.c.o,exit,T,Dependency,libc-shim,"Kcore libc compatibility shim; dependency boundary, not compiler ABI."
third_party/tx8_deps/lib/liblibc_stub.a,newlib_stub.c.o,ioctl,T,Dependency,libc-shim,"Kcore libc compatibility shim; dependency boundary, not compiler ABI."
third_party/tx8_deps/lib/liblibc_stub.a,newlib_stub.c.o,isatty,T,Dependency,libc-shim,"Kcore libc compatibility shim; dependency boundary, not compiler ABI."
third_party/tx8_deps/lib/liblibc_stub.a,newlib_stub.c.o,localtime,T,Dependency,libc-shim,"Kcore libc compatibility shim; dependency boundary, not compiler ABI."
third_party/tx8_deps/lib/liblibc_stub.a,newlib_stub.c.o,localtime_r,T,Dependency,libc-shim,"Kcore libc compatibility shim; dependency boundary, not compiler ABI."
third_party/tx8_deps/lib/liblibc_stub.a,newlib_stub.c.o,timezone,D,Dependency,libc-shim,"Kcore libc compatibility shim; dependency boundary, not compiler ABI."
third_party/tx8_deps/lib/liblibc_stub.a,newlib_stub.c.o,tm_tmp.0,b,Dependency,libc-shim,"Kcore libc compatibility shim; dependency boundary, not compiler ABI."
third_party/tx8_deps/lib/liblibc_stub.a,random.c.o,getrandom,T,Dependency,libc-shim,"Kcore libc compatibility shim; dependency boundary, not compiler ABI."
third_party/tx8_deps/lib/liblibc_stub.a,random.c.o,rnd.0,d,Dependency,libc-shim,"Kcore libc compatibility shim; dependency boundary, not compiler ABI."
third_party/tx8_deps/lib/liblibc_stub.a,settimeofday.c.o,settimeofday,T,Dependency,libc-shim,"Kcore libc compatibility shim; dependency boundary, not compiler ABI."
third_party/tx8_deps/lib/liblibc_stub.a,strext.c.o,bytes2hexstr,T,Dependency,libc-shim,"Kcore libc compatibility shim; dependency boundary, not compiler ABI."
third_party/tx8_deps/lib/liblibc_stub.a,strext.c.o,hexstr2bytes,T,Dependency,libc-shim,"Kcore libc compatibility shim; dependency boundary, not compiler ABI."
third_party/tx8_deps/lib/liblibc_stub.a,strext.c.o,isalnumstring,T,Dependency,libc-shim,"Kcore libc compatibility shim; dependency boundary, not compiler ABI."
third_party/tx8_deps/lib/liblibc_stub.a,strext.c.o,str2mac,T,Dependency,libc-shim,"Kcore libc compatibility shim; dependency boundary, not compiler ABI."
third_party/tx8_deps/lib/liblibc_stub.a,strext.c.o,strasplit,T,Dependency,libc-shim,"Kcore libc compatibility shim; dependency boundary, not compiler ABI."
third_party/tx8_deps/lib/liblibc_stub.a,strext.c.o,strcount,T,Dependency,libc-shim,"Kcore libc compatibility shim; dependency boundary, not compiler ABI."
third_party/tx8_deps/lib/liblibc_stub.a,strext.c.o,strsplit,T,Dependency,libc-shim,"Kcore libc compatibility shim; dependency boundary, not compiler ABI."
third_party/tx8_deps/lib/liblibc_stub.a,strext.c.o,strstri,T,Dependency,libc-shim,"Kcore libc compatibility shim; dependency boundary, not compiler ABI."
third_party/tx8_deps/profiling_tool/examples/engtest_example/libtx8_runtime.so,,HrtUnWatchRpcTask,T,ABI,public-runtime-api,Named public wrapper/API entry covered by the reverse-engineering reference.
third_party/tx8_deps/profiling_tool/examples/engtest_example/libtx8_runtime.so,,HrtWatchRpcTask,T,ABI,public-runtime-api,Named public wrapper/API entry covered by the reverse-engineering reference.
third_party/tx8_deps/profiling_tool/examples/engtest_example/libtx8_runtime.so,,HrtWatchRpcTaskDeinit,T,ABI,public-runtime-api,Named public wrapper/API entry covered by the reverse-engineering reference.
third_party/tx8_deps/profiling_tool/examples/engtest_example/libtx8_runtime.so,,HrtWatchRpcTaskInit,T,ABI,public-runtime-api,Named public wrapper/API entry covered by the reverse-engineering reference.
third_party/tx8_deps/profiling_tool/examples/engtest_example/libtx8_runtime.so,,"TsmAsyncRun(TsmDevice*, unsigned long)",T,ABI,public-runtime-api,Named public wrapper/API entry covered by the reverse-engineering reference.
third_party/tx8_deps/profiling_tool/examples/engtest_example/libtx8_runtime.so,,"TsmClusterKernelLaunch(TsmDevice*, char const*, unsigned long, unsigned long, Dim3, Dim3, Dim3, void*, unsigned int)",T,ABI,public-runtime-api,Named public wrapper/API entry covered by the reverse-engineering reference.
third_party/tx8_deps/profiling_tool/examples/engtest_example/libtx8_runtime.so,,TsmDeInitRuntime(),T,ABI,public-runtime-api,Named public wrapper/API entry covered by the reverse-engineering reference.
third_party/tx8_deps/profiling_tool/examples/engtest_example/libtx8_runtime.so,,TsmDeviceFree(unsigned long),T,ABI,public-runtime-api,Named public wrapper/API entry covered by the reverse-engineering reference.
third_party/tx8_deps/profiling_tool/examples/engtest_example/libtx8_runtime.so,,"TsmDeviceMalloc(TsmDevice*, unsigned long&, unsigned long)",T,ABI,public-runtime-api,Named public wrapper/API entry covered by the reverse-engineering reference.
third_party/tx8_deps/profiling_tool/examples/engtest_example/libtx8_runtime.so,,TsmDeviceSynchronize(TsmDevice*),T,ABI,public-runtime-api,Named public wrapper/API entry covered by the reverse-engineering reference.
third_party/tx8_deps/profiling_tool/examples/engtest_example/libtx8_runtime.so,,TsmGetDeviceNum(unsigned int&),T,ABI,public-runtime-api,Named public wrapper/API entry covered by the reverse-engineering reference.
third_party/tx8_deps/profiling_tool/examples/engtest_example/libtx8_runtime.so,,"TsmGetDeviceProperties(unsigned int, TsmDeviceProp*)",T,ABI,public-runtime-api,Named public wrapper/API entry covered by the reverse-engineering reference.
third_party/tx8_deps/profiling_tool/examples/engtest_example/libtx8_runtime.so,,"TsmGetPhyRankId(unsigned int*, unsigned int*)",T,ABI,public-runtime-api,Named public wrapper/API entry covered by the reverse-engineering reference.
third_party/tx8_deps/profiling_tool/examples/engtest_example/libtx8_runtime.so,,"TsmGetTileInfo(TsmDevice*, TsmTileTotalInfo&)",T,ABI,public-runtime-api,Named public wrapper/API entry covered by the reverse-engineering reference.
third_party/tx8_deps/profiling_tool/examples/engtest_example/libtx8_runtime.so,,"TsmHostFlush(TsmDevice*, unsigned long, unsigned char*, unsigned long)",T,ABI,public-runtime-api,Named public wrapper/API entry covered by the reverse-engineering reference.
third_party/tx8_deps/profiling_tool/examples/engtest_example/libtx8_runtime.so,,"TsmHostH2D(TsmDevice*, unsigned long, unsigned long, int)",T,ABI,public-runtime-api,Named public wrapper/API entry covered by the reverse-engineering reference.
third_party/tx8_deps/profiling_tool/examples/engtest_example/libtx8_runtime.so,,TsmInitDevice(TsmDevice*),T,ABI,public-runtime-api,Named public wrapper/API entry covered by the reverse-engineering reference.
third_party/tx8_deps/profiling_tool/examples/engtest_example/libtx8_runtime.so,,TsmInitRuntime(bool),T,ABI,public-runtime-api,Named public wrapper/API entry covered by the reverse-engineering reference.
third_party/tx8_deps/profiling_tool/examples/engtest_example/libtx8_runtime.so,,"TsmKernelLaunch(TsmDevice*, char const*, unsigned long, unsigned long, Dim3, Dim3, void*, unsigned int)",T,ABI,public-runtime-api,Named public wrapper/API entry covered by the reverse-engineering reference.
third_party/tx8_deps/profiling_tool/examples/engtest_example/libtx8_runtime.so,,"TsmLaunch(TsmDevice*, TsmModel&)",T,ABI,public-runtime-api,Named public wrapper/API entry covered by the reverse-engineering reference.
third_party/tx8_deps/profiling_tool/examples/engtest_example/libtx8_runtime.so,,"TsmLaunchPg(TsmDevice*, TsmModel&)",T,ABI,public-runtime-api,Named public wrapper/API entry covered by the reverse-engineering reference.
third_party/tx8_deps/profiling_tool/examples/engtest_example/libtx8_runtime.so,,"TsmMemGetInfo(unsigned long, unsigned int&, unsigned long&, unsigned long&)",T,ABI,public-runtime-api,Named public wrapper/API entry covered by the reverse-engineering reference.
third_party/tx8_deps/profiling_tool/examples/engtest_example/libtx8_runtime.so,,"TsmMemcpyD2D(void const*, TsmDevice*, void const*, TsmDevice*, unsigned long)",T,ABI,public-runtime-api,Named public wrapper/API entry covered by the reverse-engineering reference.
third_party/tx8_deps/profiling_tool/examples/engtest_example/libtx8_runtime.so,,"TsmMemcpyD2H(void const*, unsigned long, unsigned long)",T,ABI,public-runtime-api,Named public wrapper/API entry covered by the reverse-engineering reference.
third_party/tx8_deps/profiling_tool/examples/engtest_example/libtx8_runtime.so,,"TsmMemcpyH2D(unsigned long, void const*, unsigned long)",T,ABI,public-runtime-api,Named public wrapper/API entry covered by the reverse-engineering reference.
third_party/tx8_deps/profiling_tool/examples/engtest_example/libtx8_runtime.so,,"TsmMemcpyOffsetD2H(void const*, unsigned long, unsigned long, unsigned long)",T,ABI,public-runtime-api,Named public wrapper/API entry covered by the reverse-engineering reference.
third_party/tx8_deps/profiling_tool/examples/engtest_example/libtx8_runtime.so,,"TsmMemcpyOffsetH2D(unsigned long, void const*, unsigned long, unsigned long)",T,ABI,public-runtime-api,Named public wrapper/API entry covered by the reverse-engineering reference.
third_party/tx8_deps/profiling_tool/examples/engtest_example/libtx8_runtime.so,,TsmNpuPowerOff(TsmDevice*),T,ABI,public-runtime-api,Named public wrapper/API entry covered by the reverse-engineering reference.
third_party/tx8_deps/profiling_tool/examples/engtest_example/libtx8_runtime.so,,"TsmProcessProfData(TsmDevice*, TsmProfAction, unsigned short)",T,ABI,public-runtime-api,Named public wrapper/API entry covered by the reverse-engineering reference.
third_party/tx8_deps/profiling_tool/examples/engtest_example/libtx8_runtime.so,,"TsmRecv(void*, unsigned long, txcclDataType_t, TsmDevice*, int, txcclComm*, void*)",T,ABI,public-runtime-api,Named public wrapper/API entry covered by the reverse-engineering reference.
third_party/tx8_deps/profiling_tool/examples/engtest_example/libtx8_runtime.so,,TsmReleaseDevice(TsmDevice*),T,ABI,public-runtime-api,Named public wrapper/API entry covered by the reverse-engineering reference.
third_party/tx8_deps/profiling_tool/examples/engtest_example/libtx8_runtime.so,,TsmResetDevice(TsmDevice*),T,ABI,public-runtime-api,Named public wrapper/API entry covered by the reverse-engineering reference.
third_party/tx8_deps/profiling_tool/examples/engtest_example/libtx8_runtime.so,,"TsmRun(TsmDevice*, unsigned long)",T,ABI,public-runtime-api,Named public wrapper/API entry covered by the reverse-engineering reference.
third_party/tx8_deps/profiling_tool/examples/engtest_example/libtx8_runtime.so,,"TsmSend(void const*, unsigned long, txcclDataType_t, TsmDevice*, int, txcclComm*, void*)",T,ABI,public-runtime-api,Named public wrapper/API entry covered by the reverse-engineering reference.
third_party/tx8_deps/profiling_tool/examples/engtest_example/libtx8_runtime.so,,"TsmSetDevice(TsmDevice**, unsigned int, unsigned int)",T,ABI,public-runtime-api,Named public wrapper/API entry covered by the reverse-engineering reference.
third_party/tx8_deps/profiling_tool/examples/engtest_example/libtx8_runtime.so,,"TsmSetDeviceOld(unsigned int, TsmDevice*)",T,ABI,public-runtime-api,Named public wrapper/API entry covered by the reverse-engineering reference.
third_party/tx8_deps/profiling_tool/examples/engtest_example/libtx8_runtime.so,,TsmSetMonitorInfo(TsmDevice*),T,ABI,public-runtime-api,Named public wrapper/API entry covered by the reverse-engineering reference.
third_party/tx8_deps/profiling_tool/examples/engtest_example/libtx8_runtime.so,,"TsmSetRankId(unsigned int, unsigned int)",T,ABI,public-runtime-api,Named public wrapper/API entry covered by the reverse-engineering reference.
third_party/tx8_deps/profiling_tool/examples/engtest_example/libtx8_runtime.so,,"TsmSetRankSize(unsigned int, unsigned int)",T,ABI,public-runtime-api,Named public wrapper/API entry covered by the reverse-engineering reference.
third_party/tx8_deps/profiling_tool/examples/engtest_example/libtx8_runtime.so,,"TsmSetTerminate(TsmDevice*, void*)",T,ABI,public-runtime-api,Named public wrapper/API entry covered by the reverse-engineering reference.
third_party/tx8_deps/profiling_tool/examples/engtest_example/libtx8_runtime.so,,"TsmSetTileIdMap(TsmDevice*, FullTileMap_t const&)",T,ABI,public-runtime-api,Named public wrapper/API entry covered by the reverse-engineering reference.
third_party/tx8_deps/profiling_tool/examples/engtest_example/libtx8_runtime.so,,"TsmSetTileInfo(TsmDevice*, TsmTileSelectedInfo)",T,ABI,public-runtime-api,Named public wrapper/API entry covered by the reverse-engineering reference.
third_party/tx8_deps/profiling_tool/examples/engtest_example/libtx8_runtime.so,,DATA_MOVE_BATCH_SIZE,r,Implemented,host-runtime-implementation,Host runtime implementation/support symbol from libtx8_runtime.so.
third_party/tx8_deps/profiling_tool/examples/engtest_example/libtx8_runtime.so,,DATA_MOVE_BATCH_SIZE,r,Implemented,host-runtime-implementation,Host runtime implementation/support symbol from libtx8_runtime.so.
third_party/tx8_deps/profiling_tool/examples/engtest_example/libtx8_runtime.so,,DATA_MOVE_BATCH_SIZE,r,Implemented,host-runtime-implementation,Host runtime implementation/support symbol from libtx8_runtime.so.
third_party/tx8_deps/profiling_tool/examples/engtest_example/libtx8_runtime.so,,DATA_MOVE_BATCH_SIZE,r,Implemented,host-runtime-implementation,Host runtime implementation/support symbol from libtx8_runtime.so.
third_party/tx8_deps/profiling_tool/examples/engtest_example/libtx8_runtime.so,,DATA_MOVE_BATCH_SIZE,r,Implemented,host-runtime-implementation,Host runtime implementation/support symbol from libtx8_runtime.so.
third_party/tx8_deps/profiling_tool/examples/engtest_example/libtx8_runtime.so,,DATA_MOVE_BATCH_SIZE,r,Implemented,host-runtime-implementation,Host runtime implementation/support symbol from libtx8_runtime.so.
third_party/tx8_deps/profiling_tool/examples/engtest_example/libtx8_runtime.so,,DATA_MOVE_BATCH_SIZE,r,Implemented,host-runtime-implementation,Host runtime implementation/support symbol from libtx8_runtime.so.
third_party/tx8_deps/profiling_tool/examples/engtest_example/libtx8_runtime.so,,DATA_MOVE_BATCH_SIZE,r,Implemented,host-runtime-implementation,Host runtime implementation/support symbol from libtx8_runtime.so.
third_party/tx8_deps/profiling_tool/examples/engtest_example/libtx8_runtime.so,,DATA_MOVE_BATCH_SIZE,r,Implemented,host-runtime-implementation,Host runtime implementation/support symbol from libtx8_runtime.so.
third_party/tx8_deps/profiling_tool/examples/engtest_example/libtx8_runtime.so,,DATA_MOVE_BATCH_SIZE,r,Implemented,host-runtime-implementation,Host runtime implementation/support symbol from libtx8_runtime.so.
third_party/tx8_deps/profiling_tool/examples/engtest_example/libtx8_runtime.so,,DATA_MOVE_BATCH_SIZE,r,Implemented,host-runtime-implementation,Host runtime implementation/support symbol from libtx8_runtime.so.
third_party/tx8_deps/profiling_tool/examples/engtest_example/libtx8_runtime.so,,DATA_MOVE_BATCH_SIZE,r,Implemented,host-runtime-implementation,Host runtime implementation/support symbol from libtx8_runtime.so.
third_party/tx8_deps/profiling_tool/examples/engtest_example/libtx8_runtime.so,,DATA_MOVE_BATCH_SIZE,r,Implemented,host-runtime-implementation,Host runtime implementation/support symbol from libtx8_runtime.so.
third_party/tx8_deps/profiling_tool/examples/engtest_example/libtx8_runtime.so,,DATA_MOVE_BATCH_SIZE,r,Implemented,host-runtime-implementation,Host runtime implementation/support symbol from libtx8_runtime.so.
third_party/tx8_deps/profiling_tool/examples/engtest_example/libtx8_runtime.so,,DATA_MOVE_BATCH_SIZE,r,Implemented,host-runtime-implementation,Host runtime implementation/support symbol from libtx8_runtime.so.
third_party/tx8_deps/profiling_tool/examples/engtest_example/libtx8_runtime.so,,DATA_MOVE_BATCH_SIZE,r,Implemented,host-runtime-implementation,Host runtime implementation/support symbol from libtx8_runtime.so.
third_party/tx8_deps/profiling_tool/examples/engtest_example/libtx8_runtime.so,,DATA_MOVE_BATCH_SIZE,r,Implemented,host-runtime-implementation,Host runtime implementation/support symbol from libtx8_runtime.so.
third_party/tx8_deps/profiling_tool/examples/engtest_example/libtx8_runtime.so,,DATA_MOVE_BATCH_SIZE,r,Implemented,host-runtime-implementation,Host runtime implementation/support symbol from libtx8_runtime.so.
third_party/tx8_deps/profiling_tool/examples/engtest_example/libtx8_runtime.so,,DATA_MOVE_BATCH_SIZE,r,Implemented,host-runtime-implementation,Host runtime implementation/support symbol from libtx8_runtime.so.
third_party/tx8_deps/profiling_tool/examples/engtest_example/libtx8_runtime.so,,DATA_PROJ_ID,r,Implemented,host-runtime-implementation,Host runtime implementation/support symbol from libtx8_runtime.so.
third_party/tx8_deps/profiling_tool/examples/engtest_example/libtx8_runtime.so,,DATA_PROJ_ID,r,Implemented,host-runtime-implementation,Host runtime implementation/support symbol from libtx8_runtime.so.
third_party/tx8_deps/profiling_tool/examples/engtest_example/libtx8_runtime.so,,DATA_PROJ_ID,r,Implemented,host-runtime-implementation,Host runtime implementation/support symbol from libtx8_runtime.so.
third_party/tx8_deps/profiling_tool/examples/engtest_example/libtx8_runtime.so,,DATA_PROJ_ID,r,Implemented,host-runtime-implementation,Host runtime implementation/support symbol from libtx8_runtime.so.
third_party/tx8_deps/profiling_tool/examples/engtest_example/libtx8_runtime.so,,DATA_PROJ_ID,r,Implemented,host-runtime-implementation,Host runtime implementation/support symbol from libtx8_runtime.so.
third_party/tx8_deps/profiling_tool/examples/engtest_example/libtx8_runtime.so,,DATA_PROJ_ID,r,Implemented,host-runtime-implementation,Host runtime implementation/support symbol from libtx8_runtime.so.
third_party/tx8_deps/profiling_tool/examples/engtest_example/libtx8_runtime.so,,DATA_PROJ_ID,r,Implemented,host-runtime-implementation,Host runtime implementation/support symbol from libtx8_runtime.so.
third_party/tx8_deps/profiling_tool/examples/engtest_example/libtx8_runtime.so,,DATA_PROJ_ID,r,Implemented,host-runtime-implementation,Host runtime implementation/support symbol from libtx8_runtime.so.
third_party/tx8_deps/profiling_tool/examples/engtest_example/libtx8_runtime.so,,DATA_PROJ_ID,r,Implemented,host-runtime-implementation,Host runtime implementation/support symbol from libtx8_runtime.so.
third_party/tx8_deps/profiling_tool/examples/engtest_example/libtx8_runtime.so,,DW.ref._ZTIN10__cxxabiv115__forced_unwindE,d,Implemented,host-runtime-implementation,Host runtime implementation/support symbol from libtx8_runtime.so.
third_party/tx8_deps/profiling_tool/examples/engtest_example/libtx8_runtime.so,,DW.ref._ZTISt9exception,d,Implemented,host-runtime-implementation,Host runtime implementation/support symbol from libtx8_runtime.so.
third_party/tx8_deps/profiling_tool/examples/engtest_example/libtx8_runtime.so,,DW.ref.__gxx_personality_v0,d,Implemented,host-runtime-implementation,Host runtime implementation/support symbol from libtx8_runtime.so.
third_party/tx8_deps/profiling_tool/examples/engtest_example/libtx8_runtime.so,,FULLGOOD_NUM,r,Implemented,host-runtime-implementation,Host runtime implementation/support symbol from libtx8_runtime.so.
third_party/tx8_deps/profiling_tool/examples/engtest_example/libtx8_runtime.so,,FULLGOOD_NUM,r,Implemented,host-runtime-implementation,Host runtime implementation/support symbol from libtx8_runtime.so.
third_party/tx8_deps/profiling_tool/examples/engtest_example/libtx8_runtime.so,,FULLGOOD_NUM,r,Implemented,host-runtime-implementation,Host runtime implementation/support symbol from libtx8_runtime.so.
third_party/tx8_deps/profiling_tool/examples/engtest_example/libtx8_runtime.so,,FULLGOOD_NUM,r,Implemented,host-runtime-implementation,Host runtime implementation/support symbol from libtx8_runtime.so.
third_party/tx8_deps/profiling_tool/examples/engtest_example/libtx8_runtime.so,,FULLGOOD_NUM,r,Implemented,host-runtime-implementation,Host runtime implementation/support symbol from libtx8_runtime.so.
third_party/tx8_deps/profiling_tool/examples/engtest_example/libtx8_runtime.so,,FULLGOOD_NUM,r,Implemented,host-runtime-implementation,Host runtime implementation/support symbol from libtx8_runtime.so.
third_party/tx8_deps/profiling_tool/examples/engtest_example/libtx8_runtime.so,,FULLGOOD_NUM,r,Implemented,host-runtime-implementation,Host runtime implementation/support symbol from libtx8_runtime.so.
third_party/tx8_deps/profiling_tool/examples/engtest_example/libtx8_runtime.so,,FULLGOOD_NUM,r,Implemented,host-runtime-implementation,Host runtime implementation/support symbol from libtx8_runtime.so.
third_party/tx8_deps/profiling_tool/examples/engtest_example/libtx8_runtime.so,,FULLGOOD_NUM,r,Implemented,host-runtime-implementation,Host runtime implementation/support symbol from libtx8_runtime.so.
third_party/tx8_deps/profiling_tool/examples/engtest_example/libtx8_runtime.so,,FULLGOOD_NUM,r,Implemented,host-runtime-implementation,Host runtime implementation/support symbol from libtx8_runtime.so.
third_party/tx8_deps/profiling_tool/examples/engtest_example/libtx8_runtime.so,,FULLGOOD_NUM,r,Implemented,host-runtime-implementation,Host runtime implementation/support symbol from libtx8_runtime.so.
third_party/tx8_deps/profiling_tool/examples/engtest_example/libtx8_runtime.so,,FULLGOOD_NUM,r,Implemented,host-runtime-implementation,Host runtime implementation/support symbol from libtx8_runtime.so.
third_party/tx8_deps/profiling_tool/examples/engtest_example/libtx8_runtime.so,,FULLGOOD_NUM,r,Implemented,host-runtime-implementation,Host runtime implementation/support symbol from libtx8_runtime.so.
third_party/tx8_deps/profiling_tool/examples/engtest_example/libtx8_runtime.so,,FULLGOOD_NUM,r,Implemented,host-runtime-implementation,Host runtime implementation/support symbol from libtx8_runtime.so.
third_party/tx8_deps/profiling_tool/examples/engtest_example/libtx8_runtime.so,,FULLGOOD_NUM,r,Implemented,host-runtime-implementation,Host runtime implementation/support symbol from libtx8_runtime.so.
third_party/tx8_deps/profiling_tool/examples/engtest_example/libtx8_runtime.so,,FULLGOOD_NUM,r,Implemented,host-runtime-implementation,Host runtime implementation/support symbol from libtx8_runtime.so.
third_party/tx8_deps/profiling_tool/examples/engtest_example/libtx8_runtime.so,,FULLGOOD_NUM,r,Implemented,host-runtime-implementation,Host runtime implementation/support symbol from libtx8_runtime.so.
third_party/tx8_deps/profiling_tool/examples/engtest_example/libtx8_runtime.so,,FULLGOOD_NUM,r,Implemented,host-runtime-implementation,Host runtime implementation/support symbol from libtx8_runtime.so.
third_party/tx8_deps/profiling_tool/examples/engtest_example/libtx8_runtime.so,,FULLGOOD_NUM,r,Implemented,host-runtime-implementation,Host runtime implementation/support symbol from libtx8_runtime.so.
third_party/tx8_deps/profiling_tool/examples/engtest_example/libtx8_runtime.so,,FULLGOOD_NUM,r,Implemented,host-runtime-implementation,Host runtime implementation/support symbol from libtx8_runtime.so.
third_party/tx8_deps/profiling_tool/examples/engtest_example/libtx8_runtime.so,,HrtSignalCreate(),T,Implemented,host-runtime-implementation,Host runtime implementation/support symbol from libtx8_runtime.so.
third_party/tx8_deps/profiling_tool/examples/engtest_example/libtx8_runtime.so,,HrtSignalDestroy(void*),T,Implemented,host-runtime-implementation,Host runtime implementation/support symbol from libtx8_runtime.so.
third_party/tx8_deps/profiling_tool/examples/engtest_example/libtx8_runtime.so,,HrtSignalNotify(void*),T,Implemented,host-runtime-implementation,Host runtime implementation/support symbol from libtx8_runtime.so.
third_party/tx8_deps/profiling_tool/examples/engtest_example/libtx8_runtime.so,,"HrtSignalWaitFor(void*, int)",T,Implemented,host-runtime-implementation,Host runtime implementation/support symbol from libtx8_runtime.so.
third_party/tx8_deps/profiling_tool/examples/engtest_example/libtx8_runtime.so,,KBYTE,r,Implemented,host-runtime-implementation,Host runtime implementation/support symbol from libtx8_runtime.so.
third_party/tx8_deps/profiling_tool/examples/engtest_example/libtx8_runtime.so,,KBYTE,r,Implemented,host-runtime-implementation,Host runtime implementation/support symbol from libtx8_runtime.so.
third_party/tx8_deps/profiling_tool/examples/engtest_example/libtx8_runtime.so,,KBYTE,r,Implemented,host-runtime-implementation,Host runtime implementation/support symbol from libtx8_runtime.so.
third_party/tx8_deps/profiling_tool/examples/engtest_example/libtx8_runtime.so,,KBYTE,r,Implemented,host-runtime-implementation,Host runtime implementation/support symbol from libtx8_runtime.so.
third_party/tx8_deps/profiling_tool/examples/engtest_example/libtx8_runtime.so,,KBYTE,r,Implemented,host-runtime-implementation,Host runtime implementation/support symbol from libtx8_runtime.so.
third_party/tx8_deps/profiling_tool/examples/engtest_example/libtx8_runtime.so,,KBYTE,r,Implemented,host-runtime-implementation,Host runtime implementation/support symbol from libtx8_runtime.so.
third_party/tx8_deps/profiling_tool/examples/engtest_example/libtx8_runtime.so,,KBYTE,r,Implemented,host-runtime-implementation,Host runtime implementation/support symbol from libtx8_runtime.so.
third_party/tx8_deps/profiling_tool/examples/engtest_example/libtx8_runtime.so,,KBYTE,r,Implemented,host-runtime-implementation,Host runtime implementation/support symbol from libtx8_runtime.so.
third_party/tx8_deps/profiling_tool/examples/engtest_example/libtx8_runtime.so,,KBYTE,r,Implemented,host-runtime-implementation,Host runtime implementation/support symbol from libtx8_runtime.so.
third_party/tx8_deps/profiling_tool/examples/engtest_example/libtx8_runtime.so,,KBYTE,r,Implemented,host-runtime-implementation,Host runtime implementation/support symbol from libtx8_runtime.so.
third_party/tx8_deps/profiling_tool/examples/engtest_example/libtx8_runtime.so,,KBYTE,r,Implemented,host-runtime-implementation,Host runtime implementation/support symbol from libtx8_runtime.so.
third_party/tx8_deps/profiling_tool/examples/engtest_example/libtx8_runtime.so,,KBYTE,r,Implemented,host-runtime-implementation,Host runtime implementation/support symbol from libtx8_runtime.so.
third_party/tx8_deps/profiling_tool/examples/engtest_example/libtx8_runtime.so,,KBYTE,r,Implemented,host-runtime-implementation,Host runtime implementation/support symbol from libtx8_runtime.so.
third_party/tx8_deps/profiling_tool/examples/engtest_example/libtx8_runtime.so,,KBYTE,r,Implemented,host-runtime-implementation,Host runtime implementation/support symbol from libtx8_runtime.so.
third_party/tx8_deps/profiling_tool/examples/engtest_example/libtx8_runtime.so,,KBYTE,r,Implemented,host-runtime-implementation,Host runtime implementation/support symbol from libtx8_runtime.so.
third_party/tx8_deps/profiling_tool/examples/engtest_example/libtx8_runtime.so,,KBYTE,r,Implemented,host-runtime-implementation,Host runtime implementation/support symbol from libtx8_runtime.so.
third_party/tx8_deps/profiling_tool/examples/engtest_example/libtx8_runtime.so,,KBYTE,r,Implemented,host-runtime-implementation,Host runtime implementation/support symbol from libtx8_runtime.so.
third_party/tx8_deps/profiling_tool/examples/engtest_example/libtx8_runtime.so,,KBYTE,r,Implemented,host-runtime-implementation,Host runtime implementation/support symbol from libtx8_runtime.so.
third_party/tx8_deps/profiling_tool/examples/engtest_example/libtx8_runtime.so,,KBYTE,r,Implemented,host-runtime-implementation,Host runtime implementation/support symbol from libtx8_runtime.so.
third_party/tx8_deps/profiling_tool/examples/engtest_example/libtx8_runtime.so,,MAX_MEMORY_LOG_SIZE,r,Implemented,host-runtime-implementation,Host runtime implementation/support symbol from libtx8_runtime.so.
third_party/tx8_deps/profiling_tool/examples/engtest_example/libtx8_runtime.so,,MAX_MEMORY_LOG_SIZE,r,Implemented,host-runtime-implementation,Host runtime implementation/support symbol from libtx8_runtime.so.
third_party/tx8_deps/profiling_tool/examples/engtest_example/libtx8_runtime.so,,MAX_MEMORY_LOG_SIZE,r,Implemented,host-runtime-implementation,Host runtime implementation/support symbol from libtx8_runtime.so.
third_party/tx8_deps/profiling_tool/examples/engtest_example/libtx8_runtime.so,,MAX_MEMORY_LOG_SIZE,r,Implemented,host-runtime-implementation,Host runtime implementation/support symbol from libtx8_runtime.so.
third_party/tx8_deps/profiling_tool/examples/engtest_example/libtx8_runtime.so,,MAX_MEMORY_LOG_SIZE,r,Implemented,host-runtime-implementation,Host runtime implementation/support symbol from libtx8_runtime.so.
third_party/tx8_deps/profiling_tool/examples/engtest_example/libtx8_runtime.so,,MAX_MEMORY_LOG_SIZE,r,Implemented,host-runtime-implementation,Host runtime implementation/support symbol from libtx8_runtime.so.
third_party/tx8_deps/profiling_tool/examples/engtest_example/libtx8_runtime.so,,MAX_MEMORY_LOG_SIZE,r,Implemented,host-runtime-implementation,Host runtime implementation/support symbol from libtx8_runtime.so.
third_party/tx8_deps/profiling_tool/examples/engtest_example/libtx8_runtime.so,,MAX_MEMORY_LOG_SIZE,r,Implemented,host-runtime-implementation,Host runtime implementation/support symbol from libtx8_runtime.so.
third_party/tx8_deps/profiling_tool/examples/engtest_example/libtx8_runtime.so,,MAX_MEMORY_LOG_SIZE,r,Implemented,host-runtime-implementation,Host runtime implementation/support symbol from libtx8_runtime.so.
third_party/tx8_deps/profiling_tool/examples/engtest_example/libtx8_runtime.so,,MAX_SHM_DATA_SIZE,r,Implemented,host-runtime-implementation,Host runtime implementation/support symbol from libtx8_runtime.so.
third_party/tx8_deps/profiling_tool/examples/engtest_example/libtx8_runtime.so,,MAX_SHM_DATA_SIZE,r,Implemented,host-runtime-implementation,Host runtime implementation/support symbol from libtx8_runtime.so.
third_party/tx8_deps/profiling_tool/examples/engtest_example/libtx8_runtime.so,,MAX_SHM_DATA_SIZE,r,Implemented,host-runtime-implementation,Host runtime implementation/support symbol from libtx8_runtime.so.
third_party/tx8_deps/profiling_tool/examples/engtest_example/libtx8_runtime.so,,MAX_SHM_DATA_SIZE,r,Implemented,host-runtime-implementation,Host runtime implementation/support symbol from libtx8_runtime.so.
third_party/tx8_deps/profiling_tool/examples/engtest_example/libtx8_runtime.so,,MAX_SHM_DATA_SIZE,r,Implemented,host-runtime-implementation,Host runtime implementation/support symbol from libtx8_runtime.so.
third_party/tx8_deps/profiling_tool/examples/engtest_example/libtx8_runtime.so,,MAX_SHM_DATA_SIZE,r,Implemented,host-runtime-implementation,Host runtime implementation/support symbol from libtx8_runtime.so.
third_party/tx8_deps/profiling_tool/examples/engtest_example/libtx8_runtime.so,,MAX_SHM_DATA_SIZE,r,Implemented,host-runtime-implementation,Host runtime implementation/support symbol from libtx8_runtime.so.
third_party/tx8_deps/profiling_tool/examples/engtest_example/libtx8_runtime.so,,MAX_SHM_DATA_SIZE,r,Implemented,host-runtime-implementation,Host runtime implementation/support symbol from libtx8_runtime.so.
third_party/tx8_deps/profiling_tool/examples/engtest_example/libtx8_runtime.so,,MAX_SHM_DATA_SIZE,r,Implemented,host-runtime-implementation,Host runtime implementation/support symbol from libtx8_runtime.so.
third_party/tx8_deps/profiling_tool/examples/engtest_example/libtx8_runtime.so,,PARTIALGOOD_NUM,r,Implemented,host-runtime-implementation,Host runtime implementation/support symbol from libtx8_runtime.so.
third_party/tx8_deps/profiling_tool/examples/engtest_example/libtx8_runtime.so,,PARTIALGOOD_NUM,r,Implemented,host-runtime-implementation,Host runtime implementation/support symbol from libtx8_runtime.so.
third_party/tx8_deps/profiling_tool/examples/engtest_example/libtx8_runtime.so,,PARTIALGOOD_NUM,r,Implemented,host-runtime-implementation,Host runtime implementation/support symbol from libtx8_runtime.so.
third_party/tx8_deps/profiling_tool/examples/engtest_example/libtx8_runtime.so,,PARTIALGOOD_NUM,r,Implemented,host-runtime-implementation,Host runtime implementation/support symbol from libtx8_runtime.so.
third_party/tx8_deps/profiling_tool/examples/engtest_example/libtx8_runtime.so,,PARTIALGOOD_NUM,r,Implemented,host-runtime-implementation,Host runtime implementation/support symbol from libtx8_runtime.so.
third_party/tx8_deps/profiling_tool/examples/engtest_example/libtx8_runtime.so,,PARTIALGOOD_NUM,r,Implemented,host-runtime-implementation,Host runtime implementation/support symbol from libtx8_runtime.so.
third_party/tx8_deps/profiling_tool/examples/engtest_example/libtx8_runtime.so,,PARTIALGOOD_NUM,r,Implemented,host-runtime-implementation,Host runtime implementation/support symbol from libtx8_runtime.so.
third_party/tx8_deps/profiling_tool/examples/engtest_example/libtx8_runtime.so,,PARTIALGOOD_NUM,r,Implemented,host-runtime-implementation,Host runtime implementation/support symbol from libtx8_runtime.so.
third_party/tx8_deps/profiling_tool/examples/engtest_example/libtx8_runtime.so,,PARTIALGOOD_NUM,r,Implemented,host-runtime-implementation,Host runtime implementation/support symbol from libtx8_runtime.so.
third_party/tx8_deps/profiling_tool/examples/engtest_example/libtx8_runtime.so,,PARTIALGOOD_NUM,r,Implemented,host-runtime-implementation,Host runtime implementation/support symbol from libtx8_runtime.so.
third_party/tx8_deps/profiling_tool/examples/engtest_example/libtx8_runtime.so,,PARTIALGOOD_NUM,r,Implemented,host-runtime-implementation,Host runtime implementation/support symbol from libtx8_runtime.so.
third_party/tx8_deps/profiling_tool/examples/engtest_example/libtx8_runtime.so,,PARTIALGOOD_NUM,r,Implemented,host-runtime-implementation,Host runtime implementation/support symbol from libtx8_runtime.so.
third_party/tx8_deps/profiling_tool/examples/engtest_example/libtx8_runtime.so,,PARTIALGOOD_NUM,r,Implemented,host-runtime-implementation,Host runtime implementation/support symbol from libtx8_runtime.so.
third_party/tx8_deps/profiling_tool/examples/engtest_example/libtx8_runtime.so,,PARTIALGOOD_NUM,r,Implemented,host-runtime-implementation,Host runtime implementation/support symbol from libtx8_runtime.so.
third_party/tx8_deps/profiling_tool/examples/engtest_example/libtx8_runtime.so,,PARTIALGOOD_NUM,r,Implemented,host-runtime-implementation,Host runtime implementation/support symbol from libtx8_runtime.so.
third_party/tx8_deps/profiling_tool/examples/engtest_example/libtx8_runtime.so,,PARTIALGOOD_NUM,r,Implemented,host-runtime-implementation,Host runtime implementation/support symbol from libtx8_runtime.so.
third_party/tx8_deps/profiling_tool/examples/engtest_example/libtx8_runtime.so,,PARTIALGOOD_NUM,r,Implemented,host-runtime-implementation,Host runtime implementation/support symbol from libtx8_runtime.so.
third_party/tx8_deps/profiling_tool/examples/engtest_example/libtx8_runtime.so,,PARTIALGOOD_NUM,r,Implemented,host-runtime-implementation,Host runtime implementation/support symbol from libtx8_runtime.so.
third_party/tx8_deps/profiling_tool/examples/engtest_example/libtx8_runtime.so,,PARTIALGOOD_NUM,r,Implemented,host-runtime-implementation,Host runtime implementation/support symbol from libtx8_runtime.so.
third_party/tx8_deps/profiling_tool/examples/engtest_example/libtx8_runtime.so,,PARTIALGOOD_NUM,r,Implemented,host-runtime-implementation,Host runtime implementation/support symbol from libtx8_runtime.so.
third_party/tx8_deps/profiling_tool/examples/engtest_example/libtx8_runtime.so,,PG_TILE_NUM,r,Implemented,host-runtime-implementation,Host runtime implementation/support symbol from libtx8_runtime.so.
third_party/tx8_deps/profiling_tool/examples/engtest_example/libtx8_runtime.so,,PG_TILE_NUM,r,Implemented,host-runtime-implementation,Host runtime implementation/support symbol from libtx8_runtime.so.
third_party/tx8_deps/profiling_tool/examples/engtest_example/libtx8_runtime.so,,PG_TILE_NUM,r,Implemented,host-runtime-implementation,Host runtime implementation/support symbol from libtx8_runtime.so.
third_party/tx8_deps/profiling_tool/examples/engtest_example/libtx8_runtime.so,,PG_TILE_NUM,r,Implemented,host-runtime-implementation,Host runtime implementation/support symbol from libtx8_runtime.so.
third_party/tx8_deps/profiling_tool/examples/engtest_example/libtx8_runtime.so,,PG_TILE_NUM,r,Implemented,host-runtime-implementation,Host runtime implementation/support symbol from libtx8_runtime.so.
third_party/tx8_deps/profiling_tool/examples/engtest_example/libtx8_runtime.so,,PG_TILE_NUM,r,Implemented,host-runtime-implementation,Host runtime implementation/support symbol from libtx8_runtime.so.
third_party/tx8_deps/profiling_tool/examples/engtest_example/libtx8_runtime.so,,PG_TILE_NUM,r,Implemented,host-runtime-implementation,Host runtime implementation/support symbol from libtx8_runtime.so.
third_party/tx8_deps/profiling_tool/examples/engtest_example/libtx8_runtime.so,,PG_TILE_NUM,r,Implemented,host-runtime-implementation,Host runtime implementation/support symbol from libtx8_runtime.so.
third_party/tx8_deps/profiling_tool/examples/engtest_example/libtx8_runtime.so,,PG_TILE_NUM,r,Implemented,host-runtime-implementation,Host runtime implementation/support symbol from libtx8_runtime.so.
third_party/tx8_deps/profiling_tool/examples/engtest_example/libtx8_runtime.so,,PROF_TYPE_DTE,r,Implemented,host-runtime-implementation,Host runtime implementation/support symbol from libtx8_runtime.so.
third_party/tx8_deps/profiling_tool/examples/engtest_example/libtx8_runtime.so,,PROF_TYPE_DTE,r,Implemented,host-runtime-implementation,Host runtime implementation/support symbol from libtx8_runtime.so.
third_party/tx8_deps/profiling_tool/examples/engtest_example/libtx8_runtime.so,,PROF_TYPE_DTE,r,Implemented,host-runtime-implementation,Host runtime implementation/support symbol from libtx8_runtime.so.
third_party/tx8_deps/profiling_tool/examples/engtest_example/libtx8_runtime.so,,PROF_TYPE_DTE,r,Implemented,host-runtime-implementation,Host runtime implementation/support symbol from libtx8_runtime.so.
third_party/tx8_deps/profiling_tool/examples/engtest_example/libtx8_runtime.so,,PROF_TYPE_DTE,r,Implemented,host-runtime-implementation,Host runtime implementation/support symbol from libtx8_runtime.so.
third_party/tx8_deps/profiling_tool/examples/engtest_example/libtx8_runtime.so,,PROF_TYPE_DTE,r,Implemented,host-runtime-implementation,Host runtime implementation/support symbol from libtx8_runtime.so.
third_party/tx8_deps/profiling_tool/examples/engtest_example/libtx8_runtime.so,,PROF_TYPE_DTE,r,Implemented,host-runtime-implementation,Host runtime implementation/support symbol from libtx8_runtime.so.
third_party/tx8_deps/profiling_tool/examples/engtest_example/libtx8_runtime.so,,PROF_TYPE_DTE,r,Implemented,host-runtime-implementation,Host runtime implementation/support symbol from libtx8_runtime.so.
third_party/tx8_deps/profiling_tool/examples/engtest_example/libtx8_runtime.so,,PROF_TYPE_DTE,r,Implemented,host-runtime-implementation,Host runtime implementation/support symbol from libtx8_runtime.so.
third_party/tx8_deps/profiling_tool/examples/engtest_example/libtx8_runtime.so,,PROF_TYPE_DTE,r,Implemented,host-runtime-implementation,Host runtime implementation/support symbol from libtx8_runtime.so.
third_party/tx8_deps/profiling_tool/examples/engtest_example/libtx8_runtime.so,,PROF_TYPE_DTE,r,Implemented,host-runtime-implementation,Host runtime implementation/support symbol from libtx8_runtime.so.
third_party/tx8_deps/profiling_tool/examples/engtest_example/libtx8_runtime.so,,PROF_TYPE_DTE,r,Implemented,host-runtime-implementation,Host runtime implementation/support symbol from libtx8_runtime.so.
third_party/tx8_deps/profiling_tool/examples/engtest_example/libtx8_runtime.so,,PROF_TYPE_DTE,r,Implemented,host-runtime-implementation,Host runtime implementation/support symbol from libtx8_runtime.so.
third_party/tx8_deps/profiling_tool/examples/engtest_example/libtx8_runtime.so,,PROF_TYPE_DTE,r,Implemented,host-runtime-implementation,Host runtime implementation/support symbol from libtx8_runtime.so.
third_party/tx8_deps/profiling_tool/examples/engtest_example/libtx8_runtime.so,,PROF_TYPE_DTE,r,Implemented,host-runtime-implementation,Host runtime implementation/support symbol from libtx8_runtime.so.
third_party/tx8_deps/profiling_tool/examples/engtest_example/libtx8_runtime.so,,PROF_TYPE_DTE,r,Implemented,host-runtime-implementation,Host runtime implementation/support symbol from libtx8_runtime.so.
third_party/tx8_deps/profiling_tool/examples/engtest_example/libtx8_runtime.so,,PROF_TYPE_DTE,r,Implemented,host-runtime-implementation,Host runtime implementation/support symbol from libtx8_runtime.so.
third_party/tx8_deps/profiling_tool/examples/engtest_example/libtx8_runtime.so,,PROF_TYPE_DTE,r,Implemented,host-runtime-implementation,Host runtime implementation/support symbol from libtx8_runtime.so.
third_party/tx8_deps/profiling_tool/examples/engtest_example/libtx8_runtime.so,,PROF_TYPE_DTE,r,Implemented,host-runtime-implementation,Host runtime implementation/support symbol from libtx8_runtime.so.
third_party/tx8_deps/profiling_tool/examples/engtest_example/libtx8_runtime.so,,PROF_TYPE_DTE,r,Implemented,host-runtime-implementation,Host runtime implementation/support symbol from libtx8_runtime.so.
third_party/tx8_deps/profiling_tool/examples/engtest_example/libtx8_runtime.so,,PROF_TYPE_LSU,r,Implemented,host-runtime-implementation,Host runtime implementation/support symbol from libtx8_runtime.so.
third_party/tx8_deps/profiling_tool/examples/engtest_example/libtx8_runtime.so,,PROF_TYPE_LSU,r,Implemented,host-runtime-implementation,Host runtime implementation/support symbol from libtx8_runtime.so.
third_party/tx8_deps/profiling_tool/examples/engtest_example/libtx8_runtime.so,,PROF_TYPE_LSU,r,Implemented,host-runtime-implementation,Host runtime implementation/support symbol from libtx8_runtime.so.
third_party/tx8_deps/profiling_tool/examples/engtest_example/libtx8_runtime.so,,PROF_TYPE_LSU,r,Implemented,host-runtime-implementation,Host runtime implementation/support symbol from libtx8_runtime.so.
third_party/tx8_deps/profiling_tool/examples/engtest_example/libtx8_runtime.so,,PROF_TYPE_LSU,r,Implemented,host-runtime-implementation,Host runtime implementation/support symbol from libtx8_runtime.so.
third_party/tx8_deps/profiling_tool/examples/engtest_example/libtx8_runtime.so,,PROF_TYPE_LSU,r,Implemented,host-runtime-implementation,Host runtime implementation/support symbol from libtx8_runtime.so.
third_party/tx8_deps/profiling_tool/examples/engtest_example/libtx8_runtime.so,,PROF_TYPE_LSU,r,Implemented,host-runtime-implementation,Host runtime implementation/support symbol from libtx8_runtime.so.
third_party/tx8_deps/profiling_tool/examples/engtest_example/libtx8_runtime.so,,PROF_TYPE_LSU,r,Implemented,host-runtime-implementation,Host runtime implementation/support symbol from libtx8_runtime.so.
third_party/tx8_deps/profiling_tool/examples/engtest_example/libtx8_runtime.so,,PROF_TYPE_LSU,r,Implemented,host-runtime-implementation,Host runtime implementation/support symbol from libtx8_runtime.so.
third_party/tx8_deps/profiling_tool/examples/engtest_example/libtx8_runtime.so,,PROF_TYPE_LSU,r,Implemented,host-runtime-implementation,Host runtime implementation/support symbol from libtx8_runtime.so.
third_party/tx8_deps/profiling_tool/examples/engtest_example/libtx8_runtime.so,,PROF_TYPE_LSU,r,Implemented,host-runtime-implementation,Host runtime implementation/support symbol from libtx8_runtime.so.
third_party/tx8_deps/profiling_tool/examples/engtest_example/libtx8_runtime.so,,PROF_TYPE_LSU,r,Implemented,host-runtime-implementation,Host runtime implementation/support symbol from libtx8_runtime.so.
third_party/tx8_deps/profiling_tool/examples/engtest_example/libtx8_runtime.so,,PROF_TYPE_LSU,r,Implemented,host-runtime-implementation,Host runtime implementation/support symbol from libtx8_runtime.so.
third_party/tx8_deps/profiling_tool/examples/engtest_example/libtx8_runtime.so,,PROF_TYPE_LSU,r,Implemented,host-runtime-implementation,Host runtime implementation/support symbol from libtx8_runtime.so.
third_party/tx8_deps/profiling_tool/examples/engtest_example/libtx8_runtime.so,,PROF_TYPE_LSU,r,Implemented,host-runtime-implementation,Host runtime implementation/support symbol from libtx8_runtime.so.
third_party/tx8_deps/profiling_tool/examples/engtest_example/libtx8_runtime.so,,PROF_TYPE_LSU,r,Implemented,host-runtime-implementation,Host runtime implementation/support symbol from libtx8_runtime.so.
third_party/tx8_deps/profiling_tool/examples/engtest_example/libtx8_runtime.so,,PROF_TYPE_LSU,r,Implemented,host-runtime-implementation,Host runtime implementation/support symbol from libtx8_runtime.so.
third_party/tx8_deps/profiling_tool/examples/engtest_example/libtx8_runtime.so,,PROF_TYPE_LSU,r,Implemented,host-runtime-implementation,Host runtime implementation/support symbol from libtx8_runtime.so.
third_party/tx8_deps/profiling_tool/examples/engtest_example/libtx8_runtime.so,,PROF_TYPE_LSU,r,Implemented,host-runtime-implementation,Host runtime implementation/support symbol from libtx8_runtime.so.
third_party/tx8_deps/profiling_tool/examples/engtest_example/libtx8_runtime.so,,PROF_TYPE_LSU,r,Implemented,host-runtime-implementation,Host runtime implementation/support symbol from libtx8_runtime.so.
third_party/tx8_deps/profiling_tool/examples/engtest_example/libtx8_runtime.so,,PROF_TYPE_NCC,r,Implemented,host-runtime-implementation,Host runtime implementation/support symbol from libtx8_runtime.so.
third_party/tx8_deps/profiling_tool/examples/engtest_example/libtx8_runtime.so,,PROF_TYPE_NCC,r,Implemented,host-runtime-implementation,Host runtime implementation/support symbol from libtx8_runtime.so.
third_party/tx8_deps/profiling_tool/examples/engtest_example/libtx8_runtime.so,,PROF_TYPE_NCC,r,Implemented,host-runtime-implementation,Host runtime implementation/support symbol from libtx8_runtime.so.
third_party/tx8_deps/profiling_tool/examples/engtest_example/libtx8_runtime.so,,PROF_TYPE_NCC,r,Implemented,host-runtime-implementation,Host runtime implementation/support symbol from libtx8_runtime.so.
third_party/tx8_deps/profiling_tool/examples/engtest_example/libtx8_runtime.so,,PROF_TYPE_NCC,r,Implemented,host-runtime-implementation,Host runtime implementation/support symbol from libtx8_runtime.so.
third_party/tx8_deps/profiling_tool/examples/engtest_example/libtx8_runtime.so,,PROF_TYPE_NCC,r,Implemented,host-runtime-implementation,Host runtime implementation/support symbol from libtx8_runtime.so.
third_party/tx8_deps/profiling_tool/examples/engtest_example/libtx8_runtime.so,,PROF_TYPE_NCC,r,Implemented,host-runtime-implementation,Host runtime implementation/support symbol from libtx8_runtime.so.
third_party/tx8_deps/profiling_tool/examples/engtest_example/libtx8_runtime.so,,PROF_TYPE_NCC,r,Implemented,host-runtime-implementation,Host runtime implementation/support symbol from libtx8_runtime.so.
third_party/tx8_deps/profiling_tool/examples/engtest_example/libtx8_runtime.so,,PROF_TYPE_NCC,r,Implemented,host-runtime-implementation,Host runtime implementation/support symbol from libtx8_runtime.so.
third_party/tx8_deps/profiling_tool/examples/engtest_example/libtx8_runtime.so,,PROF_TYPE_NCC,r,Implemented,host-runtime-implementation,Host runtime implementation/support symbol from libtx8_runtime.so.
third_party/tx8_deps/profiling_tool/examples/engtest_example/libtx8_runtime.so,,PROF_TYPE_NCC,r,Implemented,host-runtime-implementation,Host runtime implementation/support symbol from libtx8_runtime.so.
third_party/tx8_deps/profiling_tool/examples/engtest_example/libtx8_runtime.so,,PROF_TYPE_NCC,r,Implemented,host-runtime-implementation,Host runtime implementation/support symbol from libtx8_runtime.so.
third_party/tx8_deps/profiling_tool/examples/engtest_example/libtx8_runtime.so,,PROF_TYPE_NCC,r,Implemented,host-runtime-implementation,Host runtime implementation/support symbol from libtx8_runtime.so.
third_party/tx8_deps/profiling_tool/examples/engtest_example/libtx8_runtime.so,,PROF_TYPE_NCC,r,Implemented,host-runtime-implementation,Host runtime implementation/support symbol from libtx8_runtime.so.
third_party/tx8_deps/profiling_tool/examples/engtest_example/libtx8_runtime.so,,PROF_TYPE_NCC,r,Implemented,host-runtime-implementation,Host runtime implementation/support symbol from libtx8_runtime.so.
third_party/tx8_deps/profiling_tool/examples/engtest_example/libtx8_runtime.so,,PROF_TYPE_NCC,r,Implemented,host-runtime-implementation,Host runtime implementation/support symbol from libtx8_runtime.so.
third_party/tx8_deps/profiling_tool/examples/engtest_example/libtx8_runtime.so,,PROF_TYPE_NCC,r,Implemented,host-runtime-implementation,Host runtime implementation/support symbol from libtx8_runtime.so.
third_party/tx8_deps/profiling_tool/examples/engtest_example/libtx8_runtime.so,,PROF_TYPE_NCC,r,Implemented,host-runtime-implementation,Host runtime implementation/support symbol from libtx8_runtime.so.
third_party/tx8_deps/profiling_tool/examples/engtest_example/libtx8_runtime.so,,PROF_TYPE_NCC,r,Implemented,host-runtime-implementation,Host runtime implementation/support symbol from libtx8_runtime.so.
third_party/tx8_deps/profiling_tool/examples/engtest_example/libtx8_runtime.so,,PROF_TYPE_NCC,r,Implemented,host-runtime-implementation,Host runtime implementation/support symbol from libtx8_runtime.so.
third_party/tx8_deps/profiling_tool/examples/engtest_example/libtx8_runtime.so,,PROF_TYPE_SPM,r,Implemented,host-runtime-implementation,Host runtime implementation/support symbol from libtx8_runtime.so.
third_party/tx8_deps/profiling_tool/examples/engtest_example/libtx8_runtime.so,,PROF_TYPE_SPM,r,Implemented,host-runtime-implementation,Host runtime implementation/support symbol from libtx8_runtime.so.
third_party/tx8_deps/profiling_tool/examples/engtest_example/libtx8_runtime.so,,PROF_TYPE_SPM,r,Implemented,host-runtime-implementation,Host runtime implementation/support symbol from libtx8_runtime.so.
third_party/tx8_deps/profiling_tool/examples/engtest_example/libtx8_runtime.so,,PROF_TYPE_SPM,r,Implemented,host-runtime-implementation,Host runtime implementation/support symbol from libtx8_runtime.so.
third_party/tx8_deps/profiling_tool/examples/engtest_example/libtx8_runtime.so,,PROF_TYPE_SPM,r,Implemented,host-runtime-implementation,Host runtime implementation/support symbol from libtx8_runtime.so.
third_party/tx8_deps/profiling_tool/examples/engtest_example/libtx8_runtime.so,,PROF_TYPE_SPM,r,Implemented,host-runtime-implementation,Host runtime implementation/support symbol from libtx8_runtime.so.
third_party/tx8_deps/profiling_tool/examples/engtest_example/libtx8_runtime.so,,PROF_TYPE_SPM,r,Implemented,host-runtime-implementation,Host runtime implementation/support symbol from libtx8_runtime.so.
third_party/tx8_deps/profiling_tool/examples/engtest_example/libtx8_runtime.so,,PROF_TYPE_SPM,r,Implemented,host-runtime-implementation,Host runtime implementation/support symbol from libtx8_runtime.so.
third_party/tx8_deps/profiling_tool/examples/engtest_example/libtx8_runtime.so,,PROF_TYPE_SPM,r,Implemented,host-runtime-implementation,Host runtime implementation/support symbol from libtx8_runtime.so.
third_party/tx8_deps/profiling_tool/examples/engtest_example/libtx8_runtime.so,,PROF_TYPE_SPM,r,Implemented,host-runtime-implementation,Host runtime implementation/support symbol from libtx8_runtime.so.
third_party/tx8_deps/profiling_tool/examples/engtest_example/libtx8_runtime.so,,PROF_TYPE_SPM,r,Implemented,host-runtime-implementation,Host runtime implementation/support symbol from libtx8_runtime.so.
third_party/tx8_deps/profiling_tool/examples/engtest_example/libtx8_runtime.so,,PROF_TYPE_SPM,r,Implemented,host-runtime-implementation,Host runtime implementation/support symbol from libtx8_runtime.so.
third_party/tx8_deps/profiling_tool/examples/engtest_example/libtx8_runtime.so,,PROF_TYPE_SPM,r,Implemented,host-runtime-implementation,Host runtime implementation/support symbol from libtx8_runtime.so.
third_party/tx8_deps/profiling_tool/examples/engtest_example/libtx8_runtime.so,,PROF_TYPE_SPM,r,Implemented,host-runtime-implementation,Host runtime implementation/support symbol from libtx8_runtime.so.
third_party/tx8_deps/profiling_tool/examples/engtest_example/libtx8_runtime.so,,PROF_TYPE_SPM,r,Implemented,host-runtime-implementation,Host runtime implementation/support symbol from libtx8_runtime.so.
third_party/tx8_deps/profiling_tool/examples/engtest_example/libtx8_runtime.so,,PROF_TYPE_SPM,r,Implemented,host-runtime-implementation,Host runtime implementation/support symbol from libtx8_runtime.so.
third_party/tx8_deps/profiling_tool/examples/engtest_example/libtx8_runtime.so,,PROF_TYPE_SPM,r,Implemented,host-runtime-implementation,Host runtime implementation/support symbol from libtx8_runtime.so.
third_party/tx8_deps/profiling_tool/examples/engtest_example/libtx8_runtime.so,,PROF_TYPE_SPM,r,Implemented,host-runtime-implementation,Host runtime implementation/support symbol from libtx8_runtime.so.
third_party/tx8_deps/profiling_tool/examples/engtest_example/libtx8_runtime.so,,PROF_TYPE_SPM,r,Implemented,host-runtime-implementation,Host runtime implementation/support symbol from libtx8_runtime.so.
third_party/tx8_deps/profiling_tool/examples/engtest_example/libtx8_runtime.so,,PROF_TYPE_SPM,r,Implemented,host-runtime-implementation,Host runtime implementation/support symbol from libtx8_runtime.so.
third_party/tx8_deps/profiling_tool/examples/engtest_example/libtx8_runtime.so,,RT_EVENT_COUNT,r,Implemented,host-runtime-implementation,Host runtime implementation/support symbol from libtx8_runtime.so.
third_party/tx8_deps/profiling_tool/examples/engtest_example/libtx8_runtime.so,,RT_EVENT_COUNT,r,Implemented,host-runtime-implementation,Host runtime implementation/support symbol from libtx8_runtime.so.
third_party/tx8_deps/profiling_tool/examples/engtest_example/libtx8_runtime.so,,RT_EVENT_COUNT,r,Implemented,host-runtime-implementation,Host runtime implementation/support symbol from libtx8_runtime.so.
third_party/tx8_deps/profiling_tool/examples/engtest_example/libtx8_runtime.so,,RT_EVENT_COUNT,r,Implemented,host-runtime-implementation,Host runtime implementation/support symbol from libtx8_runtime.so.
third_party/tx8_deps/profiling_tool/examples/engtest_example/libtx8_runtime.so,,RT_EVENT_COUNT,r,Implemented,host-runtime-implementation,Host runtime implementation/support symbol from libtx8_runtime.so.
third_party/tx8_deps/profiling_tool/examples/engtest_example/libtx8_runtime.so,,RT_EVENT_COUNT,r,Implemented,host-runtime-implementation,Host runtime implementation/support symbol from libtx8_runtime.so.
third_party/tx8_deps/profiling_tool/examples/engtest_example/libtx8_runtime.so,,RT_EVENT_COUNT,r,Implemented,host-runtime-implementation,Host runtime implementation/support symbol from libtx8_runtime.so.
third_party/tx8_deps/profiling_tool/examples/engtest_example/libtx8_runtime.so,,RT_EVENT_COUNT,r,Implemented,host-runtime-implementation,Host runtime implementation/support symbol from libtx8_runtime.so.
third_party/tx8_deps/profiling_tool/examples/engtest_example/libtx8_runtime.so,,RT_EVENT_COUNT,r,Implemented,host-runtime-implementation,Host runtime implementation/support symbol from libtx8_runtime.so.
third_party/tx8_deps/profiling_tool/examples/engtest_example/libtx8_runtime.so,,RT_EVENT_COUNT,r,Implemented,host-runtime-implementation,Host runtime implementation/support symbol from libtx8_runtime.so.
third_party/tx8_deps/profiling_tool/examples/engtest_example/libtx8_runtime.so,,RT_EVENT_COUNT,r,Implemented,host-runtime-implementation,Host runtime implementation/support symbol from libtx8_runtime.so.
third_party/tx8_deps/profiling_tool/examples/engtest_example/libtx8_runtime.so,,RT_STREAM_COUNT,r,Implemented,host-runtime-implementation,Host runtime implementation/support symbol from libtx8_runtime.so.
third_party/tx8_deps/profiling_tool/examples/engtest_example/libtx8_runtime.so,,RT_STREAM_COUNT,r,Implemented,host-runtime-implementation,Host runtime implementation/support symbol from libtx8_runtime.so.
third_party/tx8_deps/profiling_tool/examples/engtest_example/libtx8_runtime.so,,RT_STREAM_COUNT,r,Implemented,host-runtime-implementation,Host runtime implementation/support symbol from libtx8_runtime.so.
third_party/tx8_deps/profiling_tool/examples/engtest_example/libtx8_runtime.so,,RT_STREAM_COUNT,r,Implemented,host-runtime-implementation,Host runtime implementation/support symbol from libtx8_runtime.so.
third_party/tx8_deps/profiling_tool/examples/engtest_example/libtx8_runtime.so,,RT_STREAM_COUNT,r,Implemented,host-runtime-implementation,Host runtime implementation/support symbol from libtx8_runtime.so.
third_party/tx8_deps/profiling_tool/examples/engtest_example/libtx8_runtime.so,,RT_STREAM_COUNT,r,Implemented,host-runtime-implementation,Host runtime implementation/support symbol from libtx8_runtime.so.
third_party/tx8_deps/profiling_tool/examples/engtest_example/libtx8_runtime.so,,RT_STREAM_COUNT,r,Implemented,host-runtime-implementation,Host runtime implementation/support symbol from libtx8_runtime.so.
third_party/tx8_deps/profiling_tool/examples/engtest_example/libtx8_runtime.so,,RT_STREAM_COUNT,r,Implemented,host-runtime-implementation,Host runtime implementation/support symbol from libtx8_runtime.so.
third_party/tx8_deps/profiling_tool/examples/engtest_example/libtx8_runtime.so,,RT_STREAM_COUNT,r,Implemented,host-runtime-implementation,Host runtime implementation/support symbol from libtx8_runtime.so.
third_party/tx8_deps/profiling_tool/examples/engtest_example/libtx8_runtime.so,,RT_STREAM_COUNT,r,Implemented,host-runtime-implementation,Host runtime implementation/support symbol from libtx8_runtime.so.
third_party/tx8_deps/profiling_tool/examples/engtest_example/libtx8_runtime.so,,SHM_DATA_NAME,b,Implemented,host-runtime-implementation,Host runtime implementation/support symbol from libtx8_runtime.so.
third_party/tx8_deps/profiling_tool/examples/engtest_example/libtx8_runtime.so,,SHM_DATA_NAME,b,Implemented,host-runtime-implementation,Host runtime implementation/support symbol from libtx8_runtime.so.
third_party/tx8_deps/profiling_tool/examples/engtest_example/libtx8_runtime.so,,SHM_DATA_NAME,b,Implemented,host-runtime-implementation,Host runtime implementation/support symbol from libtx8_runtime.so.
third_party/tx8_deps/profiling_tool/examples/engtest_example/libtx8_runtime.so,,SHM_DATA_NAME,b,Implemented,host-runtime-implementation,Host runtime implementation/support symbol from libtx8_runtime.so.
third_party/tx8_deps/profiling_tool/examples/engtest_example/libtx8_runtime.so,,SHM_DATA_NAME,b,Implemented,host-runtime-implementation,Host runtime implementation/support symbol from libtx8_runtime.so.
third_party/tx8_deps/profiling_tool/examples/engtest_example/libtx8_runtime.so,,SHM_DATA_NAME,b,Implemented,host-runtime-implementation,Host runtime implementation/support symbol from libtx8_runtime.so.
third_party/tx8_deps/profiling_tool/examples/engtest_example/libtx8_runtime.so,,SHM_DATA_NAME,b,Implemented,host-runtime-implementation,Host runtime implementation/support symbol from libtx8_runtime.so.
third_party/tx8_deps/profiling_tool/examples/engtest_example/libtx8_runtime.so,,SHM_DATA_NAME,b,Implemented,host-runtime-implementation,Host runtime implementation/support symbol from libtx8_runtime.so.
third_party/tx8_deps/profiling_tool/examples/engtest_example/libtx8_runtime.so,,SHM_DATA_NAME,b,Implemented,host-runtime-implementation,Host runtime implementation/support symbol from libtx8_runtime.so.
third_party/tx8_deps/profiling_tool/examples/engtest_example/libtx8_runtime.so,,"SHM_Send(unsigned int, void const*, unsigned long)",T,Implemented,host-runtime-implementation,Host runtime implementation/support symbol from libtx8_runtime.so.
third_party/tx8_deps/profiling_tool/examples/engtest_example/libtx8_runtime.so,,"SHM_Wait_Msg_Done(unsigned int, unsigned int)",T,Implemented,host-runtime-implementation,Host runtime implementation/support symbol from libtx8_runtime.so.
third_party/tx8_deps/profiling_tool/examples/engtest_example/libtx8_runtime.so,,SetCurrentThreadName(char const*),T,Implemented,host-runtime-implementation,Host runtime implementation/support symbol from libtx8_runtime.so.
third_party/tx8_deps/profiling_tool/examples/engtest_example/libtx8_runtime.so,,_GLOBAL__sub_I_dte_ops.cpp,t,Implemented,host-runtime-implementation,Host runtime implementation/support symbol from libtx8_runtime.so.
third_party/tx8_deps/profiling_tool/examples/engtest_example/libtx8_runtime.so,,_GLOBAL__sub_I_host_runtime.cpp,t,Implemented,host-runtime-implementation,Host runtime implementation/support symbol from libtx8_runtime.so.
third_party/tx8_deps/profiling_tool/examples/engtest_example/libtx8_runtime.so,,_GLOBAL__sub_I_hrt_app_report.cpp,t,Implemented,host-runtime-implementation,Host runtime implementation/support symbol from libtx8_runtime.so.
third_party/tx8_deps/profiling_tool/examples/engtest_example/libtx8_runtime.so,,_GLOBAL__sub_I_hrt_app_tools.cpp,t,Implemented,host-runtime-implementation,Host runtime implementation/support symbol from libtx8_runtime.so.
third_party/tx8_deps/profiling_tool/examples/engtest_example/libtx8_runtime.so,,_GLOBAL__sub_I_hrt_common.cpp,t,Implemented,host-runtime-implementation,Host runtime implementation/support symbol from libtx8_runtime.so.
third_party/tx8_deps/profiling_tool/examples/engtest_example/libtx8_runtime.so,,_GLOBAL__sub_I_hrt_inner.cpp,t,Implemented,host-runtime-implementation,Host runtime implementation/support symbol from libtx8_runtime.so.
third_party/tx8_deps/profiling_tool/examples/engtest_example/libtx8_runtime.so,,_GLOBAL__sub_I_hrt_interface.cpp,t,Implemented,host-runtime-implementation,Host runtime implementation/support symbol from libtx8_runtime.so.
third_party/tx8_deps/profiling_tool/examples/engtest_example/libtx8_runtime.so,,_GLOBAL__sub_I_hrt_log.cpp,t,Implemented,host-runtime-implementation,Host runtime implementation/support symbol from libtx8_runtime.so.
third_party/tx8_deps/profiling_tool/examples/engtest_example/libtx8_runtime.so,,_GLOBAL__sub_I_hrt_util_mqueue.cpp,t,Implemented,host-runtime-implementation,Host runtime implementation/support symbol from libtx8_runtime.so.
third_party/tx8_deps/profiling_tool/examples/engtest_example/libtx8_runtime.so,,_GLOBAL__sub_I_hrt_util_shm.cpp,t,Implemented,host-runtime-implementation,Host runtime implementation/support symbol from libtx8_runtime.so.
third_party/tx8_deps/profiling_tool/examples/engtest_example/libtx8_runtime.so,,_GLOBAL__sub_I_hrt_util_signal.cpp,t,Implemented,host-runtime-implementation,Host runtime implementation/support symbol from libtx8_runtime.so.
third_party/tx8_deps/profiling_tool/examples/engtest_example/libtx8_runtime.so,,_GLOBAL__sub_I_hrt_util_task_queue.cpp,t,Implemented,host-runtime-implementation,Host runtime implementation/support symbol from libtx8_runtime.so.
third_party/tx8_deps/profiling_tool/examples/engtest_example/libtx8_runtime.so,,_GLOBAL__sub_I_hrt_util_thread_pool.cpp,t,Implemented,host-runtime-implementation,Host runtime implementation/support symbol from libtx8_runtime.so.
third_party/tx8_deps/profiling_tool/examples/engtest_example/libtx8_runtime.so,,_GLOBAL__sub_I_main.cpp,t,Implemented,host-runtime-implementation,Host runtime implementation/support symbol from libtx8_runtime.so.
third_party/tx8_deps/profiling_tool/examples/engtest_example/libtx8_runtime.so,,_GLOBAL__sub_I_ml_common.cpp,t,Implemented,host-runtime-implementation,Host runtime implementation/support symbol from libtx8_runtime.so.
third_party/tx8_deps/profiling_tool/examples/engtest_example/libtx8_runtime.so,,_GLOBAL__sub_I_runtime_api_error.cpp,t,Implemented,host-runtime-implementation,Host runtime implementation/support symbol from libtx8_runtime.so.
third_party/tx8_deps/profiling_tool/examples/engtest_example/libtx8_runtime.so,,_GLOBAL__sub_I_runtime_api_impl_hw.cpp,t,Implemented,host-runtime-implementation,Host runtime implementation/support symbol from libtx8_runtime.so.
third_party/tx8_deps/profiling_tool/examples/engtest_example/libtx8_runtime.so,,_GLOBAL__sub_I_runtime_api_log.cpp,t,Implemented,host-runtime-implementation,Host runtime implementation/support symbol from libtx8_runtime.so.
third_party/tx8_deps/profiling_tool/examples/engtest_example/libtx8_runtime.so,,_GLOBAL__sub_I_runtime_api_prof.cpp,t,Implemented,host-runtime-implementation,Host runtime implementation/support symbol from libtx8_runtime.so.
third_party/tx8_deps/profiling_tool/examples/engtest_example/libtx8_runtime.so,,_GLOBAL__sub_I_runtime_base.cpp,t,Implemented,host-runtime-implementation,Host runtime implementation/support symbol from libtx8_runtime.so.
third_party/tx8_deps/profiling_tool/examples/engtest_example/libtx8_runtime.so,,_GLOBAL__sub_I_runtime_event.cpp,t,Implemented,host-runtime-implementation,Host runtime implementation/support symbol from libtx8_runtime.so.
third_party/tx8_deps/profiling_tool/examples/engtest_example/libtx8_runtime.so,,_GLOBAL__sub_I_runtime_stream.cpp,t,Implemented,host-runtime-implementation,Host runtime implementation/support symbol from libtx8_runtime.so.
third_party/tx8_deps/profiling_tool/examples/engtest_example/libtx8_runtime.so,,_GLOBAL__sub_I_runtime_watch_rpc_task.cpp,t,Implemented,host-runtime-implementation,Host runtime implementation/support symbol from libtx8_runtime.so.
third_party/tx8_deps/profiling_tool/examples/engtest_example/libtx8_runtime.so,,__TMC_END__,d,Implemented,host-runtime-implementation,Host runtime implementation/support symbol from libtx8_runtime.so.
third_party/tx8_deps/profiling_tool/examples/engtest_example/libtx8_runtime.so,,__do_global_dtors_aux,t,Implemented,host-runtime-implementation,Host runtime implementation/support symbol from libtx8_runtime.so.
third_party/tx8_deps/profiling_tool/examples/engtest_example/libtx8_runtime.so,,__do_global_dtors_aux_fini_array_entry,d,Implemented,host-runtime-implementation,Host runtime implementation/support symbol from libtx8_runtime.so.
third_party/tx8_deps/profiling_tool/examples/engtest_example/libtx8_runtime.so,,__frame_dummy_init_array_entry,d,Implemented,host-runtime-implementation,Host runtime implementation/support symbol from libtx8_runtime.so.
third_party/tx8_deps/profiling_tool/examples/engtest_example/libtx8_runtime.so,,__fstat,t,Implemented,host-runtime-implementation,Host runtime implementation/support symbol from libtx8_runtime.so.
third_party/tx8_deps/profiling_tool/examples/engtest_example/libtx8_runtime.so,,__gthread_active_p(),t,Implemented,host-runtime-implementation,Host runtime implementation/support symbol from libtx8_runtime.so.
third_party/tx8_deps/profiling_tool/examples/engtest_example/libtx8_runtime.so,,__gthread_active_p(),t,Implemented,host-runtime-implementation,Host runtime implementation/support symbol from libtx8_runtime.so.
third_party/tx8_deps/profiling_tool/examples/engtest_example/libtx8_runtime.so,,__gthread_active_p(),t,Implemented,host-runtime-implementation,Host runtime implementation/support symbol from libtx8_runtime.so.
third_party/tx8_deps/profiling_tool/examples/engtest_example/libtx8_runtime.so,,__gthread_active_p(),t,Implemented,host-runtime-implementation,Host runtime implementation/support symbol from libtx8_runtime.so.
third_party/tx8_deps/profiling_tool/examples/engtest_example/libtx8_runtime.so,,__gthread_active_p(),t,Implemented,host-runtime-implementation,Host runtime implementation/support symbol from libtx8_runtime.so.
third_party/tx8_deps/profiling_tool/examples/engtest_example/libtx8_runtime.so,,__gthread_active_p(),t,Implemented,host-runtime-implementation,Host runtime implementation/support symbol from libtx8_runtime.so.
third_party/tx8_deps/profiling_tool/examples/engtest_example/libtx8_runtime.so,,__gthread_active_p(),t,Implemented,host-runtime-implementation,Host runtime implementation/support symbol from libtx8_runtime.so.
third_party/tx8_deps/profiling_tool/examples/engtest_example/libtx8_runtime.so,,__gthread_active_p(),t,Implemented,host-runtime-implementation,Host runtime implementation/support symbol from libtx8_runtime.so.
third_party/tx8_deps/profiling_tool/examples/engtest_example/libtx8_runtime.so,,__gthread_active_p(),t,Implemented,host-runtime-implementation,Host runtime implementation/support symbol from libtx8_runtime.so.
third_party/tx8_deps/profiling_tool/examples/engtest_example/libtx8_runtime.so,,__gthread_active_p(),t,Implemented,host-runtime-implementation,Host runtime implementation/support symbol from libtx8_runtime.so.
third_party/tx8_deps/profiling_tool/examples/engtest_example/libtx8_runtime.so,,__gthread_active_p(),t,Implemented,host-runtime-implementation,Host runtime implementation/support symbol from libtx8_runtime.so.
third_party/tx8_deps/profiling_tool/examples/engtest_example/libtx8_runtime.so,,__gthread_active_p(),t,Implemented,host-runtime-implementation,Host runtime implementation/support symbol from libtx8_runtime.so.
third_party/tx8_deps/profiling_tool/examples/engtest_example/libtx8_runtime.so,,"__gthread_cond_timedwait(pthread_cond_t*, pthread_mutex_t*, timespec const*)",t,Implemented,host-runtime-implementation,Host runtime implementation/support symbol from libtx8_runtime.so.
third_party/tx8_deps/profiling_tool/examples/engtest_example/libtx8_runtime.so,,__gthread_mutex_lock(pthread_mutex_t*),t,Implemented,host-runtime-implementation,Host runtime implementation/support symbol from libtx8_runtime.so.
third_party/tx8_deps/profiling_tool/examples/engtest_example/libtx8_runtime.so,,__gthread_mutex_unlock(pthread_mutex_t*),t,Implemented,host-runtime-implementation,Host runtime implementation/support symbol from libtx8_runtime.so.
third_party/tx8_deps/profiling_tool/examples/engtest_example/libtx8_runtime.so,,"__gthread_once(int*, void (*)())",t,Implemented,host-runtime-implementation,Host runtime implementation/support symbol from libtx8_runtime.so.
third_party/tx8_deps/profiling_tool/examples/engtest_example/libtx8_runtime.so,,__gthread_yield(),t,Implemented,host-runtime-implementation,Host runtime implementation/support symbol from libtx8_runtime.so.
third_party/tx8_deps/profiling_tool/examples/engtest_example/libtx8_runtime.so,,"__static_initialization_and_destruction_0(int, int)",t,Implemented,host-runtime-implementation,Host runtime implementation/support symbol from libtx8_runtime.so.
third_party/tx8_deps/profiling_tool/examples/engtest_example/libtx8_runtime.so,,"__static_initialization_and_destruction_0(int, int)",t,Implemented,host-runtime-implementation,Host runtime implementation/support symbol from libtx8_runtime.so.
third_party/tx8_deps/profiling_tool/examples/engtest_example/libtx8_runtime.so,,"__static_initialization_and_destruction_0(int, int)",t,Implemented,host-runtime-implementation,Host runtime implementation/support symbol from libtx8_runtime.so.
third_party/tx8_deps/profiling_tool/examples/engtest_example/libtx8_runtime.so,,"__static_initialization_and_destruction_0(int, int)",t,Implemented,host-runtime-implementation,Host runtime implementation/support symbol from libtx8_runtime.so.
third_party/tx8_deps/profiling_tool/examples/engtest_example/libtx8_runtime.so,,"__static_initialization_and_destruction_0(int, int)",t,Implemented,host-runtime-implementation,Host runtime implementation/support symbol from libtx8_runtime.so.
third_party/tx8_deps/profiling_tool/examples/engtest_example/libtx8_runtime.so,,"__static_initialization_and_destruction_0(int, int)",t,Implemented,host-runtime-implementation,Host runtime implementation/support symbol from libtx8_runtime.so.
third_party/tx8_deps/profiling_tool/examples/engtest_example/libtx8_runtime.so,,"__static_initialization_and_destruction_0(int, int)",t,Implemented,host-runtime-implementation,Host runtime implementation/support symbol from libtx8_runtime.so.
third_party/tx8_deps/profiling_tool/examples/engtest_example/libtx8_runtime.so,,"__static_initialization_and_destruction_0(int, int)",t,Implemented,host-runtime-implementation,Host runtime implementation/support symbol from libtx8_runtime.so.
third_party/tx8_deps/profiling_tool/examples/engtest_example/libtx8_runtime.so,,"__static_initialization_and_destruction_0(int, int)",t,Implemented,host-runtime-implementation,Host runtime implementation/support symbol from libtx8_runtime.so.
third_party/tx8_deps/profiling_tool/examples/engtest_example/libtx8_runtime.so,,"__static_initialization_and_destruction_0(int, int)",t,Implemented,host-runtime-implementation,Host runtime implementation/support symbol from libtx8_runtime.so.
third_party/tx8_deps/profiling_tool/examples/engtest_example/libtx8_runtime.so,,"__static_initialization_and_destruction_0(int, int)",t,Implemented,host-runtime-implementation,Host runtime implementation/support symbol from libtx8_runtime.so.
third_party/tx8_deps/profiling_tool/examples/engtest_example/libtx8_runtime.so,,"__static_initialization_and_destruction_0(int, int)",t,Implemented,host-runtime-implementation,Host runtime implementation/support symbol from libtx8_runtime.so.
third_party/tx8_deps/profiling_tool/examples/engtest_example/libtx8_runtime.so,,"__static_initialization_and_destruction_0(int, int)",t,Implemented,host-runtime-implementation,Host runtime implementation/support symbol from libtx8_runtime.so.
third_party/tx8_deps/profiling_tool/examples/engtest_example/libtx8_runtime.so,,"__static_initialization_and_destruction_0(int, int)",t,Implemented,host-runtime-implementation,Host runtime implementation/support symbol from libtx8_runtime.so.
third_party/tx8_deps/profiling_tool/examples/engtest_example/libtx8_runtime.so,,"__static_initialization_and_destruction_0(int, int)",t,Implemented,host-runtime-implementation,Host runtime implementation/support symbol from libtx8_runtime.so.
third_party/tx8_deps/profiling_tool/examples/engtest_example/libtx8_runtime.so,,"__static_initialization_and_destruction_0(int, int)",t,Implemented,host-runtime-implementation,Host runtime implementation/support symbol from libtx8_runtime.so.
third_party/tx8_deps/profiling_tool/examples/engtest_example/libtx8_runtime.so,,"__static_initialization_and_destruction_0(int, int)",t,Implemented,host-runtime-implementation,Host runtime implementation/support symbol from libtx8_runtime.so.
third_party/tx8_deps/profiling_tool/examples/engtest_example/libtx8_runtime.so,,"__static_initialization_and_destruction_0(int, int)",t,Implemented,host-runtime-implementation,Host runtime implementation/support symbol from libtx8_runtime.so.
third_party/tx8_deps/profiling_tool/examples/engtest_example/libtx8_runtime.so,,"__static_initialization_and_destruction_0(int, int)",t,Implemented,host-runtime-implementation,Host runtime implementation/support symbol from libtx8_runtime.so.
third_party/tx8_deps/profiling_tool/examples/engtest_example/libtx8_runtime.so,,"__static_initialization_and_destruction_0(int, int)",t,Implemented,host-runtime-implementation,Host runtime implementation/support symbol from libtx8_runtime.so.
third_party/tx8_deps/profiling_tool/examples/engtest_example/libtx8_runtime.so,,"__static_initialization_and_destruction_0(int, int)",t,Implemented,host-runtime-implementation,Host runtime implementation/support symbol from libtx8_runtime.so.
third_party/tx8_deps/profiling_tool/examples/engtest_example/libtx8_runtime.so,,"__static_initialization_and_destruction_0(int, int)",t,Implemented,host-runtime-implementation,Host runtime implementation/support symbol from libtx8_runtime.so.
third_party/tx8_deps/profiling_tool/examples/engtest_example/libtx8_runtime.so,,"__static_initialization_and_destruction_0(int, int)",t,Implemented,host-runtime-implementation,Host runtime implementation/support symbol from libtx8_runtime.so.
third_party/tx8_deps/profiling_tool/examples/engtest_example/libtx8_runtime.so,,_fini,t,Implemented,host-runtime-implementation,Host runtime implementation/support symbol from libtx8_runtime.so.
third_party/tx8_deps/profiling_tool/examples/engtest_example/libtx8_runtime.so,,_init,t,Implemented,host-runtime-implementation,Host runtime implementation/support symbol from libtx8_runtime.so.
third_party/tx8_deps/profiling_tool/examples/engtest_example/libtx8_runtime.so,,checkMemValid(unsigned long),T,Implemented,host-runtime-implementation,Host runtime implementation/support symbol from libtx8_runtime.so.
third_party/tx8_deps/profiling_tool/examples/engtest_example/libtx8_runtime.so,,"close_connector(short, int)",T,Implemented,host-runtime-implementation,Host runtime implementation/support symbol from libtx8_runtime.so.
third_party/tx8_deps/profiling_tool/examples/engtest_example/libtx8_runtime.so,,"compareNodes(TsmTileFullInfo const&, TsmTileFullInfo const&)",T,Implemented,host-runtime-implementation,Host runtime implementation/support symbol from libtx8_runtime.so.
third_party/tx8_deps/profiling_tool/examples/engtest_example/libtx8_runtime.so,,"compareResult(unsigned long, unsigned long, unsigned long)",T,Implemented,host-runtime-implementation,Host runtime implementation/support symbol from libtx8_runtime.so.
third_party/tx8_deps/profiling_tool/examples/engtest_example/libtx8_runtime.so,,"create_mq(char*, bool)",T,Implemented,host-runtime-implementation,Host runtime implementation/support symbol from libtx8_runtime.so.
third_party/tx8_deps/profiling_tool/examples/engtest_example/libtx8_runtime.so,,"create_mq_by_size(char*, unsigned int, unsigned int, bool)",T,Implemented,host-runtime-implementation,Host runtime implementation/support symbol from libtx8_runtime.so.
third_party/tx8_deps/profiling_tool/examples/engtest_example/libtx8_runtime.so,,"d2d_buffer_tiling(unsigned long, unsigned long, unsigned long, TileDteCfg*)",t,Implemented,host-runtime-implementation,Host runtime implementation/support symbol from libtx8_runtime.so.
third_party/tx8_deps/profiling_tool/examples/engtest_example/libtx8_runtime.so,,deregister_tm_clones,t,Implemented,host-runtime-implementation,Host runtime implementation/support symbol from libtx8_runtime.so.
third_party/tx8_deps/profiling_tool/examples/engtest_example/libtx8_runtime.so,,dtype_str_map,b,Implemented,reversed-implementation,Implementation symbol covered by function/API-level reverse engineering.
third_party/tx8_deps/profiling_tool/examples/engtest_example/libtx8_runtime.so,,dump_log_to_file(char const* const&),T,Implemented,host-runtime-implementation,Host runtime implementation/support symbol from libtx8_runtime.so.
third_party/tx8_deps/profiling_tool/examples/engtest_example/libtx8_runtime.so,,dump_plog_env,B,Implemented,host-runtime-implementation,Host runtime implementation/support symbol from libtx8_runtime.so.
third_party/tx8_deps/profiling_tool/examples/engtest_example/libtx8_runtime.so,,file_mutex,b,Implemented,host-runtime-implementation,Host runtime implementation/support symbol from libtx8_runtime.so.
third_party/tx8_deps/profiling_tool/examples/engtest_example/libtx8_runtime.so,,frame_dummy,t,Implemented,host-runtime-implementation,Host runtime implementation/support symbol from libtx8_runtime.so.
third_party/tx8_deps/profiling_tool/examples/engtest_example/libtx8_runtime.so,,fstat,t,Implemented,host-runtime-implementation,Host runtime implementation/support symbol from libtx8_runtime.so.
third_party/tx8_deps/profiling_tool/examples/engtest_example/libtx8_runtime.so,,g_chid_mq,b,Implemented,host-runtime-implementation,Host runtime implementation/support symbol from libtx8_runtime.so.
third_party/tx8_deps/profiling_tool/examples/engtest_example/libtx8_runtime.so,,g_chips_rp_done,b,Implemented,host-runtime-implementation,Host runtime implementation/support symbol from libtx8_runtime.so.
third_party/tx8_deps/profiling_tool/examples/engtest_example/libtx8_runtime.so,,g_enable_rpc_task_watch,B,Implemented,host-runtime-implementation,Host runtime implementation/support symbol from libtx8_runtime.so.
third_party/tx8_deps/profiling_tool/examples/engtest_example/libtx8_runtime.so,,g_error_map,b,Implemented,host-runtime-implementation,Host runtime implementation/support symbol from libtx8_runtime.so.
third_party/tx8_deps/profiling_tool/examples/engtest_example/libtx8_runtime.so,,g_graph_mutex,B,Implemented,host-runtime-implementation,Host runtime implementation/support symbol from libtx8_runtime.so.
third_party/tx8_deps/profiling_tool/examples/engtest_example/libtx8_runtime.so,,g_host_log_level,D,Implemented,host-runtime-implementation,Host runtime implementation/support symbol from libtx8_runtime.so.
third_party/tx8_deps/profiling_tool/examples/engtest_example/libtx8_runtime.so,,g_init_status,b,Implemented,host-runtime-implementation,Host runtime implementation/support symbol from libtx8_runtime.so.
third_party/tx8_deps/profiling_tool/examples/engtest_example/libtx8_runtime.so,,g_model_mutex,B,Implemented,host-runtime-implementation,Host runtime implementation/support symbol from libtx8_runtime.so.
third_party/tx8_deps/profiling_tool/examples/engtest_example/libtx8_runtime.so,,g_rpc_task_timeout_secs,D,Implemented,host-runtime-implementation,Host runtime implementation/support symbol from libtx8_runtime.so.
third_party/tx8_deps/profiling_tool/examples/engtest_example/libtx8_runtime.so,,g_send_ringbuffer,b,Implemented,host-runtime-implementation,Host runtime implementation/support symbol from libtx8_runtime.so.
third_party/tx8_deps/profiling_tool/examples/engtest_example/libtx8_runtime.so,,"get_connector_name(char*, int, short, int)",T,Implemented,host-runtime-implementation,Host runtime implementation/support symbol from libtx8_runtime.so.
third_party/tx8_deps/profiling_tool/examples/engtest_example/libtx8_runtime.so,,get_connector_process_key(),T,Implemented,host-runtime-implementation,Host runtime implementation/support symbol from libtx8_runtime.so.
third_party/tx8_deps/profiling_tool/examples/engtest_example/libtx8_runtime.so,,globalSignalManager,b,Implemented,host-runtime-implementation,Host runtime implementation/support symbol from libtx8_runtime.so.
third_party/tx8_deps/profiling_tool/examples/engtest_example/libtx8_runtime.so,,"host_log_print(char const*, char const*, unsigned int, TsmModuleType, HostLogLevel, char const*, __va_list_tag*)",T,Implemented,host-runtime-implementation,Host runtime implementation/support symbol from libtx8_runtime.so.
third_party/tx8_deps/profiling_tool/examples/engtest_example/libtx8_runtime.so,,hrt_get_dtype_size(DTYPE),T,Implemented,reversed-implementation,Implementation symbol covered by function/API-level reverse engineering.
third_party/tx8_deps/profiling_tool/examples/engtest_example/libtx8_runtime.so,,init(),t,Implemented,host-runtime-implementation,Host runtime implementation/support symbol from libtx8_runtime.so.
third_party/tx8_deps/profiling_tool/examples/engtest_example/libtx8_runtime.so,,init_tsm_log(),T,Implemented,host-runtime-implementation,Host runtime implementation/support symbol from libtx8_runtime.so.
third_party/tx8_deps/profiling_tool/examples/engtest_example/libtx8_runtime.so,,level_str_map,b,Implemented,host-runtime-implementation,Host runtime implementation/support symbol from libtx8_runtime.so.
third_party/tx8_deps/profiling_tool/examples/engtest_example/libtx8_runtime.so,,log_mutex,b,Implemented,host-runtime-implementation,Host runtime implementation/support symbol from libtx8_runtime.so.
third_party/tx8_deps/profiling_tool/examples/engtest_example/libtx8_runtime.so,,log_path,b,Implemented,host-runtime-implementation,Host runtime implementation/support symbol from libtx8_runtime.so.
third_party/tx8_deps/profiling_tool/examples/engtest_example/libtx8_runtime.so,,main,T,Implemented,host-runtime-implementation,Host runtime implementation/support symbol from libtx8_runtime.so.
third_party/tx8_deps/profiling_tool/examples/engtest_example/libtx8_runtime.so,,"manhattanDistance(TsmTileFullInfo const&, TsmTileFullInfo const&)",W,Implemented,host-runtime-implementation,Host runtime implementation/support symbol from libtx8_runtime.so.
third_party/tx8_deps/profiling_tool/examples/engtest_example/libtx8_runtime.so,,millis_to_readable_time(long long),t,Implemented,host-runtime-implementation,Host runtime implementation/support symbol from libtx8_runtime.so.
third_party/tx8_deps/profiling_tool/examples/engtest_example/libtx8_runtime.so,,"ml_ringbuffer_init(unsigned int, unsigned int)",T,Implemented,host-runtime-implementation,Host runtime implementation/support symbol from libtx8_runtime.so.
third_party/tx8_deps/profiling_tool/examples/engtest_example/libtx8_runtime.so,,"ml_send_async(unsigned int, unsigned int, void const*, unsigned long)",T,Implemented,host-runtime-implementation,Host runtime implementation/support symbol from libtx8_runtime.so.
third_party/tx8_deps/profiling_tool/examples/engtest_example/libtx8_runtime.so,,"ml_send_sync(unsigned int, unsigned int, void const*, unsigned long)",T,Implemented,host-runtime-implementation,Host runtime implementation/support symbol from libtx8_runtime.so.
third_party/tx8_deps/profiling_tool/examples/engtest_example/libtx8_runtime.so,,"ml_wait_msg_done(TaskHandle, unsigned int)",T,Implemented,host-runtime-implementation,Host runtime implementation/support symbol from libtx8_runtime.so.
third_party/tx8_deps/profiling_tool/examples/engtest_example/libtx8_runtime.so,,module_str_map,b,Implemented,host-runtime-implementation,Host runtime implementation/support symbol from libtx8_runtime.so.
third_party/tx8_deps/profiling_tool/examples/engtest_example/libtx8_runtime.so,,need_exit_app(int),T,Implemented,host-runtime-implementation,Host runtime implementation/support symbol from libtx8_runtime.so.
third_party/tx8_deps/profiling_tool/examples/engtest_example/libtx8_runtime.so,,once,b,Implemented,host-runtime-implementation,Host runtime implementation/support symbol from libtx8_runtime.so.
third_party/tx8_deps/profiling_tool/examples/engtest_example/libtx8_runtime.so,,once_init(),t,Implemented,host-runtime-implementation,Host runtime implementation/support symbol from libtx8_runtime.so.
third_party/tx8_deps/profiling_tool/examples/engtest_example/libtx8_runtime.so,,"open_connector(short, int, int)",T,Implemented,host-runtime-implementation,Host runtime implementation/support symbol from libtx8_runtime.so.
third_party/tx8_deps/profiling_tool/examples/engtest_example/libtx8_runtime.so,,"open_mqueue_until_success(short, int, int)",T,Implemented,host-runtime-implementation,Host runtime implementation/support symbol from libtx8_runtime.so.
third_party/tx8_deps/profiling_tool/examples/engtest_example/libtx8_runtime.so,,"operator delete(void*, void*)",W,Implemented,host-runtime-implementation,Host runtime implementation/support symbol from libtx8_runtime.so.
third_party/tx8_deps/profiling_tool/examples/engtest_example/libtx8_runtime.so,,"operator new(unsigned long, void*)",W,Implemented,host-runtime-implementation,Host runtime implementation/support symbol from libtx8_runtime.so.
third_party/tx8_deps/profiling_tool/examples/engtest_example/libtx8_runtime.so,,"p2p_buffer_tiling(int, int, unsigned long, unsigned long, TileDteCfg*, bool)",t,Implemented,host-runtime-implementation,Host runtime implementation/support symbol from libtx8_runtime.so.
third_party/tx8_deps/profiling_tool/examples/engtest_example/libtx8_runtime.so,,p_rpc_task_processer,b,Implemented,host-runtime-implementation,Host runtime implementation/support symbol from libtx8_runtime.so.
third_party/tx8_deps/profiling_tool/examples/engtest_example/libtx8_runtime.so,,print_stack_trace(),T,Implemented,host-runtime-implementation,Host runtime implementation/support symbol from libtx8_runtime.so.
third_party/tx8_deps/profiling_tool/examples/engtest_example/libtx8_runtime.so,,"read_bin_file(char const*, char**, unsigned long*)",t,Implemented,host-runtime-implementation,Host runtime implementation/support symbol from libtx8_runtime.so.
third_party/tx8_deps/profiling_tool/examples/engtest_example/libtx8_runtime.so,,"read_from_connector_by_mq(int, char*, bool)",T,Implemented,host-runtime-implementation,Host runtime implementation/support symbol from libtx8_runtime.so.
third_party/tx8_deps/profiling_tool/examples/engtest_example/libtx8_runtime.so,,register_tm_clones,t,Implemented,host-runtime-implementation,Host runtime implementation/support symbol from libtx8_runtime.so.
third_party/tx8_deps/profiling_tool/examples/engtest_example/libtx8_runtime.so,,"select_tile(TsmTileTotalInfo const&, TsmTileSelectedInfo&)",T,Implemented,host-runtime-implementation,Host runtime implementation/support symbol from libtx8_runtime.so.
third_party/tx8_deps/profiling_tool/examples/engtest_example/libtx8_runtime.so,,"send_to_connector_by_mq(int, char*, int)",T,Implemented,host-runtime-implementation,Host runtime implementation/support symbol from libtx8_runtime.so.
third_party/tx8_deps/profiling_tool/examples/engtest_example/libtx8_runtime.so,,set_soc_host_hpgr_log_level(unsigned int),T,Implemented,host-runtime-implementation,Host runtime implementation/support symbol from libtx8_runtime.so.
third_party/tx8_deps/profiling_tool/examples/engtest_example/libtx8_runtime.so,,shared_mem_send_area_init(unsigned int),T,Implemented,host-runtime-implementation,Host runtime implementation/support symbol from libtx8_runtime.so.
third_party/tx8_deps/profiling_tool/examples/engtest_example/libtx8_runtime.so,,"shmWrite(unsigned int, void const*, unsigned long)",T,Implemented,host-runtime-implementation,Host runtime implementation/support symbol from libtx8_runtime.so.
third_party/tx8_deps/profiling_tool/examples/engtest_example/libtx8_runtime.so,,signal_desc(int),T,Implemented,host-runtime-implementation,Host runtime implementation/support symbol from libtx8_runtime.so.
third_party/tx8_deps/profiling_tool/examples/engtest_example/libtx8_runtime.so,,splitMatrix(TsmTileTotalInfo const&),T,Implemented,host-runtime-implementation,Host runtime implementation/support symbol from libtx8_runtime.so.
third_party/tx8_deps/profiling_tool/examples/engtest_example/libtx8_runtime.so,,task_desc,b,Implemented,host-runtime-implementation,Host runtime implementation/support symbol from libtx8_runtime.so.
third_party/tx8_deps/profiling_tool/examples/engtest_example/libtx8_runtime.so,,task_desc,b,Implemented,host-runtime-implementation,Host runtime implementation/support symbol from libtx8_runtime.so.
third_party/tx8_deps/profiling_tool/examples/engtest_example/libtx8_runtime.so,,task_desc,b,Implemented,host-runtime-implementation,Host runtime implementation/support symbol from libtx8_runtime.so.
third_party/tx8_deps/profiling_tool/examples/engtest_example/libtx8_runtime.so,,task_desc,b,Implemented,host-runtime-implementation,Host runtime implementation/support symbol from libtx8_runtime.so.
third_party/tx8_deps/profiling_tool/examples/engtest_example/libtx8_runtime.so,,task_desc,b,Implemented,host-runtime-implementation,Host runtime implementation/support symbol from libtx8_runtime.so.
third_party/tx8_deps/profiling_tool/examples/engtest_example/libtx8_runtime.so,,task_desc,b,Implemented,host-runtime-implementation,Host runtime implementation/support symbol from libtx8_runtime.so.
third_party/tx8_deps/profiling_tool/examples/engtest_example/libtx8_runtime.so,,task_desc,b,Implemented,host-runtime-implementation,Host runtime implementation/support symbol from libtx8_runtime.so.
third_party/tx8_deps/profiling_tool/examples/engtest_example/libtx8_runtime.so,,task_desc,b,Implemented,host-runtime-implementation,Host runtime implementation/support symbol from libtx8_runtime.so.
third_party/tx8_deps/profiling_tool/examples/engtest_example/libtx8_runtime.so,,task_desc,b,Implemented,host-runtime-implementation,Host runtime implementation/support symbol from libtx8_runtime.so.
third_party/tx8_deps/profiling_tool/examples/engtest_example/libtx8_runtime.so,,task_desc,b,Implemented,host-runtime-implementation,Host runtime implementation/support symbol from libtx8_runtime.so.
third_party/tx8_deps/profiling_tool/examples/engtest_example/libtx8_runtime.so,,task_desc,b,Implemented,host-runtime-implementation,Host runtime implementation/support symbol from libtx8_runtime.so.
third_party/tx8_deps/profiling_tool/examples/engtest_example/libtx8_runtime.so,,task_desc,b,Implemented,host-runtime-implementation,Host runtime implementation/support symbol from libtx8_runtime.so.
third_party/tx8_deps/profiling_tool/examples/engtest_example/libtx8_runtime.so,,trim_path(char const*),t,Implemented,host-runtime-implementation,Host runtime implementation/support symbol from libtx8_runtime.so.
third_party/tx8_deps/profiling_tool/examples/engtest_example/libtx8_runtime.so,,"tsm_log(char const*, char const*, unsigned int, TsmModuleType, HostLogLevel, char const*, ...)",T,Implemented,host-runtime-implementation,Host runtime implementation/support symbol from libtx8_runtime.so.
third_party/tx8_deps/profiling_tool/examples/engtest_example/libtx8_runtime.so,,txnpu_log_level,V,Implemented,host-runtime-implementation,Host runtime implementation/support symbol from libtx8_runtime.so.
third_party/tx8_deps/profiling_tool/examples/engtest_example/libtx8_runtime.so,,typeinfo for DataSerialize,V,Implemented,host-runtime-implementation,Host runtime implementation/support symbol from libtx8_runtime.so.
third_party/tx8_deps/profiling_tool/examples/engtest_example/libtx8_runtime.so,,typeinfo for RuntimeApi,V,Implemented,host-runtime-implementation,Host runtime implementation/support symbol from libtx8_runtime.so.
third_party/tx8_deps/profiling_tool/examples/engtest_example/libtx8_runtime.so,,typeinfo for RuntimeApiDecorator,V,Implemented,host-runtime-implementation,Host runtime implementation/support symbol from libtx8_runtime.so.
third_party/tx8_deps/profiling_tool/examples/engtest_example/libtx8_runtime.so,,typeinfo for RuntimeApiErrorDecorator,V,Implemented,host-runtime-implementation,Host runtime implementation/support symbol from libtx8_runtime.so.
third_party/tx8_deps/profiling_tool/examples/engtest_example/libtx8_runtime.so,,typeinfo for RuntimeApiImplHw,V,Implemented,host-runtime-implementation,Host runtime implementation/support symbol from libtx8_runtime.so.
third_party/tx8_deps/profiling_tool/examples/engtest_example/libtx8_runtime.so,,typeinfo for RuntimeApiLogDecorator,V,Implemented,host-runtime-implementation,Host runtime implementation/support symbol from libtx8_runtime.so.
third_party/tx8_deps/profiling_tool/examples/engtest_example/libtx8_runtime.so,,typeinfo for RuntimeApiProfDecorator,V,Implemented,host-runtime-implementation,Host runtime implementation/support symbol from libtx8_runtime.so.
third_party/tx8_deps/profiling_tool/examples/engtest_example/libtx8_runtime.so,,typeinfo for UserDataInSerialize,V,Implemented,host-runtime-implementation,Host runtime implementation/support symbol from libtx8_runtime.so.
third_party/tx8_deps/profiling_tool/examples/engtest_example/libtx8_runtime.so,,typeinfo for UserDataOutSerialize,V,Implemented,host-runtime-implementation,Host runtime implementation/support symbol from libtx8_runtime.so.
third_party/tx8_deps/profiling_tool/examples/engtest_example/libtx8_runtime.so,,typeinfo name for DataSerialize,V,Implemented,host-runtime-implementation,Host runtime implementation/support symbol from libtx8_runtime.so.
third_party/tx8_deps/profiling_tool/examples/engtest_example/libtx8_runtime.so,,typeinfo name for RuntimeApi,V,Implemented,host-runtime-implementation,Host runtime implementation/support symbol from libtx8_runtime.so.
third_party/tx8_deps/profiling_tool/examples/engtest_example/libtx8_runtime.so,,typeinfo name for RuntimeApiDecorator,V,Implemented,host-runtime-implementation,Host runtime implementation/support symbol from libtx8_runtime.so.
third_party/tx8_deps/profiling_tool/examples/engtest_example/libtx8_runtime.so,,typeinfo name for RuntimeApiErrorDecorator,V,Implemented,host-runtime-implementation,Host runtime implementation/support symbol from libtx8_runtime.so.
third_party/tx8_deps/profiling_tool/examples/engtest_example/libtx8_runtime.so,,typeinfo name for RuntimeApiImplHw,V,Implemented,host-runtime-implementation,Host runtime implementation/support symbol from libtx8_runtime.so.
third_party/tx8_deps/profiling_tool/examples/engtest_example/libtx8_runtime.so,,typeinfo name for RuntimeApiLogDecorator,V,Implemented,host-runtime-implementation,Host runtime implementation/support symbol from libtx8_runtime.so.
third_party/tx8_deps/profiling_tool/examples/engtest_example/libtx8_runtime.so,,typeinfo name for RuntimeApiProfDecorator,V,Implemented,host-runtime-implementation,Host runtime implementation/support symbol from libtx8_runtime.so.
third_party/tx8_deps/profiling_tool/examples/engtest_example/libtx8_runtime.so,,typeinfo name for UserDataInSerialize,V,Implemented,host-runtime-implementation,Host runtime implementation/support symbol from libtx8_runtime.so.
third_party/tx8_deps/profiling_tool/examples/engtest_example/libtx8_runtime.so,,typeinfo name for UserDataOutSerialize,V,Implemented,host-runtime-implementation,Host runtime implementation/support symbol from libtx8_runtime.so.
third_party/tx8_deps/profiling_tool/examples/engtest_example/libtx8_runtime.so,,usage(char const*),T,Implemented,host-runtime-implementation,Host runtime implementation/support symbol from libtx8_runtime.so.
third_party/tx8_deps/profiling_tool/examples/engtest_example/libtx8_runtime.so,,vtable for DataSerialize,V,Implemented,host-runtime-implementation,Host runtime implementation/support symbol from libtx8_runtime.so.
third_party/tx8_deps/profiling_tool/examples/engtest_example/libtx8_runtime.so,,vtable for RuntimeApi,V,Implemented,host-runtime-implementation,Host runtime implementation/support symbol from libtx8_runtime.so.
third_party/tx8_deps/profiling_tool/examples/engtest_example/libtx8_runtime.so,,vtable for RuntimeApiDecorator,V,Implemented,host-runtime-implementation,Host runtime implementation/support symbol from libtx8_runtime.so.
third_party/tx8_deps/profiling_tool/examples/engtest_example/libtx8_runtime.so,,vtable for RuntimeApiErrorDecorator,V,Implemented,host-runtime-implementation,Host runtime implementation/support symbol from libtx8_runtime.so.
third_party/tx8_deps/profiling_tool/examples/engtest_example/libtx8_runtime.so,,vtable for RuntimeApiImplHw,V,Implemented,host-runtime-implementation,Host runtime implementation/support symbol from libtx8_runtime.so.
third_party/tx8_deps/profiling_tool/examples/engtest_example/libtx8_runtime.so,,vtable for RuntimeApiLogDecorator,V,Implemented,host-runtime-implementation,Host runtime implementation/support symbol from libtx8_runtime.so.
third_party/tx8_deps/profiling_tool/examples/engtest_example/libtx8_runtime.so,,vtable for RuntimeApiProfDecorator,V,Implemented,host-runtime-implementation,Host runtime implementation/support symbol from libtx8_runtime.so.
third_party/tx8_deps/profiling_tool/examples/engtest_example/libtx8_runtime.so,,vtable for UserDataInSerialize,V,Implemented,host-runtime-implementation,Host runtime implementation/support symbol from libtx8_runtime.so.
third_party/tx8_deps/profiling_tool/examples/engtest_example/libtx8_runtime.so,,vtable for UserDataOutSerialize,V,Implemented,host-runtime-implementation,Host runtime implementation/support symbol from libtx8_runtime.so.
third_party/tx8_deps/profiling_tool/lib/libtx8_profiling.so,,DW.ref.__gxx_personality_v0,d,ABI,profiling-api,Profiling public/support API; host trigger path is documented.
third_party/tx8_deps/profiling_tool/lib/libtx8_profiling.so,,"GenerateProfCfgTlv(unsigned int, void*)",t,ABI,profiling-api,Profiling public/support API; host trigger path is documented.
third_party/tx8_deps/profiling_tool/lib/libtx8_profiling.so,,_GLOBAL__sub_I_hrt_profiler.cpp,t,ABI,profiling-api,Profiling public/support API; host trigger path is documented.
third_party/tx8_deps/profiling_tool/lib/libtx8_profiling.so,,__TMC_END__,d,ABI,profiling-api,Profiling public/support API; host trigger path is documented.
third_party/tx8_deps/profiling_tool/lib/libtx8_profiling.so,,__do_global_dtors_aux,t,ABI,profiling-api,Profiling public/support API; host trigger path is documented.
third_party/tx8_deps/profiling_tool/lib/libtx8_profiling.so,,__do_global_dtors_aux_fini_array_entry,d,ABI,profiling-api,Profiling public/support API; host trigger path is documented.
third_party/tx8_deps/profiling_tool/lib/libtx8_profiling.so,,__frame_dummy_init_array_entry,d,ABI,profiling-api,Profiling public/support API; host trigger path is documented.
third_party/tx8_deps/profiling_tool/lib/libtx8_profiling.so,,__gthread_active_p(),t,ABI,profiling-api,Profiling public/support API; host trigger path is documented.
third_party/tx8_deps/profiling_tool/lib/libtx8_profiling.so,,__stat,t,ABI,profiling-api,Profiling public/support API; host trigger path is documented.
third_party/tx8_deps/profiling_tool/lib/libtx8_profiling.so,,"__static_initialization_and_destruction_0(int, int)",t,ABI,profiling-api,Profiling public/support API; host trigger path is documented.
third_party/tx8_deps/profiling_tool/lib/libtx8_profiling.so,,_fini,t,ABI,profiling-api,Profiling public/support API; host trigger path is documented.
third_party/tx8_deps/profiling_tool/lib/libtx8_profiling.so,,_init,t,ABI,profiling-api,Profiling public/support API; host trigger path is documented.
third_party/tx8_deps/profiling_tool/lib/libtx8_profiling.so,,barrier_logic_addr_list,B,ABI,profiling-api,Profiling public/support API; host trigger path is documented.
third_party/tx8_deps/profiling_tool/lib/libtx8_profiling.so,,deregister_tm_clones,t,ABI,profiling-api,Profiling public/support API; host trigger path is documented.
third_party/tx8_deps/profiling_tool/lib/libtx8_profiling.so,,frame_dummy,t,ABI,profiling-api,Profiling public/support API; host trigger path is documented.
third_party/tx8_deps/profiling_tool/lib/libtx8_profiling.so,,instr_logic_addr_list,B,ABI,profiling-api,Profiling public/support API; host trigger path is documented.
third_party/tx8_deps/profiling_tool/lib/libtx8_profiling.so,,instr_param_dev_addr_list,B,ABI,profiling-api,Profiling public/support API; host trigger path is documented.
third_party/tx8_deps/profiling_tool/lib/libtx8_profiling.so,,"operator delete(void*, void*)",W,ABI,profiling-api,Profiling public/support API; host trigger path is documented.
third_party/tx8_deps/profiling_tool/lib/libtx8_profiling.so,,"operator new(unsigned long, void*)",W,ABI,profiling-api,Profiling public/support API; host trigger path is documented.
third_party/tx8_deps/profiling_tool/lib/libtx8_profiling.so,,profiling_enable,B,ABI,profiling-api,Profiling public/support API; host trigger path is documented.
third_party/tx8_deps/profiling_tool/lib/libtx8_profiling.so,,profiling_logic_addr_list,B,ABI,profiling-api,Profiling public/support API; host trigger path is documented.
third_party/tx8_deps/profiling_tool/lib/libtx8_profiling.so,,profiling_type,B,ABI,profiling-api,Profiling public/support API; host trigger path is documented.
third_party/tx8_deps/profiling_tool/lib/libtx8_profiling.so,,register_tm_clones,t,ABI,profiling-api,Profiling public/support API; host trigger path is documented.
third_party/tx8_deps/profiling_tool/lib/libtx8_profiling.so,,score0_instr_logic_addr_list,B,ABI,profiling-api,Profiling public/support API; host trigger path is documented.
third_party/tx8_deps/profiling_tool/lib/libtx8_profiling.so,,score1_instr_logic_addr_list,B,ABI,profiling-api,Profiling public/support API; host trigger path is documented.
third_party/tx8_deps/profiling_tool/lib/libtx8_profiling.so,,stat,t,ABI,profiling-api,Profiling public/support API; host trigger path is documented.
third_party/tx8_deps/profiling_tool/lib/libtx8_profiling_static.a,hrt_profiler.cpp.o,DW.ref.__gxx_personality_v0,V,ABI,profiling-api,Profiling public/support API; host trigger path is documented.
third_party/tx8_deps/profiling_tool/lib/libtx8_profiling_static.a,hrt_profiler.cpp.o,"GenerateProfCfgTlv(unsigned int, void*)",t,ABI,profiling-api,Profiling public/support API; host trigger path is documented.
third_party/tx8_deps/profiling_tool/lib/libtx8_profiling_static.a,hrt_profiler.cpp.o,_GLOBAL__sub_I_profiling_logic_addr_list,t,ABI,profiling-api,Profiling public/support API; host trigger path is documented.
third_party/tx8_deps/profiling_tool/lib/libtx8_profiling_static.a,hrt_profiler.cpp.o,__gthread_active_p(),t,ABI,profiling-api,Profiling public/support API; host trigger path is documented.
third_party/tx8_deps/profiling_tool/lib/libtx8_profiling_static.a,hrt_profiler.cpp.o,"__static_initialization_and_destruction_0(int, int)",t,ABI,profiling-api,Profiling public/support API; host trigger path is documented.
third_party/tx8_deps/profiling_tool/lib/libtx8_profiling_static.a,hrt_profiler.cpp.o,barrier_logic_addr_list,B,ABI,profiling-api,Profiling public/support API; host trigger path is documented.
third_party/tx8_deps/profiling_tool/lib/libtx8_profiling_static.a,hrt_profiler.cpp.o,instr_logic_addr_list,B,ABI,profiling-api,Profiling public/support API; host trigger path is documented.
third_party/tx8_deps/profiling_tool/lib/libtx8_profiling_static.a,hrt_profiler.cpp.o,instr_param_dev_addr_list,B,ABI,profiling-api,Profiling public/support API; host trigger path is documented.
third_party/tx8_deps/profiling_tool/lib/libtx8_profiling_static.a,hrt_profiler.cpp.o,"operator delete(void*, void*)",W,ABI,profiling-api,Profiling public/support API; host trigger path is documented.
third_party/tx8_deps/profiling_tool/lib/libtx8_profiling_static.a,hrt_profiler.cpp.o,"operator new(unsigned long, void*)",W,ABI,profiling-api,Profiling public/support API; host trigger path is documented.
third_party/tx8_deps/profiling_tool/lib/libtx8_profiling_static.a,hrt_profiler.cpp.o,profiling_enable,B,ABI,profiling-api,Profiling public/support API; host trigger path is documented.
third_party/tx8_deps/profiling_tool/lib/libtx8_profiling_static.a,hrt_profiler.cpp.o,profiling_logic_addr_list,B,ABI,profiling-api,Profiling public/support API; host trigger path is documented.
third_party/tx8_deps/profiling_tool/lib/libtx8_profiling_static.a,hrt_profiler.cpp.o,profiling_type,B,ABI,profiling-api,Profiling public/support API; host trigger path is documented.
third_party/tx8_deps/profiling_tool/lib/libtx8_profiling_static.a,hrt_profiler.cpp.o,score0_instr_logic_addr_list,B,ABI,profiling-api,Profiling public/support API; host trigger path is documented.
third_party/tx8_deps/profiling_tool/lib/libtx8_profiling_static.a,hrt_profiler.cpp.o,score1_instr_logic_addr_list,B,ABI,profiling-api,Profiling public/support API; host trigger path is documented.
third_party/tx8_deps/tx8-yoc-rt-thread-smp/lib/libkcorert.a,adc.c.o,rvm_hal_adc_config,T,Dependency,rtos-board-dependency,RTThread/POSIX/board support dependency; not modeled as TX8 compiler ABI.
third_party/tx8_deps/tx8-yoc-rt-thread-smp/lib/libkcorert.a,adc.c.o,rvm_hal_adc_config_default,T,Dependency,rtos-board-dependency,RTThread/POSIX/board support dependency; not modeled as TX8 compiler ABI.
third_party/tx8_deps/tx8-yoc-rt-thread-smp/lib/libkcorert.a,adc.c.o,rvm_hal_adc_pin2channel,T,Dependency,rtos-board-dependency,RTThread/POSIX/board support dependency; not modeled as TX8 compiler ABI.
third_party/tx8_deps/tx8-yoc-rt-thread-smp/lib/libkcorert.a,adc.c.o,rvm_hal_adc_read,T,Dependency,rtos-board-dependency,RTThread/POSIX/board support dependency; not modeled as TX8 compiler ABI.
third_party/tx8_deps/tx8-yoc-rt-thread-smp/lib/libkcorert.a,adc.c.o,rvm_hal_adc_read_multiple,T,Dependency,rtos-board-dependency,RTThread/POSIX/board support dependency; not modeled as TX8 compiler ABI.
third_party/tx8_deps/tx8-yoc-rt-thread-smp/lib/libkcorert.a,adc.c.o,rvm_hal_adc_trans_dma_enable,T,Dependency,rtos-board-dependency,RTThread/POSIX/board support dependency; not modeled as TX8 compiler ABI.
third_party/tx8_deps/tx8-yoc-rt-thread-smp/lib/libkcorert.a,aos_rtthread.c.o,CSWTCH.105,r,Dependency,rtos-board-dependency,RTThread/POSIX/board support dependency; not modeled as TX8 compiler ABI.
third_party/tx8_deps/tx8-yoc-rt-thread-smp/lib/libkcorert.a,aos_rtthread.c.o,TaskGetNumbers,T,Dependency,rtos-board-dependency,RTThread/POSIX/board support dependency; not modeled as TX8 compiler ABI.
third_party/tx8_deps/tx8-yoc-rt-thread-smp/lib/libkcorert.a,aos_rtthread.c.o,__FUNCTION__.0,r,Dependency,rtos-board-dependency,RTThread/POSIX/board support dependency; not modeled as TX8 compiler ABI.
third_party/tx8_deps/tx8-yoc-rt-thread-smp/lib/libkcorert.a,aos_rtthread.c.o,_aos_task_new_ext,T,Dependency,rtos-board-dependency,RTThread/POSIX/board support dependency; not modeled as TX8 compiler ABI.
third_party/tx8_deps/tx8-yoc-rt-thread-smp/lib/libkcorert.a,aos_rtthread.c.o,aos_alloc_trace,T,Dependency,rtos-board-dependency,RTThread/POSIX/board support dependency; not modeled as TX8 compiler ABI.
third_party/tx8_deps/tx8-yoc-rt-thread-smp/lib/libkcorert.a,aos_rtthread.c.o,aos_calendar_localtime_get,T,Dependency,rtos-board-dependency,RTThread/POSIX/board support dependency; not modeled as TX8 compiler ABI.
third_party/tx8_deps/tx8-yoc-rt-thread-smp/lib/libkcorert.a,aos_rtthread.c.o,aos_calendar_time_get,T,Dependency,rtos-board-dependency,RTThread/POSIX/board support dependency; not modeled as TX8 compiler ABI.
third_party/tx8_deps/tx8-yoc-rt-thread-smp/lib/libkcorert.a,aos_rtthread.c.o,aos_calendar_time_set,T,Dependency,rtos-board-dependency,RTThread/POSIX/board support dependency; not modeled as TX8 compiler ABI.
third_party/tx8_deps/tx8-yoc-rt-thread-smp/lib/libkcorert.a,aos_rtthread.c.o,aos_calloc,T,Dependency,rtos-board-dependency,RTThread/POSIX/board support dependency; not modeled as TX8 compiler ABI.
third_party/tx8_deps/tx8-yoc-rt-thread-smp/lib/libkcorert.a,aos_rtthread.c.o,aos_calloc_check,T,Dependency,rtos-board-dependency,RTThread/POSIX/board support dependency; not modeled as TX8 compiler ABI.
third_party/tx8_deps/tx8-yoc-rt-thread-smp/lib/libkcorert.a,aos_rtthread.c.o,aos_event_free,T,Dependency,rtos-board-dependency,RTThread/POSIX/board support dependency; not modeled as TX8 compiler ABI.
third_party/tx8_deps/tx8-yoc-rt-thread-smp/lib/libkcorert.a,aos_rtthread.c.o,aos_event_get,T,Dependency,rtos-board-dependency,RTThread/POSIX/board support dependency; not modeled as TX8 compiler ABI.
third_party/tx8_deps/tx8-yoc-rt-thread-smp/lib/libkcorert.a,aos_rtthread.c.o,aos_event_is_valid,T,Dependency,rtos-board-dependency,RTThread/POSIX/board support dependency; not modeled as TX8 compiler ABI.
third_party/tx8_deps/tx8-yoc-rt-thread-smp/lib/libkcorert.a,aos_rtthread.c.o,aos_event_new,T,Dependency,rtos-board-dependency,RTThread/POSIX/board support dependency; not modeled as TX8 compiler ABI.
third_party/tx8_deps/tx8-yoc-rt-thread-smp/lib/libkcorert.a,aos_rtthread.c.o,aos_event_set,T,Dependency,rtos-board-dependency,RTThread/POSIX/board support dependency; not modeled as TX8 compiler ABI.
third_party/tx8_deps/tx8-yoc-rt-thread-smp/lib/libkcorert.a,aos_rtthread.c.o,aos_free,T,Dependency,rtos-board-dependency,RTThread/POSIX/board support dependency; not modeled as TX8 compiler ABI.
third_party/tx8_deps/tx8-yoc-rt-thread-smp/lib/libkcorert.a,aos_rtthread.c.o,aos_free_align,T,Dependency,rtos-board-dependency,RTThread/POSIX/board support dependency; not modeled as TX8 compiler ABI.
third_party/tx8_deps/tx8-yoc-rt-thread-smp/lib/libkcorert.a,aos_rtthread.c.o,aos_freep,T,Dependency,rtos-board-dependency,RTThread/POSIX/board support dependency; not modeled as TX8 compiler ABI.
third_party/tx8_deps/tx8-yoc-rt-thread-smp/lib/libkcorert.a,aos_rtthread.c.o,aos_get_cur_cpu_id,T,Dependency,rtos-board-dependency,RTThread/POSIX/board support dependency; not modeled as TX8 compiler ABI.
third_party/tx8_deps/tx8-yoc-rt-thread-smp/lib/libkcorert.a,aos_rtthread.c.o,aos_get_hz,T,Dependency,rtos-board-dependency,RTThread/POSIX/board support dependency; not modeled as TX8 compiler ABI.
third_party/tx8_deps/tx8-yoc-rt-thread-smp/lib/libkcorert.a,aos_rtthread.c.o,aos_get_mminfo,T,Dependency,rtos-board-dependency,RTThread/POSIX/board support dependency; not modeled as TX8 compiler ABI.
third_party/tx8_deps/tx8-yoc-rt-thread-smp/lib/libkcorert.a,aos_rtthread.c.o,aos_init,T,Dependency,rtos-board-dependency,RTThread/POSIX/board support dependency; not modeled as TX8 compiler ABI.
third_party/tx8_deps/tx8-yoc-rt-thread-smp/lib/libkcorert.a,aos_rtthread.c.o,aos_irq_context,T,Dependency,rtos-board-dependency,RTThread/POSIX/board support dependency; not modeled as TX8 compiler ABI.
third_party/tx8_deps/tx8-yoc-rt-thread-smp/lib/libkcorert.a,aos_rtthread.c.o,aos_is_irq_disable,T,Dependency,rtos-board-dependency,RTThread/POSIX/board support dependency; not modeled as TX8 compiler ABI.
third_party/tx8_deps/tx8-yoc-rt-thread-smp/lib/libkcorert.a,aos_rtthread.c.o,aos_is_sched_disable,T,Dependency,rtos-board-dependency,RTThread/POSIX/board support dependency; not modeled as TX8 compiler ABI.
third_party/tx8_deps/tx8-yoc-rt-thread-smp/lib/libkcorert.a,aos_rtthread.c.o,aos_kernel_intrpt_enter,T,Dependency,rtos-board-dependency,RTThread/POSIX/board support dependency; not modeled as TX8 compiler ABI.
third_party/tx8_deps/tx8-yoc-rt-thread-smp/lib/libkcorert.a,aos_rtthread.c.o,aos_kernel_intrpt_exit,T,Dependency,rtos-board-dependency,RTThread/POSIX/board support dependency; not modeled as TX8 compiler ABI.
third_party/tx8_deps/tx8-yoc-rt-thread-smp/lib/libkcorert.a,aos_rtthread.c.o,aos_kernel_ms2tick,T,Dependency,rtos-board-dependency,RTThread/POSIX/board support dependency; not modeled as TX8 compiler ABI.
third_party/tx8_deps/tx8-yoc-rt-thread-smp/lib/libkcorert.a,aos_rtthread.c.o,aos_kernel_sched_resume,T,Dependency,rtos-board-dependency,RTThread/POSIX/board support dependency; not modeled as TX8 compiler ABI.
third_party/tx8_deps/tx8-yoc-rt-thread-smp/lib/libkcorert.a,aos_rtthread.c.o,aos_kernel_sched_suspend,T,Dependency,rtos-board-dependency,RTThread/POSIX/board support dependency; not modeled as TX8 compiler ABI.
third_party/tx8_deps/tx8-yoc-rt-thread-smp/lib/libkcorert.a,aos_rtthread.c.o,aos_kernel_status_get,T,Dependency,rtos-board-dependency,RTThread/POSIX/board support dependency; not modeled as TX8 compiler ABI.
third_party/tx8_deps/tx8-yoc-rt-thread-smp/lib/libkcorert.a,aos_rtthread.c.o,aos_kernel_tick2ms,T,Dependency,rtos-board-dependency,RTThread/POSIX/board support dependency; not modeled as TX8 compiler ABI.
third_party/tx8_deps/tx8-yoc-rt-thread-smp/lib/libkcorert.a,aos_rtthread.c.o,aos_kernel_version_get,T,Dependency,rtos-board-dependency,RTThread/POSIX/board support dependency; not modeled as TX8 compiler ABI.
third_party/tx8_deps/tx8-yoc-rt-thread-smp/lib/libkcorert.a,aos_rtthread.c.o,aos_malloc,T,Dependency,rtos-board-dependency,RTThread/POSIX/board support dependency; not modeled as TX8 compiler ABI.
third_party/tx8_deps/tx8-yoc-rt-thread-smp/lib/libkcorert.a,aos_rtthread.c.o,aos_malloc_align,T,Dependency,rtos-board-dependency,RTThread/POSIX/board support dependency; not modeled as TX8 compiler ABI.
third_party/tx8_deps/tx8-yoc-rt-thread-smp/lib/libkcorert.a,aos_rtthread.c.o,aos_malloc_check,T,Dependency,rtos-board-dependency,RTThread/POSIX/board support dependency; not modeled as TX8 compiler ABI.
third_party/tx8_deps/tx8-yoc-rt-thread-smp/lib/libkcorert.a,aos_rtthread.c.o,aos_mm_dump,T,Dependency,rtos-board-dependency,RTThread/POSIX/board support dependency; not modeled as TX8 compiler ABI.
third_party/tx8_deps/tx8-yoc-rt-thread-smp/lib/libkcorert.a,aos_rtthread.c.o,aos_msleep,T,Dependency,rtos-board-dependency,RTThread/POSIX/board support dependency; not modeled as TX8 compiler ABI.
third_party/tx8_deps/tx8-yoc-rt-thread-smp/lib/libkcorert.a,aos_rtthread.c.o,aos_mutex_free,T,Dependency,rtos-board-dependency,RTThread/POSIX/board support dependency; not modeled as TX8 compiler ABI.
third_party/tx8_deps/tx8-yoc-rt-thread-smp/lib/libkcorert.a,aos_rtthread.c.o,aos_mutex_is_valid,T,Dependency,rtos-board-dependency,RTThread/POSIX/board support dependency; not modeled as TX8 compiler ABI.
third_party/tx8_deps/tx8-yoc-rt-thread-smp/lib/libkcorert.a,aos_rtthread.c.o,aos_mutex_lock,T,Dependency,rtos-board-dependency,RTThread/POSIX/board support dependency; not modeled as TX8 compiler ABI.
third_party/tx8_deps/tx8-yoc-rt-thread-smp/lib/libkcorert.a,aos_rtthread.c.o,aos_mutex_new,T,Dependency,rtos-board-dependency,RTThread/POSIX/board support dependency; not modeled as TX8 compiler ABI.
third_party/tx8_deps/tx8-yoc-rt-thread-smp/lib/libkcorert.a,aos_rtthread.c.o,aos_mutex_unlock,T,Dependency,rtos-board-dependency,RTThread/POSIX/board support dependency; not modeled as TX8 compiler ABI.
third_party/tx8_deps/tx8-yoc-rt-thread-smp/lib/libkcorert.a,aos_rtthread.c.o,aos_now,T,Dependency,rtos-board-dependency,RTThread/POSIX/board support dependency; not modeled as TX8 compiler ABI.
third_party/tx8_deps/tx8-yoc-rt-thread-smp/lib/libkcorert.a,aos_rtthread.c.o,aos_now_ms,T,Dependency,rtos-board-dependency,RTThread/POSIX/board support dependency; not modeled as TX8 compiler ABI.
third_party/tx8_deps/tx8-yoc-rt-thread-smp/lib/libkcorert.a,aos_rtthread.c.o,aos_queue_buf_ptr,T,Dependency,rtos-board-dependency,RTThread/POSIX/board support dependency; not modeled as TX8 compiler ABI.
third_party/tx8_deps/tx8-yoc-rt-thread-smp/lib/libkcorert.a,aos_rtthread.c.o,aos_queue_create,T,Dependency,rtos-board-dependency,RTThread/POSIX/board support dependency; not modeled as TX8 compiler ABI.
third_party/tx8_deps/tx8-yoc-rt-thread-smp/lib/libkcorert.a,aos_rtthread.c.o,aos_queue_free,T,Dependency,rtos-board-dependency,RTThread/POSIX/board support dependency; not modeled as TX8 compiler ABI.
third_party/tx8_deps/tx8-yoc-rt-thread-smp/lib/libkcorert.a,aos_rtthread.c.o,aos_queue_get_count,T,Dependency,rtos-board-dependency,RTThread/POSIX/board support dependency; not modeled as TX8 compiler ABI.
third_party/tx8_deps/tx8-yoc-rt-thread-smp/lib/libkcorert.a,aos_rtthread.c.o,aos_queue_is_valid,T,Dependency,rtos-board-dependency,RTThread/POSIX/board support dependency; not modeled as TX8 compiler ABI.
third_party/tx8_deps/tx8-yoc-rt-thread-smp/lib/libkcorert.a,aos_rtthread.c.o,aos_queue_new,T,Dependency,rtos-board-dependency,RTThread/POSIX/board support dependency; not modeled as TX8 compiler ABI.
third_party/tx8_deps/tx8-yoc-rt-thread-smp/lib/libkcorert.a,aos_rtthread.c.o,aos_queue_recv,T,Dependency,rtos-board-dependency,RTThread/POSIX/board support dependency; not modeled as TX8 compiler ABI.
third_party/tx8_deps/tx8-yoc-rt-thread-smp/lib/libkcorert.a,aos_rtthread.c.o,aos_queue_send,T,Dependency,rtos-board-dependency,RTThread/POSIX/board support dependency; not modeled as TX8 compiler ABI.
third_party/tx8_deps/tx8-yoc-rt-thread-smp/lib/libkcorert.a,aos_rtthread.c.o,aos_realloc,T,Dependency,rtos-board-dependency,RTThread/POSIX/board support dependency; not modeled as TX8 compiler ABI.
third_party/tx8_deps/tx8-yoc-rt-thread-smp/lib/libkcorert.a,aos_rtthread.c.o,aos_realloc_check,T,Dependency,rtos-board-dependency,RTThread/POSIX/board support dependency; not modeled as TX8 compiler ABI.
third_party/tx8_deps/tx8-yoc-rt-thread-smp/lib/libkcorert.a,aos_rtthread.c.o,aos_reboot,T,Dependency,rtos-board-dependency,RTThread/POSIX/board support dependency; not modeled as TX8 compiler ABI.
third_party/tx8_deps/tx8-yoc-rt-thread-smp/lib/libkcorert.a,aos_rtthread.c.o,aos_reboot_ext,T,Dependency,rtos-board-dependency,RTThread/POSIX/board support dependency; not modeled as TX8 compiler ABI.
third_party/tx8_deps/tx8-yoc-rt-thread-smp/lib/libkcorert.a,aos_rtthread.c.o,aos_sched_get_priority_max,T,Dependency,rtos-board-dependency,RTThread/POSIX/board support dependency; not modeled as TX8 compiler ABI.
third_party/tx8_deps/tx8-yoc-rt-thread-smp/lib/libkcorert.a,aos_rtthread.c.o,aos_secondary_cpu_up,T,Dependency,rtos-board-dependency,RTThread/POSIX/board support dependency; not modeled as TX8 compiler ABI.
third_party/tx8_deps/tx8-yoc-rt-thread-smp/lib/libkcorert.a,aos_rtthread.c.o,aos_sem_create,T,Dependency,rtos-board-dependency,RTThread/POSIX/board support dependency; not modeled as TX8 compiler ABI.
third_party/tx8_deps/tx8-yoc-rt-thread-smp/lib/libkcorert.a,aos_rtthread.c.o,aos_sem_free,T,Dependency,rtos-board-dependency,RTThread/POSIX/board support dependency; not modeled as TX8 compiler ABI.
third_party/tx8_deps/tx8-yoc-rt-thread-smp/lib/libkcorert.a,aos_rtthread.c.o,aos_sem_is_valid,T,Dependency,rtos-board-dependency,RTThread/POSIX/board support dependency; not modeled as TX8 compiler ABI.
third_party/tx8_deps/tx8-yoc-rt-thread-smp/lib/libkcorert.a,aos_rtthread.c.o,aos_sem_new,T,Dependency,rtos-board-dependency,RTThread/POSIX/board support dependency; not modeled as TX8 compiler ABI.
third_party/tx8_deps/tx8-yoc-rt-thread-smp/lib/libkcorert.a,aos_rtthread.c.o,aos_sem_signal,T,Dependency,rtos-board-dependency,RTThread/POSIX/board support dependency; not modeled as TX8 compiler ABI.
third_party/tx8_deps/tx8-yoc-rt-thread-smp/lib/libkcorert.a,aos_rtthread.c.o,aos_sem_signal_all,T,Dependency,rtos-board-dependency,RTThread/POSIX/board support dependency; not modeled as TX8 compiler ABI.
third_party/tx8_deps/tx8-yoc-rt-thread-smp/lib/libkcorert.a,aos_rtthread.c.o,aos_sem_wait,T,Dependency,rtos-board-dependency,RTThread/POSIX/board support dependency; not modeled as TX8 compiler ABI.
third_party/tx8_deps/tx8-yoc-rt-thread-smp/lib/libkcorert.a,aos_rtthread.c.o,aos_spin_lock,T,Dependency,rtos-board-dependency,RTThread/POSIX/board support dependency; not modeled as TX8 compiler ABI.
third_party/tx8_deps/tx8-yoc-rt-thread-smp/lib/libkcorert.a,aos_rtthread.c.o,aos_spin_lock_init,T,Dependency,rtos-board-dependency,RTThread/POSIX/board support dependency; not modeled as TX8 compiler ABI.
third_party/tx8_deps/tx8-yoc-rt-thread-smp/lib/libkcorert.a,aos_rtthread.c.o,aos_spin_lock_irqrestore,T,Dependency,rtos-board-dependency,RTThread/POSIX/board support dependency; not modeled as TX8 compiler ABI.
third_party/tx8_deps/tx8-yoc-rt-thread-smp/lib/libkcorert.a,aos_rtthread.c.o,aos_spin_lock_irqsave,T,Dependency,rtos-board-dependency,RTThread/POSIX/board support dependency; not modeled as TX8 compiler ABI.
third_party/tx8_deps/tx8-yoc-rt-thread-smp/lib/libkcorert.a,aos_rtthread.c.o,aos_spin_unlock,T,Dependency,rtos-board-dependency,RTThread/POSIX/board support dependency; not modeled as TX8 compiler ABI.
third_party/tx8_deps/tx8-yoc-rt-thread-smp/lib/libkcorert.a,aos_rtthread.c.o,aos_start,T,Dependency,rtos-board-dependency,RTThread/POSIX/board support dependency; not modeled as TX8 compiler ABI.
third_party/tx8_deps/tx8-yoc-rt-thread-smp/lib/libkcorert.a,aos_rtthread.c.o,aos_sys_tick_get,T,Dependency,rtos-board-dependency,RTThread/POSIX/board support dependency; not modeled as TX8 compiler ABI.
third_party/tx8_deps/tx8-yoc-rt-thread-smp/lib/libkcorert.a,aos_rtthread.c.o,aos_sys_tick_handler,T,Dependency,rtos-board-dependency,RTThread/POSIX/board support dependency; not modeled as TX8 compiler ABI.
third_party/tx8_deps/tx8-yoc-rt-thread-smp/lib/libkcorert.a,aos_rtthread.c.o,aos_task_create,T,Dependency,rtos-board-dependency,RTThread/POSIX/board support dependency; not modeled as TX8 compiler ABI.
third_party/tx8_deps/tx8-yoc-rt-thread-smp/lib/libkcorert.a,aos_rtthread.c.o,aos_task_create_ext,T,Dependency,rtos-board-dependency,RTThread/POSIX/board support dependency; not modeled as TX8 compiler ABI.
third_party/tx8_deps/tx8-yoc-rt-thread-smp/lib/libkcorert.a,aos_rtthread.c.o,aos_task_delete,T,Dependency,rtos-board-dependency,RTThread/POSIX/board support dependency; not modeled as TX8 compiler ABI.
third_party/tx8_deps/tx8-yoc-rt-thread-smp/lib/libkcorert.a,aos_rtthread.c.o,aos_task_exit,T,Dependency,rtos-board-dependency,RTThread/POSIX/board support dependency; not modeled as TX8 compiler ABI.
third_party/tx8_deps/tx8-yoc-rt-thread-smp/lib/libkcorert.a,aos_rtthread.c.o,aos_task_find,T,Dependency,rtos-board-dependency,RTThread/POSIX/board support dependency; not modeled as TX8 compiler ABI.
third_party/tx8_deps/tx8-yoc-rt-thread-smp/lib/libkcorert.a,aos_rtthread.c.o,aos_task_get_name,T,Dependency,rtos-board-dependency,RTThread/POSIX/board support dependency; not modeled as TX8 compiler ABI.
third_party/tx8_deps/tx8-yoc-rt-thread-smp/lib/libkcorert.a,aos_rtthread.c.o,aos_task_get_stack_space,T,Dependency,rtos-board-dependency,RTThread/POSIX/board support dependency; not modeled as TX8 compiler ABI.
third_party/tx8_deps/tx8-yoc-rt-thread-smp/lib/libkcorert.a,aos_rtthread.c.o,aos_task_getspecific,T,Dependency,rtos-board-dependency,RTThread/POSIX/board support dependency; not modeled as TX8 compiler ABI.
third_party/tx8_deps/tx8-yoc-rt-thread-smp/lib/libkcorert.a,aos_rtthread.c.o,aos_task_key_create,T,Dependency,rtos-board-dependency,RTThread/POSIX/board support dependency; not modeled as TX8 compiler ABI.
third_party/tx8_deps/tx8-yoc-rt-thread-smp/lib/libkcorert.a,aos_rtthread.c.o,aos_task_key_delete,T,Dependency,rtos-board-dependency,RTThread/POSIX/board support dependency; not modeled as TX8 compiler ABI.
third_party/tx8_deps/tx8-yoc-rt-thread-smp/lib/libkcorert.a,aos_rtthread.c.o,aos_task_list,T,Dependency,rtos-board-dependency,RTThread/POSIX/board support dependency; not modeled as TX8 compiler ABI.
third_party/tx8_deps/tx8-yoc-rt-thread-smp/lib/libkcorert.a,aos_rtthread.c.o,aos_task_name,T,Dependency,rtos-board-dependency,RTThread/POSIX/board support dependency; not modeled as TX8 compiler ABI.
third_party/tx8_deps/tx8-yoc-rt-thread-smp/lib/libkcorert.a,aos_rtthread.c.o,aos_task_new,T,Dependency,rtos-board-dependency,RTThread/POSIX/board support dependency; not modeled as TX8 compiler ABI.
third_party/tx8_deps/tx8-yoc-rt-thread-smp/lib/libkcorert.a,aos_rtthread.c.o,aos_task_new_ext,T,Dependency,rtos-board-dependency,RTThread/POSIX/board support dependency; not modeled as TX8 compiler ABI.
third_party/tx8_deps/tx8-yoc-rt-thread-smp/lib/libkcorert.a,aos_rtthread.c.o,aos_task_pri_change,T,Dependency,rtos-board-dependency,RTThread/POSIX/board support dependency; not modeled as TX8 compiler ABI.
third_party/tx8_deps/tx8-yoc-rt-thread-smp/lib/libkcorert.a,aos_rtthread.c.o,aos_task_pri_get,T,Dependency,rtos-board-dependency,RTThread/POSIX/board support dependency; not modeled as TX8 compiler ABI.
third_party/tx8_deps/tx8-yoc-rt-thread-smp/lib/libkcorert.a,aos_rtthread.c.o,aos_task_ptcb_get,T,Dependency,rtos-board-dependency,RTThread/POSIX/board support dependency; not modeled as TX8 compiler ABI.
third_party/tx8_deps/tx8-yoc-rt-thread-smp/lib/libkcorert.a,aos_rtthread.c.o,aos_task_ptcb_set,T,Dependency,rtos-board-dependency,RTThread/POSIX/board support dependency; not modeled as TX8 compiler ABI.
third_party/tx8_deps/tx8-yoc-rt-thread-smp/lib/libkcorert.a,aos_rtthread.c.o,aos_task_resume,T,Dependency,rtos-board-dependency,RTThread/POSIX/board support dependency; not modeled as TX8 compiler ABI.
third_party/tx8_deps/tx8-yoc-rt-thread-smp/lib/libkcorert.a,aos_rtthread.c.o,aos_task_sched_policy_get,T,Dependency,rtos-board-dependency,RTThread/POSIX/board support dependency; not modeled as TX8 compiler ABI.
third_party/tx8_deps/tx8-yoc-rt-thread-smp/lib/libkcorert.a,aos_rtthread.c.o,aos_task_sched_policy_get_default,T,Dependency,rtos-board-dependency,RTThread/POSIX/board support dependency; not modeled as TX8 compiler ABI.
third_party/tx8_deps/tx8-yoc-rt-thread-smp/lib/libkcorert.a,aos_rtthread.c.o,aos_task_sched_policy_set,T,Dependency,rtos-board-dependency,RTThread/POSIX/board support dependency; not modeled as TX8 compiler ABI.
third_party/tx8_deps/tx8-yoc-rt-thread-smp/lib/libkcorert.a,aos_rtthread.c.o,aos_task_self,T,Dependency,rtos-board-dependency,RTThread/POSIX/board support dependency; not modeled as TX8 compiler ABI.
third_party/tx8_deps/tx8-yoc-rt-thread-smp/lib/libkcorert.a,aos_rtthread.c.o,aos_task_sem_count_get,T,Dependency,rtos-board-dependency,RTThread/POSIX/board support dependency; not modeled as TX8 compiler ABI.
third_party/tx8_deps/tx8-yoc-rt-thread-smp/lib/libkcorert.a,aos_rtthread.c.o,aos_task_sem_count_set,T,Dependency,rtos-board-dependency,RTThread/POSIX/board support dependency; not modeled as TX8 compiler ABI.
third_party/tx8_deps/tx8-yoc-rt-thread-smp/lib/libkcorert.a,aos_rtthread.c.o,aos_task_sem_free,T,Dependency,rtos-board-dependency,RTThread/POSIX/board support dependency; not modeled as TX8 compiler ABI.
third_party/tx8_deps/tx8-yoc-rt-thread-smp/lib/libkcorert.a,aos_rtthread.c.o,aos_task_sem_new,T,Dependency,rtos-board-dependency,RTThread/POSIX/board support dependency; not modeled as TX8 compiler ABI.
third_party/tx8_deps/tx8-yoc-rt-thread-smp/lib/libkcorert.a,aos_rtthread.c.o,aos_task_sem_signal,T,Dependency,rtos-board-dependency,RTThread/POSIX/board support dependency; not modeled as TX8 compiler ABI.
third_party/tx8_deps/tx8-yoc-rt-thread-smp/lib/libkcorert.a,aos_rtthread.c.o,aos_task_sem_wait,T,Dependency,rtos-board-dependency,RTThread/POSIX/board support dependency; not modeled as TX8 compiler ABI.
third_party/tx8_deps/tx8-yoc-rt-thread-smp/lib/libkcorert.a,aos_rtthread.c.o,aos_task_setspecific,T,Dependency,rtos-board-dependency,RTThread/POSIX/board support dependency; not modeled as TX8 compiler ABI.
third_party/tx8_deps/tx8-yoc-rt-thread-smp/lib/libkcorert.a,aos_rtthread.c.o,aos_task_show_info,T,Dependency,rtos-board-dependency,RTThread/POSIX/board support dependency; not modeled as TX8 compiler ABI.
third_party/tx8_deps/tx8-yoc-rt-thread-smp/lib/libkcorert.a,aos_rtthread.c.o,aos_task_suspend,T,Dependency,rtos-board-dependency,RTThread/POSIX/board support dependency; not modeled as TX8 compiler ABI.
third_party/tx8_deps/tx8-yoc-rt-thread-smp/lib/libkcorert.a,aos_rtthread.c.o,aos_task_time_slice_get,T,Dependency,rtos-board-dependency,RTThread/POSIX/board support dependency; not modeled as TX8 compiler ABI.
third_party/tx8_deps/tx8-yoc-rt-thread-smp/lib/libkcorert.a,aos_rtthread.c.o,aos_task_time_slice_set,T,Dependency,rtos-board-dependency,RTThread/POSIX/board support dependency; not modeled as TX8 compiler ABI.
third_party/tx8_deps/tx8-yoc-rt-thread-smp/lib/libkcorert.a,aos_rtthread.c.o,aos_task_wdt_attach,T,Dependency,rtos-board-dependency,RTThread/POSIX/board support dependency; not modeled as TX8 compiler ABI.
third_party/tx8_deps/tx8-yoc-rt-thread-smp/lib/libkcorert.a,aos_rtthread.c.o,aos_task_wdt_detach,T,Dependency,rtos-board-dependency,RTThread/POSIX/board support dependency; not modeled as TX8 compiler ABI.
third_party/tx8_deps/tx8-yoc-rt-thread-smp/lib/libkcorert.a,aos_rtthread.c.o,aos_task_wdt_feed,T,Dependency,rtos-board-dependency,RTThread/POSIX/board support dependency; not modeled as TX8 compiler ABI.
third_party/tx8_deps/tx8-yoc-rt-thread-smp/lib/libkcorert.a,aos_rtthread.c.o,aos_task_yield,T,Dependency,rtos-board-dependency,RTThread/POSIX/board support dependency; not modeled as TX8 compiler ABI.
third_party/tx8_deps/tx8-yoc-rt-thread-smp/lib/libkcorert.a,aos_rtthread.c.o,aos_timer_change,T,Dependency,rtos-board-dependency,RTThread/POSIX/board support dependency; not modeled as TX8 compiler ABI.
third_party/tx8_deps/tx8-yoc-rt-thread-smp/lib/libkcorert.a,aos_rtthread.c.o,aos_timer_change_once,T,Dependency,rtos-board-dependency,RTThread/POSIX/board support dependency; not modeled as TX8 compiler ABI.
third_party/tx8_deps/tx8-yoc-rt-thread-smp/lib/libkcorert.a,aos_rtthread.c.o,aos_timer_free,T,Dependency,rtos-board-dependency,RTThread/POSIX/board support dependency; not modeled as TX8 compiler ABI.
third_party/tx8_deps/tx8-yoc-rt-thread-smp/lib/libkcorert.a,aos_rtthread.c.o,aos_timer_gettime,T,Dependency,rtos-board-dependency,RTThread/POSIX/board support dependency; not modeled as TX8 compiler ABI.
third_party/tx8_deps/tx8-yoc-rt-thread-smp/lib/libkcorert.a,aos_rtthread.c.o,aos_timer_is_active,T,Dependency,rtos-board-dependency,RTThread/POSIX/board support dependency; not modeled as TX8 compiler ABI.
third_party/tx8_deps/tx8-yoc-rt-thread-smp/lib/libkcorert.a,aos_rtthread.c.o,aos_timer_is_valid,T,Dependency,rtos-board-dependency,RTThread/POSIX/board support dependency; not modeled as TX8 compiler ABI.
third_party/tx8_deps/tx8-yoc-rt-thread-smp/lib/libkcorert.a,aos_rtthread.c.o,aos_timer_new,T,Dependency,rtos-board-dependency,RTThread/POSIX/board support dependency; not modeled as TX8 compiler ABI.
third_party/tx8_deps/tx8-yoc-rt-thread-smp/lib/libkcorert.a,aos_rtthread.c.o,aos_timer_new_ext,T,Dependency,rtos-board-dependency,RTThread/POSIX/board support dependency; not modeled as TX8 compiler ABI.
third_party/tx8_deps/tx8-yoc-rt-thread-smp/lib/libkcorert.a,aos_rtthread.c.o,aos_timer_start,T,Dependency,rtos-board-dependency,RTThread/POSIX/board support dependency; not modeled as TX8 compiler ABI.
third_party/tx8_deps/tx8-yoc-rt-thread-smp/lib/libkcorert.a,aos_rtthread.c.o,aos_timer_stop,T,Dependency,rtos-board-dependency,RTThread/POSIX/board support dependency; not modeled as TX8 compiler ABI.
third_party/tx8_deps/tx8-yoc-rt-thread-smp/lib/libkcorert.a,aos_rtthread.c.o,aos_version_get,T,Dependency,rtos-board-dependency,RTThread/POSIX/board support dependency; not modeled as TX8 compiler ABI.
third_party/tx8_deps/tx8-yoc-rt-thread-smp/lib/libkcorert.a,aos_rtthread.c.o,aos_work_cancel,T,Dependency,rtos-board-dependency,RTThread/POSIX/board support dependency; not modeled as TX8 compiler ABI.
third_party/tx8_deps/tx8-yoc-rt-thread-smp/lib/libkcorert.a,aos_rtthread.c.o,aos_work_destroy,T,Dependency,rtos-board-dependency,RTThread/POSIX/board support dependency; not modeled as TX8 compiler ABI.
third_party/tx8_deps/tx8-yoc-rt-thread-smp/lib/libkcorert.a,aos_rtthread.c.o,aos_work_init,T,Dependency,rtos-board-dependency,RTThread/POSIX/board support dependency; not modeled as TX8 compiler ABI.
third_party/tx8_deps/tx8-yoc-rt-thread-smp/lib/libkcorert.a,aos_rtthread.c.o,aos_work_run,T,Dependency,rtos-board-dependency,RTThread/POSIX/board support dependency; not modeled as TX8 compiler ABI.
third_party/tx8_deps/tx8-yoc-rt-thread-smp/lib/libkcorert.a,aos_rtthread.c.o,aos_work_sched,T,Dependency,rtos-board-dependency,RTThread/POSIX/board support dependency; not modeled as TX8 compiler ABI.
third_party/tx8_deps/tx8-yoc-rt-thread-smp/lib/libkcorert.a,aos_rtthread.c.o,aos_workqueue_create,T,Dependency,rtos-board-dependency,RTThread/POSIX/board support dependency; not modeled as TX8 compiler ABI.
third_party/tx8_deps/tx8-yoc-rt-thread-smp/lib/libkcorert.a,aos_rtthread.c.o,aos_workqueue_create_ext,T,Dependency,rtos-board-dependency,RTThread/POSIX/board support dependency; not modeled as TX8 compiler ABI.
third_party/tx8_deps/tx8-yoc-rt-thread-smp/lib/libkcorert.a,aos_rtthread.c.o,aos_workqueue_del,T,Dependency,rtos-board-dependency,RTThread/POSIX/board support dependency; not modeled as TX8 compiler ABI.
third_party/tx8_deps/tx8-yoc-rt-thread-smp/lib/libkcorert.a,aos_rtthread.c.o,aos_zalloc,T,Dependency,rtos-board-dependency,RTThread/POSIX/board support dependency; not modeled as TX8 compiler ABI.
third_party/tx8_deps/tx8-yoc-rt-thread-smp/lib/libkcorert.a,aos_rtthread.c.o,aos_zalloc_check,T,Dependency,rtos-board-dependency,RTThread/POSIX/board support dependency; not modeled as TX8 compiler ABI.
third_party/tx8_deps/tx8-yoc-rt-thread-smp/lib/libkcorert.a,aos_rtthread.c.o,dumpsys_task_func,T,Dependency,rtos-board-dependency,RTThread/POSIX/board support dependency; not modeled as TX8 compiler ABI.
third_party/tx8_deps/tx8-yoc-rt-thread-smp/lib/libkcorert.a,aos_rtthread.c.o,event_index,b,Dependency,rtos-board-dependency,RTThread/POSIX/board support dependency; not modeled as TX8 compiler ABI.
third_party/tx8_deps/tx8-yoc-rt-thread-smp/lib/libkcorert.a,aos_rtthread.c.o,mq_index,b,Dependency,rtos-board-dependency,RTThread/POSIX/board support dependency; not modeled as TX8 compiler ABI.
third_party/tx8_deps/tx8-yoc-rt-thread-smp/lib/libkcorert.a,aos_rtthread.c.o,mutex_index,b,Dependency,rtos-board-dependency,RTThread/POSIX/board support dependency; not modeled as TX8 compiler ABI.
third_party/tx8_deps/tx8-yoc-rt-thread-smp/lib/libkcorert.a,aos_rtthread.c.o,rt_task_info_get,T,Dependency,rtos-board-dependency,RTThread/POSIX/board support dependency; not modeled as TX8 compiler ABI.
third_party/tx8_deps/tx8-yoc-rt-thread-smp/lib/libkcorert.a,aos_rtthread.c.o,rt_task_info_set,T,Dependency,rtos-board-dependency,RTThread/POSIX/board support dependency; not modeled as TX8 compiler ABI.
third_party/tx8_deps/tx8-yoc-rt-thread-smp/lib/libkcorert.a,aos_rtthread.c.o,rtthread_startup,T,Dependency,rtos-board-dependency,RTThread/POSIX/board support dependency; not modeled as TX8 compiler ABI.
third_party/tx8_deps/tx8-yoc-rt-thread-smp/lib/libkcorert.a,aos_rtthread.c.o,sem_index,b,Dependency,rtos-board-dependency,RTThread/POSIX/board support dependency; not modeled as TX8 compiler ABI.
third_party/tx8_deps/tx8-yoc-rt-thread-smp/lib/libkcorert.a,aos_rtthread.c.o,start_time_ms,b,Dependency,rtos-board-dependency,RTThread/POSIX/board support dependency; not modeled as TX8 compiler ABI.
third_party/tx8_deps/tx8-yoc-rt-thread-smp/lib/libkcorert.a,aos_rtthread.c.o,timer_index,b,Dependency,rtos-board-dependency,RTThread/POSIX/board support dependency; not modeled as TX8 compiler ABI.
third_party/tx8_deps/tx8-yoc-rt-thread-smp/lib/libkcorert.a,aos_rtthread.c.o,tmr_adapt_cb,t,Dependency,rtos-board-dependency,RTThread/POSIX/board support dependency; not modeled as TX8 compiler ABI.
third_party/tx8_deps/tx8-yoc-rt-thread-smp/lib/libkcorert.a,aos_rtthread.c.o,trap_c_cb,t,Dependency,rtos-board-dependency,RTThread/POSIX/board support dependency; not modeled as TX8 compiler ABI.
third_party/tx8_deps/tx8-yoc-rt-thread-smp/lib/libkcorert.a,aos_rtthread.c.o,used_bitmap,b,Dependency,rtos-board-dependency,RTThread/POSIX/board support dependency; not modeled as TX8 compiler ABI.
third_party/tx8_deps/tx8-yoc-rt-thread-smp/lib/libkcorert.a,aos_rtthread.c.o,ver_buf.1,b,Dependency,rtos-board-dependency,RTThread/POSIX/board support dependency; not modeled as TX8 compiler ABI.
third_party/tx8_deps/tx8-yoc-rt-thread-smp/lib/libkcorert.a,aos_rtthread.c.o,work_adapt_cb,t,Dependency,rtos-board-dependency,RTThread/POSIX/board support dependency; not modeled as TX8 compiler ABI.
third_party/tx8_deps/tx8-yoc-rt-thread-smp/lib/libkcorert.a,aos_rtthread.c.o,work_index,b,Dependency,rtos-board-dependency,RTThread/POSIX/board support dependency; not modeled as TX8 compiler ABI.
third_party/tx8_deps/tx8-yoc-rt-thread-smp/lib/libkcorert.a,atomic_barrier.c.o,atomic_barrier_in,T,ABI,kcore-runtime-api,Kcore runtime entry covered as device-side ABI.
third_party/tx8_deps/tx8-yoc-rt-thread-smp/lib/libkcorert.a,atomic_barrier.c.o,atomic_barrier_mailbox_intr,t,ABI,kcore-runtime-api,Kcore runtime entry covered as device-side ABI.
third_party/tx8_deps/tx8-yoc-rt-thread-smp/lib/libkcorert.a,atomic_barrier.c.o,atomic_barrier_out,T,ABI,kcore-runtime-api,Kcore runtime entry covered as device-side ABI.
third_party/tx8_deps/tx8-yoc-rt-thread-smp/lib/libkcorert.a,atomic_barrier.c.o,init_atomic_barrier_task,T,ABI,kcore-runtime-api,Kcore runtime entry covered as device-side ABI.
third_party/tx8_deps/tx8-yoc-rt-thread-smp/lib/libkcorert.a,atomic_barrier.c.o,__func__.0,r,Dependency,rtos-board-dependency,RTThread/POSIX/board support dependency; not modeled as TX8 compiler ABI.
third_party/tx8_deps/tx8-yoc-rt-thread-smp/lib/libkcorert.a,atomic_barrier.c.o,__func__.1,r,Dependency,rtos-board-dependency,RTThread/POSIX/board support dependency; not modeled as TX8 compiler ABI.
third_party/tx8_deps/tx8-yoc-rt-thread-smp/lib/libkcorert.a,atomic_barrier.c.o,__func__.2,r,Dependency,rtos-board-dependency,RTThread/POSIX/board support dependency; not modeled as TX8 compiler ABI.
third_party/tx8_deps/tx8-yoc-rt-thread-smp/lib/libkcorert.a,atomic_barrier.c.o,__func__.3,r,Dependency,rtos-board-dependency,RTThread/POSIX/board support dependency; not modeled as TX8 compiler ABI.
third_party/tx8_deps/tx8-yoc-rt-thread-smp/lib/libkcorert.a,atomic_barrier.c.o,__func__.4,r,Dependency,rtos-board-dependency,RTThread/POSIX/board support dependency; not modeled as TX8 compiler ABI.
third_party/tx8_deps/tx8-yoc-rt-thread-smp/lib/libkcorert.a,atomic_barrier.c.o,__func__.5,r,Dependency,rtos-board-dependency,RTThread/POSIX/board support dependency; not modeled as TX8 compiler ABI.
third_party/tx8_deps/tx8-yoc-rt-thread-smp/lib/libkcorert.a,atomic_barrier.c.o,__rtmsym_atomic_barrier_in,D,Dependency,rtos-board-dependency,RTThread/POSIX/board support dependency; not modeled as TX8 compiler ABI.
third_party/tx8_deps/tx8-yoc-rt-thread-smp/lib/libkcorert.a,atomic_barrier.c.o,__rtmsym_atomic_barrier_in_name,R,Dependency,rtos-board-dependency,RTThread/POSIX/board support dependency; not modeled as TX8 compiler ABI.
third_party/tx8_deps/tx8-yoc-rt-thread-smp/lib/libkcorert.a,atomic_barrier.c.o,__rtmsym_atomic_barrier_out,D,Dependency,rtos-board-dependency,RTThread/POSIX/board support dependency; not modeled as TX8 compiler ABI.
third_party/tx8_deps/tx8-yoc-rt-thread-smp/lib/libkcorert.a,atomic_barrier.c.o,__rtmsym_atomic_barrier_out_name,R,Dependency,rtos-board-dependency,RTThread/POSIX/board support dependency; not modeled as TX8 compiler ABI.
third_party/tx8_deps/tx8-yoc-rt-thread-smp/lib/libkcorert.a,atomic_barrier.c.o,g_atomic_barrier_mq,b,Dependency,rtos-board-dependency,RTThread/POSIX/board support dependency; not modeled as TX8 compiler ABI.
third_party/tx8_deps/tx8-yoc-rt-thread-smp/lib/libkcorert.a,atomic_barrier.c.o,get_master_tile2d,T,Dependency,rtos-board-dependency,RTThread/POSIX/board support dependency; not modeled as TX8 compiler ABI.
third_party/tx8_deps/tx8-yoc-rt-thread-smp/lib/libkcorert.a,atomic_barrier.c.o,master_arbitration,T,Dependency,rtos-board-dependency,RTThread/POSIX/board support dependency; not modeled as TX8 compiler ABI.
third_party/tx8_deps/tx8-yoc-rt-thread-smp/lib/libkcorert.a,atomic_barrier.c.o,master_arbitration_task_handle,b,Dependency,rtos-board-dependency,RTThread/POSIX/board support dependency; not modeled as TX8 compiler ABI.
third_party/tx8_deps/tx8-yoc-rt-thread-smp/lib/libkcorert.a,atomic_barrier.c.o,sem_atomic_barrier_in_done,b,Dependency,rtos-board-dependency,RTThread/POSIX/board support dependency; not modeled as TX8 compiler ABI.
third_party/tx8_deps/tx8-yoc-rt-thread-smp/lib/libkcorert.a,atomic_barrier.c.o,sem_atomic_barrier_out,b,Dependency,rtos-board-dependency,RTThread/POSIX/board support dependency; not modeled as TX8 compiler ABI.
third_party/tx8_deps/tx8-yoc-rt-thread-smp/lib/libkcorert.a,atomic_barrier.c.o,sem_atomic_barrier_out_done,b,Dependency,rtos-board-dependency,RTThread/POSIX/board support dependency; not modeled as TX8 compiler ABI.
third_party/tx8_deps/tx8-yoc-rt-thread-smp/lib/libkcorert.a,atomic_barrier.c.o,send_mailbox,T,Dependency,unclassified-dependency,Named dependency/support symbol outside the compiler-facing ABI surface.
third_party/tx8_deps/tx8-yoc-rt-thread-smp/lib/libkcorert.a,atomic_riscv.c.o,rt_hw_atomic_add,T,Dependency,rtos-board-dependency,RTThread/POSIX/board support dependency; not modeled as TX8 compiler ABI.
third_party/tx8_deps/tx8-yoc-rt-thread-smp/lib/libkcorert.a,atomic_riscv.c.o,rt_hw_atomic_and,T,Dependency,rtos-board-dependency,RTThread/POSIX/board support dependency; not modeled as TX8 compiler ABI.
third_party/tx8_deps/tx8-yoc-rt-thread-smp/lib/libkcorert.a,atomic_riscv.c.o,rt_hw_atomic_compare_exchange,T,Dependency,rtos-board-dependency,RTThread/POSIX/board support dependency; not modeled as TX8 compiler ABI.
third_party/tx8_deps/tx8-yoc-rt-thread-smp/lib/libkcorert.a,atomic_riscv.c.o,rt_hw_atomic_compare_exchange_strong,T,Dependency,rtos-board-dependency,RTThread/POSIX/board support dependency; not modeled as TX8 compiler ABI.
third_party/tx8_deps/tx8-yoc-rt-thread-smp/lib/libkcorert.a,atomic_riscv.c.o,rt_hw_atomic_exchange,T,Dependency,rtos-board-dependency,RTThread/POSIX/board support dependency; not modeled as TX8 compiler ABI.
third_party/tx8_deps/tx8-yoc-rt-thread-smp/lib/libkcorert.a,atomic_riscv.c.o,rt_hw_atomic_flag_clear,T,Dependency,rtos-board-dependency,RTThread/POSIX/board support dependency; not modeled as TX8 compiler ABI.
third_party/tx8_deps/tx8-yoc-rt-thread-smp/lib/libkcorert.a,atomic_riscv.c.o,rt_hw_atomic_flag_test_and_set,T,Dependency,rtos-board-dependency,RTThread/POSIX/board support dependency; not modeled as TX8 compiler ABI.
third_party/tx8_deps/tx8-yoc-rt-thread-smp/lib/libkcorert.a,atomic_riscv.c.o,rt_hw_atomic_load,T,Dependency,rtos-board-dependency,RTThread/POSIX/board support dependency; not modeled as TX8 compiler ABI.
third_party/tx8_deps/tx8-yoc-rt-thread-smp/lib/libkcorert.a,atomic_riscv.c.o,rt_hw_atomic_or,T,Dependency,rtos-board-dependency,RTThread/POSIX/board support dependency; not modeled as TX8 compiler ABI.
third_party/tx8_deps/tx8-yoc-rt-thread-smp/lib/libkcorert.a,atomic_riscv.c.o,rt_hw_atomic_store,T,Dependency,rtos-board-dependency,RTThread/POSIX/board support dependency; not modeled as TX8 compiler ABI.
third_party/tx8_deps/tx8-yoc-rt-thread-smp/lib/libkcorert.a,atomic_riscv.c.o,rt_hw_atomic_sub,T,Dependency,rtos-board-dependency,RTThread/POSIX/board support dependency; not modeled as TX8 compiler ABI.
third_party/tx8_deps/tx8-yoc-rt-thread-smp/lib/libkcorert.a,atomic_riscv.c.o,rt_hw_atomic_xor,T,Dependency,rtos-board-dependency,RTThread/POSIX/board support dependency; not modeled as TX8 compiler ABI.
third_party/tx8_deps/tx8-yoc-rt-thread-smp/lib/libkcorert.a,barectf.c.o,kuiper_addrmap_get_physical_id,T,ABI,kcore-runtime-api,Kcore runtime entry covered as device-side ABI.
third_party/tx8_deps/tx8-yoc-rt-thread-smp/lib/libkcorert.a,barectf.c.o,_reserve_er_space,t,Dependency,rtos-board-dependency,RTThread/POSIX/board support dependency; not modeled as TX8 compiler ABI.
third_party/tx8_deps/tx8-yoc-rt-thread-smp/lib/libkcorert.a,barectf.c.o,barectf_default_close_packet,T,Dependency,rtos-board-dependency,RTThread/POSIX/board support dependency; not modeled as TX8 compiler ABI.
third_party/tx8_deps/tx8-yoc-rt-thread-smp/lib/libkcorert.a,barectf.c.o,barectf_default_open_packet,T,Dependency,rtos-board-dependency,RTThread/POSIX/board support dependency; not modeled as TX8 compiler ABI.
third_party/tx8_deps/tx8-yoc-rt-thread-smp/lib/libkcorert.a,barectf.c.o,barectf_default_trace_str,T,Dependency,rtos-board-dependency,RTThread/POSIX/board support dependency; not modeled as TX8 compiler ABI.
third_party/tx8_deps/tx8-yoc-rt-thread-smp/lib/libkcorert.a,barectf.c.o,barectf_default_trace_str_one_int,T,Dependency,rtos-board-dependency,RTThread/POSIX/board support dependency; not modeled as TX8 compiler ABI.
third_party/tx8_deps/tx8-yoc-rt-thread-smp/lib/libkcorert.a,barectf.c.o,barectf_default_trace_str_three_int,T,Dependency,rtos-board-dependency,RTThread/POSIX/board support dependency; not modeled as TX8 compiler ABI.
third_party/tx8_deps/tx8-yoc-rt-thread-smp/lib/libkcorert.a,barectf.c.o,barectf_default_trace_str_two_int,T,Dependency,rtos-board-dependency,RTThread/POSIX/board support dependency; not modeled as TX8 compiler ABI.
third_party/tx8_deps/tx8-yoc-rt-thread-smp/lib/libkcorert.a,barectf.c.o,barectf_discarded_event_records_count,T,Dependency,rtos-board-dependency,RTThread/POSIX/board support dependency; not modeled as TX8 compiler ABI.
third_party/tx8_deps/tx8-yoc-rt-thread-smp/lib/libkcorert.a,barectf.c.o,barectf_enable_tracing,T,Dependency,rtos-board-dependency,RTThread/POSIX/board support dependency; not modeled as TX8 compiler ABI.
third_party/tx8_deps/tx8-yoc-rt-thread-smp/lib/libkcorert.a,barectf.c.o,barectf_get_tile_core,T,Dependency,rtos-board-dependency,RTThread/POSIX/board support dependency; not modeled as TX8 compiler ABI.
third_party/tx8_deps/tx8-yoc-rt-thread-smp/lib/libkcorert.a,barectf.c.o,barectf_init,T,Dependency,rtos-board-dependency,RTThread/POSIX/board support dependency; not modeled as TX8 compiler ABI.
third_party/tx8_deps/tx8-yoc-rt-thread-smp/lib/libkcorert.a,barectf.c.o,barectf_is_in_tracing_section,T,Dependency,rtos-board-dependency,RTThread/POSIX/board support dependency; not modeled as TX8 compiler ABI.
third_party/tx8_deps/tx8-yoc-rt-thread-smp/lib/libkcorert.a,barectf.c.o,barectf_is_in_tracing_section_ptr,T,Dependency,rtos-board-dependency,RTThread/POSIX/board support dependency; not modeled as TX8 compiler ABI.
third_party/tx8_deps/tx8-yoc-rt-thread-smp/lib/libkcorert.a,barectf.c.o,barectf_is_tracing_enabled,T,Dependency,rtos-board-dependency,RTThread/POSIX/board support dependency; not modeled as TX8 compiler ABI.
third_party/tx8_deps/tx8-yoc-rt-thread-smp/lib/libkcorert.a,barectf.c.o,barectf_packet_buf,T,Dependency,rtos-board-dependency,RTThread/POSIX/board support dependency; not modeled as TX8 compiler ABI.
third_party/tx8_deps/tx8-yoc-rt-thread-smp/lib/libkcorert.a,barectf.c.o,barectf_packet_buf_addr,T,Dependency,rtos-board-dependency,RTThread/POSIX/board support dependency; not modeled as TX8 compiler ABI.
third_party/tx8_deps/tx8-yoc-rt-thread-smp/lib/libkcorert.a,barectf.c.o,barectf_packet_buf_size,T,Dependency,rtos-board-dependency,RTThread/POSIX/board support dependency; not modeled as TX8 compiler ABI.
third_party/tx8_deps/tx8-yoc-rt-thread-smp/lib/libkcorert.a,barectf.c.o,barectf_packet_events_discarded,T,Dependency,rtos-board-dependency,RTThread/POSIX/board support dependency; not modeled as TX8 compiler ABI.
third_party/tx8_deps/tx8-yoc-rt-thread-smp/lib/libkcorert.a,barectf.c.o,barectf_packet_is_empty,T,Dependency,rtos-board-dependency,RTThread/POSIX/board support dependency; not modeled as TX8 compiler ABI.
third_party/tx8_deps/tx8-yoc-rt-thread-smp/lib/libkcorert.a,barectf.c.o,barectf_packet_is_full,T,Dependency,rtos-board-dependency,RTThread/POSIX/board support dependency; not modeled as TX8 compiler ABI.
third_party/tx8_deps/tx8-yoc-rt-thread-smp/lib/libkcorert.a,barectf.c.o,barectf_packet_is_open,T,Dependency,rtos-board-dependency,RTThread/POSIX/board support dependency; not modeled as TX8 compiler ABI.
third_party/tx8_deps/tx8-yoc-rt-thread-smp/lib/libkcorert.a,barectf.c.o,barectf_packet_sequence_number,T,Dependency,rtos-board-dependency,RTThread/POSIX/board support dependency; not modeled as TX8 compiler ABI.
third_party/tx8_deps/tx8-yoc-rt-thread-smp/lib/libkcorert.a,barectf.c.o,barectf_packet_set_buf,T,Dependency,rtos-board-dependency,RTThread/POSIX/board support dependency; not modeled as TX8 compiler ABI.
third_party/tx8_deps/tx8-yoc-rt-thread-smp/lib/libkcorert.a,barectf.c.o,barectf_packet_size,T,Dependency,rtos-board-dependency,RTThread/POSIX/board support dependency; not modeled as TX8 compiler ABI.
third_party/tx8_deps/tx8-yoc-rt-thread-smp/lib/libkcorert.a,barectf.c.o,str_with_id,b,Dependency,rtos-board-dependency,RTThread/POSIX/board support dependency; not modeled as TX8 compiler ABI.
third_party/tx8_deps/tx8-yoc-rt-thread-smp/lib/libkcorert.a,battery.c.o,rvm_hal_battery_event_cb,T,Dependency,rtos-board-dependency,RTThread/POSIX/board support dependency; not modeled as TX8 compiler ABI.
third_party/tx8_deps/tx8-yoc-rt-thread-smp/lib/libkcorert.a,battery.c.o,rvm_hal_battery_fetch,T,Dependency,rtos-board-dependency,RTThread/POSIX/board support dependency; not modeled as TX8 compiler ABI.
third_party/tx8_deps/tx8-yoc-rt-thread-smp/lib/libkcorert.a,battery.c.o,rvm_hal_battery_getvalue,T,Dependency,rtos-board-dependency,RTThread/POSIX/board support dependency; not modeled as TX8 compiler ABI.
third_party/tx8_deps/tx8-yoc-rt-thread-smp/lib/libkcorert.a,blockdev.c.o,rvm_hal_blockdev_erase_blks,T,Dependency,rtos-board-dependency,RTThread/POSIX/board support dependency; not modeled as TX8 compiler ABI.
third_party/tx8_deps/tx8-yoc-rt-thread-smp/lib/libkcorert.a,blockdev.c.o,rvm_hal_blockdev_get_info,T,Dependency,rtos-board-dependency,RTThread/POSIX/board support dependency; not modeled as TX8 compiler ABI.
third_party/tx8_deps/tx8-yoc-rt-thread-smp/lib/libkcorert.a,blockdev.c.o,rvm_hal_blockdev_read_blks,T,Dependency,rtos-board-dependency,RTThread/POSIX/board support dependency; not modeled as TX8 compiler ABI.
third_party/tx8_deps/tx8-yoc-rt-thread-smp/lib/libkcorert.a,blockdev.c.o,rvm_hal_blockdev_write_blks,T,Dependency,rtos-board-dependency,RTThread/POSIX/board support dependency; not modeled as TX8 compiler ABI.
third_party/tx8_deps/tx8-yoc-rt-thread-smp/lib/libkcorert.a,board_adc.c.o,board_adc_init,T,Dependency,rtos-board-dependency,RTThread/POSIX/board support dependency; not modeled as TX8 compiler ABI.
third_party/tx8_deps/tx8-yoc-rt-thread-smp/lib/libkcorert.a,board_audio.c.o,board_audio_init,T,Dependency,rtos-board-dependency,RTThread/POSIX/board support dependency; not modeled as TX8 compiler ABI.
third_party/tx8_deps/tx8-yoc-rt-thread-smp/lib/libkcorert.a,board_bt.c.o,board_bt_init,T,Dependency,rtos-board-dependency,RTThread/POSIX/board support dependency; not modeled as TX8 compiler ABI.
third_party/tx8_deps/tx8-yoc-rt-thread-smp/lib/libkcorert.a,board_button.c.o,board_button_init,T,Dependency,rtos-board-dependency,RTThread/POSIX/board support dependency; not modeled as TX8 compiler ABI.
third_party/tx8_deps/tx8-yoc-rt-thread-smp/lib/libkcorert.a,board_gpio.c.o,board_gpio_pin_init,T,Dependency,rtos-board-dependency,RTThread/POSIX/board support dependency; not modeled as TX8 compiler ABI.
third_party/tx8_deps/tx8-yoc-rt-thread-smp/lib/libkcorert.a,board_init.c.o,board_init,T,Dependency,rtos-board-dependency,RTThread/POSIX/board support dependency; not modeled as TX8 compiler ABI.
third_party/tx8_deps/tx8-yoc-rt-thread-smp/lib/libkcorert.a,board_init.c.o,c9xx_csr_copy,t,Dependency,rtos-board-dependency,RTThread/POSIX/board support dependency; not modeled as TX8 compiler ABI.
third_party/tx8_deps/tx8-yoc-rt-thread-smp/lib/libkcorert.a,board_init.c.o,c9xx_regs,b,Dependency,rtos-board-dependency,RTThread/POSIX/board support dependency; not modeled as TX8 compiler ABI.
third_party/tx8_deps/tx8-yoc-rt-thread-smp/lib/libkcorert.a,board_init.c.o,riscv_soc_init_cpu,T,Dependency,rtos-board-dependency,RTThread/POSIX/board support dependency; not modeled as TX8 compiler ABI.
third_party/tx8_deps/tx8-yoc-rt-thread-smp/lib/libkcorert.a,board_init.c.o,riscv_soc_start_cpu,T,Dependency,rtos-board-dependency,RTThread/POSIX/board support dependency; not modeled as TX8 compiler ABI.
third_party/tx8_deps/tx8-yoc-rt-thread-smp/lib/libkcorert.a,board_init.c.o,rt_hw_board_init,T,Dependency,rtos-board-dependency,RTThread/POSIX/board support dependency; not modeled as TX8 compiler ABI.
third_party/tx8_deps/tx8-yoc-rt-thread-smp/lib/libkcorert.a,board_init.c.o,rt_hw_console_getchar,T,Dependency,rtos-board-dependency,RTThread/POSIX/board support dependency; not modeled as TX8 compiler ABI.
third_party/tx8_deps/tx8-yoc-rt-thread-smp/lib/libkcorert.a,board_init.c.o,rt_hw_console_output,T,Dependency,rtos-board-dependency,RTThread/POSIX/board support dependency; not modeled as TX8 compiler ABI.
third_party/tx8_deps/tx8-yoc-rt-thread-smp/lib/libkcorert.a,board_init.c.o,ucLocalTileHeap,V,Dependency,rtos-board-dependency,RTThread/POSIX/board support dependency; not modeled as TX8 compiler ABI.
third_party/tx8_deps/tx8-yoc-rt-thread-smp/lib/libkcorert.a,board_led.c.o,board_led_init,T,Dependency,rtos-board-dependency,RTThread/POSIX/board support dependency; not modeled as TX8 compiler ABI.
third_party/tx8_deps/tx8-yoc-rt-thread-smp/lib/libkcorert.a,board_pwm.c.o,board_pwm_init,T,Dependency,rtos-board-dependency,RTThread/POSIX/board support dependency; not modeled as TX8 compiler ABI.
third_party/tx8_deps/tx8-yoc-rt-thread-smp/lib/libkcorert.a,board_uart.c.o,board_uart_init,T,Dependency,rtos-board-dependency,RTThread/POSIX/board support dependency; not modeled as TX8 compiler ABI.
third_party/tx8_deps/tx8-yoc-rt-thread-smp/lib/libkcorert.a,board_uart.c.o,g_console_handle,V,Dependency,rtos-board-dependency,RTThread/POSIX/board support dependency; not modeled as TX8 compiler ABI.
third_party/tx8_deps/tx8-yoc-rt-thread-smp/lib/libkcorert.a,board_wifi.c.o,board_wifi_init,T,Dependency,rtos-board-dependency,RTThread/POSIX/board support dependency; not modeled as TX8 compiler ABI.
third_party/tx8_deps/tx8-yoc-rt-thread-smp/lib/libkcorert.a,cache.c.o,rt_hw_cpu_dcache_disable,T,Dependency,rtos-board-dependency,RTThread/POSIX/board support dependency; not modeled as TX8 compiler ABI.
third_party/tx8_deps/tx8-yoc-rt-thread-smp/lib/libkcorert.a,cache.c.o,rt_hw_cpu_dcache_enable,T,Dependency,rtos-board-dependency,RTThread/POSIX/board support dependency; not modeled as TX8 compiler ABI.
third_party/tx8_deps/tx8-yoc-rt-thread-smp/lib/libkcorert.a,cache.c.o,rt_hw_cpu_dcache_ops,T,Dependency,rtos-board-dependency,RTThread/POSIX/board support dependency; not modeled as TX8 compiler ABI.
third_party/tx8_deps/tx8-yoc-rt-thread-smp/lib/libkcorert.a,cache.c.o,rt_hw_cpu_icache_disable,T,Dependency,rtos-board-dependency,RTThread/POSIX/board support dependency; not modeled as TX8 compiler ABI.
third_party/tx8_deps/tx8-yoc-rt-thread-smp/lib/libkcorert.a,cache.c.o,rt_hw_cpu_icache_enable,T,Dependency,rtos-board-dependency,RTThread/POSIX/board support dependency; not modeled as TX8 compiler ABI.
third_party/tx8_deps/tx8-yoc-rt-thread-smp/lib/libkcorert.a,cache.c.o,rt_hw_cpu_icache_ops,T,Dependency,rtos-board-dependency,RTThread/POSIX/board support dependency; not modeled as TX8 compiler ABI.
third_party/tx8_deps/tx8-yoc-rt-thread-smp/lib/libkcorert.a,camera.c.o,rvm_hal_camera_channel_close,T,Dependency,rtos-board-dependency,RTThread/POSIX/board support dependency; not modeled as TX8 compiler ABI.
third_party/tx8_deps/tx8-yoc-rt-thread-smp/lib/libkcorert.a,camera.c.o,rvm_hal_camera_channel_open,T,Dependency,rtos-board-dependency,RTThread/POSIX/board support dependency; not modeled as TX8 compiler ABI.
third_party/tx8_deps/tx8-yoc-rt-thread-smp/lib/libkcorert.a,camera.c.o,rvm_hal_camera_channel_query,T,Dependency,rtos-board-dependency,RTThread/POSIX/board support dependency; not modeled as TX8 compiler ABI.
third_party/tx8_deps/tx8-yoc-rt-thread-smp/lib/libkcorert.a,camera.c.o,rvm_hal_camera_channel_start,T,Dependency,rtos-board-dependency,RTThread/POSIX/board support dependency; not modeled as TX8 compiler ABI.
third_party/tx8_deps/tx8-yoc-rt-thread-smp/lib/libkcorert.a,camera.c.o,rvm_hal_camera_channel_stop,T,Dependency,rtos-board-dependency,RTThread/POSIX/board support dependency; not modeled as TX8 compiler ABI.
third_party/tx8_deps/tx8-yoc-rt-thread-smp/lib/libkcorert.a,camera.c.o,rvm_hal_camera_create_event,T,Dependency,rtos-board-dependency,RTThread/POSIX/board support dependency; not modeled as TX8 compiler ABI.
third_party/tx8_deps/tx8-yoc-rt-thread-smp/lib/libkcorert.a,camera.c.o,rvm_hal_camera_destory_event,T,Dependency,rtos-board-dependency,RTThread/POSIX/board support dependency; not modeled as TX8 compiler ABI.
third_party/tx8_deps/tx8-yoc-rt-thread-smp/lib/libkcorert.a,camera.c.o,rvm_hal_camera_get_event,T,Dependency,rtos-board-dependency,RTThread/POSIX/board support dependency; not modeled as TX8 compiler ABI.
third_party/tx8_deps/tx8-yoc-rt-thread-smp/lib/libkcorert.a,camera.c.o,rvm_hal_camera_get_frame,T,Dependency,rtos-board-dependency,RTThread/POSIX/board support dependency; not modeled as TX8 compiler ABI.
third_party/tx8_deps/tx8-yoc-rt-thread-smp/lib/libkcorert.a,camera.c.o,rvm_hal_camera_get_frame_count,T,Dependency,rtos-board-dependency,RTThread/POSIX/board support dependency; not modeled as TX8 compiler ABI.
third_party/tx8_deps/tx8-yoc-rt-thread-smp/lib/libkcorert.a,camera.c.o,rvm_hal_camera_subscribe_event,T,Dependency,rtos-board-dependency,RTThread/POSIX/board support dependency; not modeled as TX8 compiler ABI.
third_party/tx8_deps/tx8-yoc-rt-thread-smp/lib/libkcorert.a,camera.c.o,rvm_hal_camera_unsubscribe_event,T,Dependency,rtos-board-dependency,RTThread/POSIX/board support dependency; not modeled as TX8 compiler ABI.
third_party/tx8_deps/tx8-yoc-rt-thread-smp/lib/libkcorert.a,can.c.o,rvm_hal_can_config,T,Dependency,rtos-board-dependency,RTThread/POSIX/board support dependency; not modeled as TX8 compiler ABI.
third_party/tx8_deps/tx8-yoc-rt-thread-smp/lib/libkcorert.a,can.c.o,rvm_hal_can_config_get,T,Dependency,rtos-board-dependency,RTThread/POSIX/board support dependency; not modeled as TX8 compiler ABI.
third_party/tx8_deps/tx8-yoc-rt-thread-smp/lib/libkcorert.a,can.c.o,rvm_hal_can_filter_init,T,Dependency,rtos-board-dependency,RTThread/POSIX/board support dependency; not modeled as TX8 compiler ABI.
third_party/tx8_deps/tx8-yoc-rt-thread-smp/lib/libkcorert.a,can.c.o,rvm_hal_can_recv,T,Dependency,rtos-board-dependency,RTThread/POSIX/board support dependency; not modeled as TX8 compiler ABI.
third_party/tx8_deps/tx8-yoc-rt-thread-smp/lib/libkcorert.a,can.c.o,rvm_hal_can_send,T,Dependency,rtos-board-dependency,RTThread/POSIX/board support dependency; not modeled as TX8 compiler ABI.
third_party/tx8_deps/tx8-yoc-rt-thread-smp/lib/libkcorert.a,can.c.o,rvm_hal_can_set_event,T,Dependency,rtos-board-dependency,RTThread/POSIX/board support dependency; not modeled as TX8 compiler ABI.
third_party/tx8_deps/tx8-yoc-rt-thread-smp/lib/libkcorert.a,cir.c.o,rvm_hal_cir_config,T,Dependency,rtos-board-dependency,RTThread/POSIX/board support dependency; not modeled as TX8 compiler ABI.
third_party/tx8_deps/tx8-yoc-rt-thread-smp/lib/libkcorert.a,cir.c.o,rvm_hal_cir_config_get,T,Dependency,rtos-board-dependency,RTThread/POSIX/board support dependency; not modeled as TX8 compiler ABI.
third_party/tx8_deps/tx8-yoc-rt-thread-smp/lib/libkcorert.a,cir.c.o,rvm_hal_cir_get_recv_scancode,T,Dependency,rtos-board-dependency,RTThread/POSIX/board support dependency; not modeled as TX8 compiler ABI.
third_party/tx8_deps/tx8-yoc-rt-thread-smp/lib/libkcorert.a,cir.c.o,rvm_hal_cir_recv_start,T,Dependency,rtos-board-dependency,RTThread/POSIX/board support dependency; not modeled as TX8 compiler ABI.
third_party/tx8_deps/tx8-yoc-rt-thread-smp/lib/libkcorert.a,cir.c.o,rvm_hal_cir_send,T,Dependency,rtos-board-dependency,RTThread/POSIX/board support dependency; not modeled as TX8 compiler ABI.
third_party/tx8_deps/tx8-yoc-rt-thread-smp/lib/libkcorert.a,cir.c.o,rvm_hal_cir_set_rx_event,T,Dependency,rtos-board-dependency,RTThread/POSIX/board support dependency; not modeled as TX8 compiler ABI.
third_party/tx8_deps/tx8-yoc-rt-thread-smp/lib/libkcorert.a,cli.c.o,__func__.0,r,Dependency,rtos-board-dependency,RTThread/POSIX/board support dependency; not modeled as TX8 compiler ABI.
third_party/tx8_deps/tx8-yoc-rt-thread-smp/lib/libkcorert.a,cli.c.o,__func__.1,r,Dependency,rtos-board-dependency,RTThread/POSIX/board support dependency; not modeled as TX8 compiler ABI.
third_party/tx8_deps/tx8-yoc-rt-thread-smp/lib/libkcorert.a,cli.c.o,_cli_region_begin,V,Dependency,rtos-board-dependency,RTThread/POSIX/board support dependency; not modeled as TX8 compiler ABI.
third_party/tx8_deps/tx8-yoc-rt-thread-smp/lib/libkcorert.a,cli.c.o,_cli_region_end,V,Dependency,rtos-board-dependency,RTThread/POSIX/board support dependency; not modeled as TX8 compiler ABI.
third_party/tx8_deps/tx8-yoc-rt-thread-smp/lib/libkcorert.a,cli.c.o,built_ins,d,Dependency,rtos-board-dependency,RTThread/POSIX/board support dependency; not modeled as TX8 compiler ABI.
third_party/tx8_deps/tx8-yoc-rt-thread-smp/lib/libkcorert.a,cli.c.o,cli_get_command,T,Dependency,rtos-board-dependency,RTThread/POSIX/board support dependency; not modeled as TX8 compiler ABI.
third_party/tx8_deps/tx8-yoc-rt-thread-smp/lib/libkcorert.a,cli.c.o,cli_get_commands_num,T,Dependency,rtos-board-dependency,RTThread/POSIX/board support dependency; not modeled as TX8 compiler ABI.
third_party/tx8_deps/tx8-yoc-rt-thread-smp/lib/libkcorert.a,cli.c.o,cli_get_echo_status,T,Dependency,rtos-board-dependency,RTThread/POSIX/board support dependency; not modeled as TX8 compiler ABI.
third_party/tx8_deps/tx8-yoc-rt-thread-smp/lib/libkcorert.a,cli.c.o,cli_get_input.part.0.constprop.0,t,Dependency,rtos-board-dependency,RTThread/POSIX/board support dependency; not modeled as TX8 compiler ABI.
third_party/tx8_deps/tx8-yoc-rt-thread-smp/lib/libkcorert.a,cli.c.o,cli_handle_input,T,Dependency,rtos-board-dependency,RTThread/POSIX/board support dependency; not modeled as TX8 compiler ABI.
third_party/tx8_deps/tx8-yoc-rt-thread-smp/lib/libkcorert.a,cli.c.o,cli_history_input,t,Dependency,rtos-board-dependency,RTThread/POSIX/board support dependency; not modeled as TX8 compiler ABI.
third_party/tx8_deps/tx8-yoc-rt-thread-smp/lib/libkcorert.a,cli.c.o,cli_init,T,Dependency,rtos-board-dependency,RTThread/POSIX/board support dependency; not modeled as TX8 compiler ABI.
third_party/tx8_deps/tx8-yoc-rt-thread-smp/lib/libkcorert.a,cli.c.o,cli_main,T,Dependency,rtos-board-dependency,RTThread/POSIX/board support dependency; not modeled as TX8 compiler ABI.
third_party/tx8_deps/tx8-yoc-rt-thread-smp/lib/libkcorert.a,cli.c.o,cli_main_panic,T,Dependency,rtos-board-dependency,RTThread/POSIX/board support dependency; not modeled as TX8 compiler ABI.
third_party/tx8_deps/tx8-yoc-rt-thread-smp/lib/libkcorert.a,cli.c.o,cli_printf,T,Dependency,rtos-board-dependency,RTThread/POSIX/board support dependency; not modeled as TX8 compiler ABI.
third_party/tx8_deps/tx8-yoc-rt-thread-smp/lib/libkcorert.a,cli.c.o,cli_register_command,T,Dependency,rtos-board-dependency,RTThread/POSIX/board support dependency; not modeled as TX8 compiler ABI.
third_party/tx8_deps/tx8-yoc-rt-thread-smp/lib/libkcorert.a,cli.c.o,cli_register_commands,T,Dependency,rtos-board-dependency,RTThread/POSIX/board support dependency; not modeled as TX8 compiler ABI.
third_party/tx8_deps/tx8-yoc-rt-thread-smp/lib/libkcorert.a,cli.c.o,cli_set_echo_status,T,Dependency,rtos-board-dependency,RTThread/POSIX/board support dependency; not modeled as TX8 compiler ABI.
third_party/tx8_deps/tx8-yoc-rt-thread-smp/lib/libkcorert.a,cli.c.o,cli_stop,T,Dependency,rtos-board-dependency,RTThread/POSIX/board support dependency; not modeled as TX8 compiler ABI.
third_party/tx8_deps/tx8-yoc-rt-thread-smp/lib/libkcorert.a,cli.c.o,cli_tag_get,T,Dependency,rtos-board-dependency,RTThread/POSIX/board support dependency; not modeled as TX8 compiler ABI.
third_party/tx8_deps/tx8-yoc-rt-thread-smp/lib/libkcorert.a,cli.c.o,cli_unregister_command,T,Dependency,rtos-board-dependency,RTThread/POSIX/board support dependency; not modeled as TX8 compiler ABI.
third_party/tx8_deps/tx8-yoc-rt-thread-smp/lib/libkcorert.a,cli.c.o,cli_unregister_commands,T,Dependency,rtos-board-dependency,RTThread/POSIX/board support dependency; not modeled as TX8 compiler ABI.
third_party/tx8_deps/tx8-yoc-rt-thread-smp/lib/libkcorert.a,cli.c.o,cli_va_printf,T,Dependency,rtos-board-dependency,RTThread/POSIX/board support dependency; not modeled as TX8 compiler ABI.
third_party/tx8_deps/tx8-yoc-rt-thread-smp/lib/libkcorert.a,cli.c.o,g_cli,b,Dependency,rtos-board-dependency,RTThread/POSIX/board support dependency; not modeled as TX8 compiler ABI.
third_party/tx8_deps/tx8-yoc-rt-thread-smp/lib/libkcorert.a,cli.c.o,help_cmd,t,Dependency,rtos-board-dependency,RTThread/POSIX/board support dependency; not modeled as TX8 compiler ABI.
third_party/tx8_deps/tx8-yoc-rt-thread-smp/lib/libkcorert.a,cli.c.o,proc_onecmd,T,Dependency,rtos-board-dependency,RTThread/POSIX/board support dependency; not modeled as TX8 compiler ABI.
third_party/tx8_deps/tx8-yoc-rt-thread-smp/lib/libkcorert.a,cli.c.o,reboot_cmd,t,Dependency,rtos-board-dependency,RTThread/POSIX/board support dependency; not modeled as TX8 compiler ABI.
third_party/tx8_deps/tx8-yoc-rt-thread-smp/lib/libkcorert.a,cli.c.o,usr_cli_register_init,T,Dependency,rtos-board-dependency,RTThread/POSIX/board support dependency; not modeled as TX8 compiler ABI.
third_party/tx8_deps/tx8-yoc-rt-thread-smp/lib/libkcorert.a,cli_adapt.c.o,aos_cli_resume,T,Dependency,rtos-board-dependency,RTThread/POSIX/board support dependency; not modeled as TX8 compiler ABI.
third_party/tx8_deps/tx8-yoc-rt-thread-smp/lib/libkcorert.a,cli_adapt.c.o,aos_cli_suspend,T,Dependency,rtos-board-dependency,RTThread/POSIX/board support dependency; not modeled as TX8 compiler ABI.
third_party/tx8_deps/tx8-yoc-rt-thread-smp/lib/libkcorert.a,cli_adapt.c.o,cli_free,T,Dependency,rtos-board-dependency,RTThread/POSIX/board support dependency; not modeled as TX8 compiler ABI.
third_party/tx8_deps/tx8-yoc-rt-thread-smp/lib/libkcorert.a,cli_adapt.c.o,cli_getchar,T,Dependency,rtos-board-dependency,RTThread/POSIX/board support dependency; not modeled as TX8 compiler ABI.
third_party/tx8_deps/tx8-yoc-rt-thread-smp/lib/libkcorert.a,cli_adapt.c.o,cli_malloc,T,Dependency,rtos-board-dependency,RTThread/POSIX/board support dependency; not modeled as TX8 compiler ABI.
third_party/tx8_deps/tx8-yoc-rt-thread-smp/lib/libkcorert.a,cli_adapt.c.o,cli_putchar,T,Dependency,rtos-board-dependency,RTThread/POSIX/board support dependency; not modeled as TX8 compiler ABI.
third_party/tx8_deps/tx8-yoc-rt-thread-smp/lib/libkcorert.a,cli_adapt.c.o,cli_putstr,T,Dependency,rtos-board-dependency,RTThread/POSIX/board support dependency; not modeled as TX8 compiler ABI.
third_party/tx8_deps/tx8-yoc-rt-thread-smp/lib/libkcorert.a,cli_adapt.c.o,cli_task,b,Dependency,rtos-board-dependency,RTThread/POSIX/board support dependency; not modeled as TX8 compiler ABI.
third_party/tx8_deps/tx8-yoc-rt-thread-smp/lib/libkcorert.a,cli_adapt.c.o,cli_task_create,T,Dependency,rtos-board-dependency,RTThread/POSIX/board support dependency; not modeled as TX8 compiler ABI.
third_party/tx8_deps/tx8-yoc-rt-thread-smp/lib/libkcorert.a,cli_adapt.c.o,cli_task_exit,T,Dependency,rtos-board-dependency,RTThread/POSIX/board support dependency; not modeled as TX8 compiler ABI.
third_party/tx8_deps/tx8-yoc-rt-thread-smp/lib/libkcorert.a,cli_aos.c.o,aos_cli_get_command,T,Dependency,rtos-board-dependency,RTThread/POSIX/board support dependency; not modeled as TX8 compiler ABI.
third_party/tx8_deps/tx8-yoc-rt-thread-smp/lib/libkcorert.a,cli_aos.c.o,aos_cli_get_commands_num,T,Dependency,rtos-board-dependency,RTThread/POSIX/board support dependency; not modeled as TX8 compiler ABI.
third_party/tx8_deps/tx8-yoc-rt-thread-smp/lib/libkcorert.a,cli_aos.c.o,aos_cli_init,T,Dependency,rtos-board-dependency,RTThread/POSIX/board support dependency; not modeled as TX8 compiler ABI.
third_party/tx8_deps/tx8-yoc-rt-thread-smp/lib/libkcorert.a,cli_aos.c.o,aos_cli_printf,T,Dependency,rtos-board-dependency,RTThread/POSIX/board support dependency; not modeled as TX8 compiler ABI.
third_party/tx8_deps/tx8-yoc-rt-thread-smp/lib/libkcorert.a,cli_aos.c.o,aos_cli_register_command,T,Dependency,rtos-board-dependency,RTThread/POSIX/board support dependency; not modeled as TX8 compiler ABI.
third_party/tx8_deps/tx8-yoc-rt-thread-smp/lib/libkcorert.a,cli_aos.c.o,aos_cli_register_commands,T,Dependency,rtos-board-dependency,RTThread/POSIX/board support dependency; not modeled as TX8 compiler ABI.
third_party/tx8_deps/tx8-yoc-rt-thread-smp/lib/libkcorert.a,cli_aos.c.o,aos_cli_unregister_command,T,Dependency,rtos-board-dependency,RTThread/POSIX/board support dependency; not modeled as TX8 compiler ABI.
third_party/tx8_deps/tx8-yoc-rt-thread-smp/lib/libkcorert.a,cli_aos.c.o,aos_cli_unregister_commands,T,Dependency,rtos-board-dependency,RTThread/POSIX/board support dependency; not modeled as TX8 compiler ABI.
third_party/tx8_deps/tx8-yoc-rt-thread-smp/lib/libkcorert.a,cli_console.c.o,__clisym_ccs,D,Dependency,rtos-board-dependency,RTThread/POSIX/board support dependency; not modeled as TX8 compiler ABI.
third_party/tx8_deps/tx8-yoc-rt-thread-smp/lib/libkcorert.a,cli_console.c.o,__clisym_ccs_desc,R,Dependency,rtos-board-dependency,RTThread/POSIX/board support dependency; not modeled as TX8 compiler ABI.
third_party/tx8_deps/tx8-yoc-rt-thread-smp/lib/libkcorert.a,cli_console.c.o,__clisym_ccs_name,R,Dependency,rtos-board-dependency,RTThread/POSIX/board support dependency; not modeled as TX8 compiler ABI.
third_party/tx8_deps/tx8-yoc-rt-thread-smp/lib/libkcorert.a,cli_console.c.o,__func__.0,r,Dependency,rtos-board-dependency,RTThread/POSIX/board support dependency; not modeled as TX8 compiler ABI.
third_party/tx8_deps/tx8-yoc-rt-thread-smp/lib/libkcorert.a,cli_console.c.o,__func__.1,r,Dependency,rtos-board-dependency,RTThread/POSIX/board support dependency; not modeled as TX8 compiler ABI.
third_party/tx8_deps/tx8-yoc-rt-thread-smp/lib/libkcorert.a,cli_console.c.o,check_console_task_exit,T,Dependency,rtos-board-dependency,RTThread/POSIX/board support dependency; not modeled as TX8 compiler ABI.
third_party/tx8_deps/tx8-yoc-rt-thread-smp/lib/libkcorert.a,cli_console.c.o,cli_console_add_task_list_node,T,Dependency,rtos-board-dependency,RTThread/POSIX/board support dependency; not modeled as TX8 compiler ABI.
third_party/tx8_deps/tx8-yoc-rt-thread-smp/lib/libkcorert.a,cli_console.c.o,cli_console_check_invalid,T,Dependency,rtos-board-dependency,RTThread/POSIX/board support dependency; not modeled as TX8 compiler ABI.
third_party/tx8_deps/tx8-yoc-rt-thread-smp/lib/libkcorert.a,cli_console.c.o,cli_console_check_task_list_node,T,Dependency,rtos-board-dependency,RTThread/POSIX/board support dependency; not modeled as TX8 compiler ABI.
third_party/tx8_deps/tx8-yoc-rt-thread-smp/lib/libkcorert.a,cli_console.c.o,cli_console_create,T,Dependency,rtos-board-dependency,RTThread/POSIX/board support dependency; not modeled as TX8 compiler ABI.
third_party/tx8_deps/tx8-yoc-rt-thread-smp/lib/libkcorert.a,cli_console.c.o,cli_console_current_task_destory,T,Dependency,rtos-board-dependency,RTThread/POSIX/board support dependency; not modeled as TX8 compiler ABI.
third_party/tx8_deps/tx8-yoc-rt-thread-smp/lib/libkcorert.a,cli_console.c.o,cli_console_deinit,T,Dependency,rtos-board-dependency,RTThread/POSIX/board support dependency; not modeled as TX8 compiler ABI.
third_party/tx8_deps/tx8-yoc-rt-thread-smp/lib/libkcorert.a,cli_console.c.o,cli_console_destory,T,Dependency,rtos-board-dependency,RTThread/POSIX/board support dependency; not modeled as TX8 compiler ABI.
third_party/tx8_deps/tx8-yoc-rt-thread-smp/lib/libkcorert.a,cli_console.c.o,cli_console_get_all_tag,T,Dependency,rtos-board-dependency,RTThread/POSIX/board support dependency; not modeled as TX8 compiler ABI.
third_party/tx8_deps/tx8-yoc-rt-thread-smp/lib/libkcorert.a,cli_console.c.o,cli_console_get_name,T,Dependency,rtos-board-dependency,RTThread/POSIX/board support dependency; not modeled as TX8 compiler ABI.
third_party/tx8_deps/tx8-yoc-rt-thread-smp/lib/libkcorert.a,cli_console.c.o,cli_console_get_tag,T,Dependency,rtos-board-dependency,RTThread/POSIX/board support dependency; not modeled as TX8 compiler ABI.
third_party/tx8_deps/tx8-yoc-rt-thread-smp/lib/libkcorert.a,cli_console.c.o,cli_console_get_tag_len,T,Dependency,rtos-board-dependency,RTThread/POSIX/board support dependency; not modeled as TX8 compiler ABI.
third_party/tx8_deps/tx8-yoc-rt-thread-smp/lib/libkcorert.a,cli_console.c.o,cli_console_init,T,Dependency,rtos-board-dependency,RTThread/POSIX/board support dependency; not modeled as TX8 compiler ABI.
third_party/tx8_deps/tx8-yoc-rt-thread-smp/lib/libkcorert.a,cli_console.c.o,cli_console_read,T,Dependency,rtos-board-dependency,RTThread/POSIX/board support dependency; not modeled as TX8 compiler ABI.
third_party/tx8_deps/tx8-yoc-rt-thread-smp/lib/libkcorert.a,cli_console.c.o,cli_console_remove_task_list_node,T,Dependency,rtos-board-dependency,RTThread/POSIX/board support dependency; not modeled as TX8 compiler ABI.
third_party/tx8_deps/tx8-yoc-rt-thread-smp/lib/libkcorert.a,cli_console.c.o,cli_console_set_exit_flag,T,Dependency,rtos-board-dependency,RTThread/POSIX/board support dependency; not modeled as TX8 compiler ABI.
third_party/tx8_deps/tx8-yoc-rt-thread-smp/lib/libkcorert.a,cli_console.c.o,cli_console_set_tag,T,Dependency,rtos-board-dependency,RTThread/POSIX/board support dependency; not modeled as TX8 compiler ABI.
third_party/tx8_deps/tx8-yoc-rt-thread-smp/lib/libkcorert.a,cli_console.c.o,cli_console_set_tag_len,T,Dependency,rtos-board-dependency,RTThread/POSIX/board support dependency; not modeled as TX8 compiler ABI.
third_party/tx8_deps/tx8-yoc-rt-thread-smp/lib/libkcorert.a,cli_console.c.o,cli_console_show,T,Dependency,rtos-board-dependency,RTThread/POSIX/board support dependency; not modeled as TX8 compiler ABI.
third_party/tx8_deps/tx8-yoc-rt-thread-smp/lib/libkcorert.a,cli_console.c.o,cli_console_show_cmd,T,Dependency,rtos-board-dependency,RTThread/POSIX/board support dependency; not modeled as TX8 compiler ABI.
third_party/tx8_deps/tx8-yoc-rt-thread-smp/lib/libkcorert.a,cli_console.c.o,cli_console_show_cmd_stub,t,Dependency,rtos-board-dependency,RTThread/POSIX/board support dependency; not modeled as TX8 compiler ABI.
third_party/tx8_deps/tx8-yoc-rt-thread-smp/lib/libkcorert.a,cli_console.c.o,cli_console_task_check_exit_flag,T,Dependency,rtos-board-dependency,RTThread/POSIX/board support dependency; not modeled as TX8 compiler ABI.
third_party/tx8_deps/tx8-yoc-rt-thread-smp/lib/libkcorert.a,cli_console.c.o,cli_console_task_create,T,Dependency,rtos-board-dependency,RTThread/POSIX/board support dependency; not modeled as TX8 compiler ABI.
third_party/tx8_deps/tx8-yoc-rt-thread-smp/lib/libkcorert.a,cli_console.c.o,cli_console_task_destory,T,Dependency,rtos-board-dependency,RTThread/POSIX/board support dependency; not modeled as TX8 compiler ABI.
third_party/tx8_deps/tx8-yoc-rt-thread-smp/lib/libkcorert.a,cli_console.c.o,cli_console_write,T,Dependency,rtos-board-dependency,RTThread/POSIX/board support dependency; not modeled as TX8 compiler ABI.
third_party/tx8_deps/tx8-yoc-rt-thread-smp/lib/libkcorert.a,cli_console.c.o,cli_task_clear_console,T,Dependency,rtos-board-dependency,RTThread/POSIX/board support dependency; not modeled as TX8 compiler ABI.
third_party/tx8_deps/tx8-yoc-rt-thread-smp/lib/libkcorert.a,cli_console.c.o,cli_task_get_console_name,T,Dependency,rtos-board-dependency,RTThread/POSIX/board support dependency; not modeled as TX8 compiler ABI.
third_party/tx8_deps/tx8-yoc-rt-thread-smp/lib/libkcorert.a,cli_console.c.o,cli_task_set_console,T,Dependency,rtos-board-dependency,RTThread/POSIX/board support dependency; not modeled as TX8 compiler ABI.
third_party/tx8_deps/tx8-yoc-rt-thread-smp/lib/libkcorert.a,cli_console.c.o,console_sem,b,Dependency,rtos-board-dependency,RTThread/POSIX/board support dependency; not modeled as TX8 compiler ABI.
third_party/tx8_deps/tx8-yoc-rt-thread-smp/lib/libkcorert.a,cli_console.c.o,create_default_console_task,T,Dependency,rtos-board-dependency,RTThread/POSIX/board support dependency; not modeled as TX8 compiler ABI.
third_party/tx8_deps/tx8-yoc-rt-thread-smp/lib/libkcorert.a,cli_console.c.o,default_console,d,Dependency,rtos-board-dependency,RTThread/POSIX/board support dependency; not modeled as TX8 compiler ABI.
third_party/tx8_deps/tx8-yoc-rt-thread-smp/lib/libkcorert.a,cli_console.c.o,gCliConsolelist,d,Dependency,rtos-board-dependency,RTThread/POSIX/board support dependency; not modeled as TX8 compiler ABI.
third_party/tx8_deps/tx8-yoc-rt-thread-smp/lib/libkcorert.a,cli_console.c.o,g_cli_key,d,Dependency,rtos-board-dependency,RTThread/POSIX/board support dependency; not modeled as TX8 compiler ABI.
third_party/tx8_deps/tx8-yoc-rt-thread-smp/lib/libkcorert.a,cli_console.c.o,get_alive_console_num,T,Dependency,rtos-board-dependency,RTThread/POSIX/board support dependency; not modeled as TX8 compiler ABI.
third_party/tx8_deps/tx8-yoc-rt-thread-smp/lib/libkcorert.a,cli_console.c.o,get_clitask_console,T,Dependency,rtos-board-dependency,RTThread/POSIX/board support dependency; not modeled as TX8 compiler ABI.
third_party/tx8_deps/tx8-yoc-rt-thread-smp/lib/libkcorert.a,cli_console.c.o,get_current_console,T,Dependency,rtos-board-dependency,RTThread/POSIX/board support dependency; not modeled as TX8 compiler ABI.
third_party/tx8_deps/tx8-yoc-rt-thread-smp/lib/libkcorert.a,cli_console.c.o,get_default_console,T,Dependency,rtos-board-dependency,RTThread/POSIX/board support dependency; not modeled as TX8 compiler ABI.
third_party/tx8_deps/tx8-yoc-rt-thread-smp/lib/libkcorert.a,cli_console.c.o,get_global_console,T,Dependency,rtos-board-dependency,RTThread/POSIX/board support dependency; not modeled as TX8 compiler ABI.
third_party/tx8_deps/tx8-yoc-rt-thread-smp/lib/libkcorert.a,cli_console.c.o,global_console,b,Dependency,rtos-board-dependency,RTThread/POSIX/board support dependency; not modeled as TX8 compiler ABI.
third_party/tx8_deps/tx8-yoc-rt-thread-smp/lib/libkcorert.a,cli_console.c.o,mul_console_init_flag,b,Dependency,rtos-board-dependency,RTThread/POSIX/board support dependency; not modeled as TX8 compiler ABI.
third_party/tx8_deps/tx8-yoc-rt-thread-smp/lib/libkcorert.a,cli_console.c.o,set_default_console,T,Dependency,rtos-board-dependency,RTThread/POSIX/board support dependency; not modeled as TX8 compiler ABI.
third_party/tx8_deps/tx8-yoc-rt-thread-smp/lib/libkcorert.a,cli_console.c.o,set_global_console,T,Dependency,rtos-board-dependency,RTThread/POSIX/board support dependency; not modeled as TX8 compiler ABI.
third_party/tx8_deps/tx8-yoc-rt-thread-smp/lib/libkcorert.a,cli_free.c.o,cli_reg_cmd_free,T,Dependency,rtos-board-dependency,RTThread/POSIX/board support dependency; not modeled as TX8 compiler ABI.
third_party/tx8_deps/tx8-yoc-rt-thread-smp/lib/libkcorert.a,cli_free.c.o,cmd_free_func,T,Dependency,rtos-board-dependency,RTThread/POSIX/board support dependency; not modeled as TX8 compiler ABI.
third_party/tx8_deps/tx8-yoc-rt-thread-smp/lib/libkcorert.a,cli_free.c.o,cmd_info.0,d,Dependency,rtos-board-dependency,RTThread/POSIX/board support dependency; not modeled as TX8 compiler ABI.
third_party/tx8_deps/tx8-yoc-rt-thread-smp/lib/libkcorert.a,cli_ps.c.o,cli_reg_cmd_ps,T,Dependency,rtos-board-dependency,RTThread/POSIX/board support dependency; not modeled as TX8 compiler ABI.
third_party/tx8_deps/tx8-yoc-rt-thread-smp/lib/libkcorert.a,cli_ps.c.o,cmd_info.0,d,Dependency,rtos-board-dependency,RTThread/POSIX/board support dependency; not modeled as TX8 compiler ABI.
third_party/tx8_deps/tx8-yoc-rt-thread-smp/lib/libkcorert.a,cli_ps.c.o,cmd_ps_func,T,Dependency,rtos-board-dependency,RTThread/POSIX/board support dependency; not modeled as TX8 compiler ABI.
third_party/tx8_deps/tx8-yoc-rt-thread-smp/lib/libkcorert.a,cli_sysinfo.c.o,cli_reg_cmd_sysinfo,T,Dependency,rtos-board-dependency,RTThread/POSIX/board support dependency; not modeled as TX8 compiler ABI.
third_party/tx8_deps/tx8-yoc-rt-thread-smp/lib/libkcorert.a,cli_sysinfo.c.o,cmd_get_sysinfo_func,t,Dependency,rtos-board-dependency,RTThread/POSIX/board support dependency; not modeled as TX8 compiler ABI.
third_party/tx8_deps/tx8-yoc-rt-thread-smp/lib/libkcorert.a,cli_sysinfo.c.o,cmd_info.0,d,Dependency,rtos-board-dependency,RTThread/POSIX/board support dependency; not modeled as TX8 compiler ABI.
third_party/tx8_deps/tx8-yoc-rt-thread-smp/lib/libkcorert.a,clint.c.o,clint_ipi_clear,T,Dependency,rtos-board-dependency,RTThread/POSIX/board support dependency; not modeled as TX8 compiler ABI.
third_party/tx8_deps/tx8-yoc-rt-thread-smp/lib/libkcorert.a,clint.c.o,clint_ipi_send,T,Dependency,rtos-board-dependency,RTThread/POSIX/board support dependency; not modeled as TX8 compiler ABI.
third_party/tx8_deps/tx8-yoc-rt-thread-smp/lib/libkcorert.a,clint.c.o,ipi_irq,T,Dependency,rtos-board-dependency,RTThread/POSIX/board support dependency; not modeled as TX8 compiler ABI.
third_party/tx8_deps/tx8-yoc-rt-thread-smp/lib/libkcorert.a,clint.c.o,rt_hw_clint_ipi_enable,T,Dependency,rtos-board-dependency,RTThread/POSIX/board support dependency; not modeled as TX8 compiler ABI.
third_party/tx8_deps/tx8-yoc-rt-thread-smp/lib/libkcorert.a,clint.c.o,rt_hw_scondary_interrupt_init,T,Dependency,rtos-board-dependency,RTThread/POSIX/board support dependency; not modeled as TX8 compiler ABI.
third_party/tx8_deps/tx8-yoc-rt-thread-smp/lib/libkcorert.a,clint.c.o,rt_hw_tick_init,T,Dependency,rtos-board-dependency,RTThread/POSIX/board support dependency; not modeled as TX8 compiler ABI.
third_party/tx8_deps/tx8-yoc-rt-thread-smp/lib/libkcorert.a,clint.c.o,power_off_hook_for_ipi_irq,W,HardwareVerify,hardware-measured-runtime,Static ABI is documented; timing/state semantics require board verification.
third_party/tx8_deps/tx8-yoc-rt-thread-smp/lib/libkcorert.a,clk.c.o,csi_clk_disable,T,Dependency,rtos-board-dependency,RTThread/POSIX/board support dependency; not modeled as TX8 compiler ABI.
third_party/tx8_deps/tx8-yoc-rt-thread-smp/lib/libkcorert.a,clk.c.o,csi_clk_enable,T,Dependency,rtos-board-dependency,RTThread/POSIX/board support dependency; not modeled as TX8 compiler ABI.
third_party/tx8_deps/tx8-yoc-rt-thread-smp/lib/libkcorert.a,clk.c.o,rvm_hal_clk_disable,T,Dependency,rtos-board-dependency,RTThread/POSIX/board support dependency; not modeled as TX8 compiler ABI.
third_party/tx8_deps/tx8-yoc-rt-thread-smp/lib/libkcorert.a,clk.c.o,rvm_hal_clk_enable,T,Dependency,rtos-board-dependency,RTThread/POSIX/board support dependency; not modeled as TX8 compiler ABI.
third_party/tx8_deps/tx8-yoc-rt-thread-smp/lib/libkcorert.a,clk.c.o,rvm_hal_clk_get_freq,T,Dependency,rtos-board-dependency,RTThread/POSIX/board support dependency; not modeled as TX8 compiler ABI.
third_party/tx8_deps/tx8-yoc-rt-thread-smp/lib/libkcorert.a,clk.c.o,rvm_hal_clk_set_freq,T,Dependency,rtos-board-dependency,RTThread/POSIX/board support dependency; not modeled as TX8 compiler ABI.
third_party/tx8_deps/tx8-yoc-rt-thread-smp/lib/libkcorert.a,clock.c.o,__rtmsym_rt_tick_from_millisecond,D,Dependency,rtos-board-dependency,RTThread/POSIX/board support dependency; not modeled as TX8 compiler ABI.
third_party/tx8_deps/tx8-yoc-rt-thread-smp/lib/libkcorert.a,clock.c.o,__rtmsym_rt_tick_from_millisecond_name,R,Dependency,rtos-board-dependency,RTThread/POSIX/board support dependency; not modeled as TX8 compiler ABI.
third_party/tx8_deps/tx8-yoc-rt-thread-smp/lib/libkcorert.a,clock.c.o,__rtmsym_rt_tick_get,D,Dependency,rtos-board-dependency,RTThread/POSIX/board support dependency; not modeled as TX8 compiler ABI.
third_party/tx8_deps/tx8-yoc-rt-thread-smp/lib/libkcorert.a,clock.c.o,__rtmsym_rt_tick_get_name,R,Dependency,rtos-board-dependency,RTThread/POSIX/board support dependency; not modeled as TX8 compiler ABI.
third_party/tx8_deps/tx8-yoc-rt-thread-smp/lib/libkcorert.a,clock.c.o,rt_tick_from_millisecond,T,Dependency,rtos-board-dependency,RTThread/POSIX/board support dependency; not modeled as TX8 compiler ABI.
third_party/tx8_deps/tx8-yoc-rt-thread-smp/lib/libkcorert.a,clock.c.o,rt_tick_get,T,Dependency,rtos-board-dependency,RTThread/POSIX/board support dependency; not modeled as TX8 compiler ABI.
third_party/tx8_deps/tx8-yoc-rt-thread-smp/lib/libkcorert.a,clock.c.o,rt_tick_get_millisecond,W,Dependency,rtos-board-dependency,RTThread/POSIX/board support dependency; not modeled as TX8 compiler ABI.
third_party/tx8_deps/tx8-yoc-rt-thread-smp/lib/libkcorert.a,clock.c.o,rt_tick_hook,b,Dependency,rtos-board-dependency,RTThread/POSIX/board support dependency; not modeled as TX8 compiler ABI.
third_party/tx8_deps/tx8-yoc-rt-thread-smp/lib/libkcorert.a,clock.c.o,rt_tick_increase,T,Dependency,rtos-board-dependency,RTThread/POSIX/board support dependency; not modeled as TX8 compiler ABI.
third_party/tx8_deps/tx8-yoc-rt-thread-smp/lib/libkcorert.a,clock.c.o,rt_tick_set,T,Dependency,rtos-board-dependency,RTThread/POSIX/board support dependency; not modeled as TX8 compiler ABI.
third_party/tx8_deps/tx8-yoc-rt-thread-smp/lib/libkcorert.a,clock.c.o,rt_tick_sethook,T,Dependency,rtos-board-dependency,RTThread/POSIX/board support dependency; not modeled as TX8 compiler ABI.
third_party/tx8_deps/tx8-yoc-rt-thread-smp/lib/libkcorert.a,cmd.c.o,clear,T,Dependency,rtos-board-dependency,RTThread/POSIX/board support dependency; not modeled as TX8 compiler ABI.
third_party/tx8_deps/tx8-yoc-rt-thread-smp/lib/libkcorert.a,cmd.c.o,get_list_thread,T,Dependency,rtos-board-dependency,RTThread/POSIX/board support dependency; not modeled as TX8 compiler ABI.
third_party/tx8_deps/tx8-yoc-rt-thread-smp/lib/libkcorert.a,cmd.c.o,list_device,T,Dependency,rtos-board-dependency,RTThread/POSIX/board support dependency; not modeled as TX8 compiler ABI.
third_party/tx8_deps/tx8-yoc-rt-thread-smp/lib/libkcorert.a,cmd.c.o,list_event,T,Dependency,rtos-board-dependency,RTThread/POSIX/board support dependency; not modeled as TX8 compiler ABI.
third_party/tx8_deps/tx8-yoc-rt-thread-smp/lib/libkcorert.a,cmd.c.o,list_mailbox,T,Dependency,unclassified-dependency,Named dependency/support symbol outside the compiler-facing ABI surface.
third_party/tx8_deps/tx8-yoc-rt-thread-smp/lib/libkcorert.a,cmd.c.o,list_memheap,T,Dependency,rtos-board-dependency,RTThread/POSIX/board support dependency; not modeled as TX8 compiler ABI.
third_party/tx8_deps/tx8-yoc-rt-thread-smp/lib/libkcorert.a,cmd.c.o,list_mempool,T,Dependency,rtos-board-dependency,RTThread/POSIX/board support dependency; not modeled as TX8 compiler ABI.
third_party/tx8_deps/tx8-yoc-rt-thread-smp/lib/libkcorert.a,cmd.c.o,list_msgqueue,T,Dependency,rtos-board-dependency,RTThread/POSIX/board support dependency; not modeled as TX8 compiler ABI.
third_party/tx8_deps/tx8-yoc-rt-thread-smp/lib/libkcorert.a,cmd.c.o,list_mutex,T,Dependency,rtos-board-dependency,RTThread/POSIX/board support dependency; not modeled as TX8 compiler ABI.
third_party/tx8_deps/tx8-yoc-rt-thread-smp/lib/libkcorert.a,cmd.c.o,list_sem,T,Dependency,rtos-board-dependency,RTThread/POSIX/board support dependency; not modeled as TX8 compiler ABI.
third_party/tx8_deps/tx8-yoc-rt-thread-smp/lib/libkcorert.a,cmd.c.o,list_thread,T,Dependency,rtos-board-dependency,RTThread/POSIX/board support dependency; not modeled as TX8 compiler ABI.
third_party/tx8_deps/tx8-yoc-rt-thread-smp/lib/libkcorert.a,cmd.c.o,list_timer,T,Dependency,rtos-board-dependency,RTThread/POSIX/board support dependency; not modeled as TX8 compiler ABI.
third_party/tx8_deps/tx8-yoc-rt-thread-smp/lib/libkcorert.a,cmd.c.o,version,T,Dependency,rtos-board-dependency,RTThread/POSIX/board support dependency; not modeled as TX8 compiler ABI.
third_party/tx8_deps/tx8-yoc-rt-thread-smp/lib/libkcorert.a,completion.c.o,__rtmsym_rt_completion_done,D,Dependency,rtos-board-dependency,RTThread/POSIX/board support dependency; not modeled as TX8 compiler ABI.
third_party/tx8_deps/tx8-yoc-rt-thread-smp/lib/libkcorert.a,completion.c.o,__rtmsym_rt_completion_done_name,R,Dependency,rtos-board-dependency,RTThread/POSIX/board support dependency; not modeled as TX8 compiler ABI.
third_party/tx8_deps/tx8-yoc-rt-thread-smp/lib/libkcorert.a,completion.c.o,__rtmsym_rt_completion_init,D,Dependency,rtos-board-dependency,RTThread/POSIX/board support dependency; not modeled as TX8 compiler ABI.
third_party/tx8_deps/tx8-yoc-rt-thread-smp/lib/libkcorert.a,completion.c.o,__rtmsym_rt_completion_init_name,R,Dependency,rtos-board-dependency,RTThread/POSIX/board support dependency; not modeled as TX8 compiler ABI.
third_party/tx8_deps/tx8-yoc-rt-thread-smp/lib/libkcorert.a,completion.c.o,__rtmsym_rt_completion_wait,D,Dependency,rtos-board-dependency,RTThread/POSIX/board support dependency; not modeled as TX8 compiler ABI.
third_party/tx8_deps/tx8-yoc-rt-thread-smp/lib/libkcorert.a,completion.c.o,__rtmsym_rt_completion_wait_name,R,Dependency,rtos-board-dependency,RTThread/POSIX/board support dependency; not modeled as TX8 compiler ABI.
third_party/tx8_deps/tx8-yoc-rt-thread-smp/lib/libkcorert.a,completion.c.o,__rtmsym_rt_completion_wakeup,D,Dependency,rtos-board-dependency,RTThread/POSIX/board support dependency; not modeled as TX8 compiler ABI.
third_party/tx8_deps/tx8-yoc-rt-thread-smp/lib/libkcorert.a,completion.c.o,__rtmsym_rt_completion_wakeup_name,R,Dependency,rtos-board-dependency,RTThread/POSIX/board support dependency; not modeled as TX8 compiler ABI.
third_party/tx8_deps/tx8-yoc-rt-thread-smp/lib/libkcorert.a,completion.c.o,_completion_lock,b,Dependency,rtos-board-dependency,RTThread/POSIX/board support dependency; not modeled as TX8 compiler ABI.
third_party/tx8_deps/tx8-yoc-rt-thread-smp/lib/libkcorert.a,completion.c.o,rt_completion_done,T,Dependency,rtos-board-dependency,RTThread/POSIX/board support dependency; not modeled as TX8 compiler ABI.
third_party/tx8_deps/tx8-yoc-rt-thread-smp/lib/libkcorert.a,completion.c.o,rt_completion_init,T,Dependency,rtos-board-dependency,RTThread/POSIX/board support dependency; not modeled as TX8 compiler ABI.
third_party/tx8_deps/tx8-yoc-rt-thread-smp/lib/libkcorert.a,completion.c.o,rt_completion_wait,T,Dependency,rtos-board-dependency,RTThread/POSIX/board support dependency; not modeled as TX8 compiler ABI.
third_party/tx8_deps/tx8-yoc-rt-thread-smp/lib/libkcorert.a,completion.c.o,rt_completion_wakeup,T,Dependency,rtos-board-dependency,RTThread/POSIX/board support dependency; not modeled as TX8 compiler ABI.
third_party/tx8_deps/tx8-yoc-rt-thread-smp/lib/libkcorert.a,components.c.o,__rt_init_rti_board_end,D,Dependency,rtos-board-dependency,RTThread/POSIX/board support dependency; not modeled as TX8 compiler ABI.
third_party/tx8_deps/tx8-yoc-rt-thread-smp/lib/libkcorert.a,components.c.o,__rt_init_rti_board_start,D,Dependency,rtos-board-dependency,RTThread/POSIX/board support dependency; not modeled as TX8 compiler ABI.
third_party/tx8_deps/tx8-yoc-rt-thread-smp/lib/libkcorert.a,components.c.o,__rt_init_rti_end,D,Dependency,rtos-board-dependency,RTThread/POSIX/board support dependency; not modeled as TX8 compiler ABI.
third_party/tx8_deps/tx8-yoc-rt-thread-smp/lib/libkcorert.a,components.c.o,__rt_init_rti_start,D,Dependency,rtos-board-dependency,RTThread/POSIX/board support dependency; not modeled as TX8 compiler ABI.
third_party/tx8_deps/tx8-yoc-rt-thread-smp/lib/libkcorert.a,components.c.o,rt_components_board_init,T,Dependency,rtos-board-dependency,RTThread/POSIX/board support dependency; not modeled as TX8 compiler ABI.
third_party/tx8_deps/tx8-yoc-rt-thread-smp/lib/libkcorert.a,components.c.o,rt_components_init,T,Dependency,rtos-board-dependency,RTThread/POSIX/board support dependency; not modeled as TX8 compiler ABI.
third_party/tx8_deps/tx8-yoc-rt-thread-smp/lib/libkcorert.a,components.c.o,rti_board_end,t,Dependency,rtos-board-dependency,RTThread/POSIX/board support dependency; not modeled as TX8 compiler ABI.
third_party/tx8_deps/tx8-yoc-rt-thread-smp/lib/libkcorert.a,components.c.o,rti_board_start,t,Dependency,rtos-board-dependency,RTThread/POSIX/board support dependency; not modeled as TX8 compiler ABI.
third_party/tx8_deps/tx8-yoc-rt-thread-smp/lib/libkcorert.a,components.c.o,rti_end,t,Dependency,rtos-board-dependency,RTThread/POSIX/board support dependency; not modeled as TX8 compiler ABI.
third_party/tx8_deps/tx8-yoc-rt-thread-smp/lib/libkcorert.a,components.c.o,rti_start,t,Dependency,rtos-board-dependency,RTThread/POSIX/board support dependency; not modeled as TX8 compiler ABI.
third_party/tx8_deps/tx8-yoc-rt-thread-smp/lib/libkcorert.a,condvar.c.o,_local_cv_queue_lock,b,Dependency,rtos-board-dependency,RTThread/POSIX/board support dependency; not modeled as TX8 compiler ABI.
third_party/tx8_deps/tx8-yoc-rt-thread-smp/lib/libkcorert.a,condvar.c.o,rt_condvar_broadcast,T,Dependency,rtos-board-dependency,RTThread/POSIX/board support dependency; not modeled as TX8 compiler ABI.
third_party/tx8_deps/tx8-yoc-rt-thread-smp/lib/libkcorert.a,condvar.c.o,rt_condvar_init,T,Dependency,rtos-board-dependency,RTThread/POSIX/board support dependency; not modeled as TX8 compiler ABI.
third_party/tx8_deps/tx8-yoc-rt-thread-smp/lib/libkcorert.a,condvar.c.o,rt_condvar_signal,T,Dependency,rtos-board-dependency,RTThread/POSIX/board support dependency; not modeled as TX8 compiler ABI.
third_party/tx8_deps/tx8-yoc-rt-thread-smp/lib/libkcorert.a,condvar.c.o,rt_condvar_timedwait,T,Dependency,rtos-board-dependency,RTThread/POSIX/board support dependency; not modeled as TX8 compiler ABI.
third_party/tx8_deps/tx8-yoc-rt-thread-smp/lib/libkcorert.a,config_kcore_mhu2.c.o,config_mhu2,R,Dependency,rtos-board-dependency,RTThread/POSIX/board support dependency; not modeled as TX8 compiler ABI.
third_party/tx8_deps/tx8-yoc-rt-thread-smp/lib/libkcorert.a,console_uart.c.o,console_deinit,T,Dependency,rtos-board-dependency,RTThread/POSIX/board support dependency; not modeled as TX8 compiler ABI.
third_party/tx8_deps/tx8-yoc-rt-thread-smp/lib/libkcorert.a,console_uart.c.o,console_devname,b,Dependency,rtos-board-dependency,RTThread/POSIX/board support dependency; not modeled as TX8 compiler ABI.
third_party/tx8_deps/tx8-yoc-rt-thread-smp/lib/libkcorert.a,console_uart.c.o,console_get_buffer_size,T,Dependency,rtos-board-dependency,RTThread/POSIX/board support dependency; not modeled as TX8 compiler ABI.
third_party/tx8_deps/tx8-yoc-rt-thread-smp/lib/libkcorert.a,console_uart.c.o,console_get_devname,T,Dependency,rtos-board-dependency,RTThread/POSIX/board support dependency; not modeled as TX8 compiler ABI.
third_party/tx8_deps/tx8-yoc-rt-thread-smp/lib/libkcorert.a,console_uart.c.o,console_get_uart,T,Dependency,rtos-board-dependency,RTThread/POSIX/board support dependency; not modeled as TX8 compiler ABI.
third_party/tx8_deps/tx8-yoc-rt-thread-smp/lib/libkcorert.a,console_uart.c.o,console_init,T,Dependency,rtos-board-dependency,RTThread/POSIX/board support dependency; not modeled as TX8 compiler ABI.
third_party/tx8_deps/tx8-yoc-rt-thread-smp/lib/libkcorert.a,console_uart.c.o,g_console_buf_size,d,Dependency,rtos-board-dependency,RTThread/POSIX/board support dependency; not modeled as TX8 compiler ABI.
third_party/tx8_deps/tx8-yoc-rt-thread-smp/lib/libkcorert.a,console_uart.c.o,g_console_handle,b,Dependency,rtos-board-dependency,RTThread/POSIX/board support dependency; not modeled as TX8 compiler ABI.
third_party/tx8_deps/tx8-yoc-rt-thread-smp/lib/libkcorert.a,console_uart.c.o,g_console_mutex_handle,b,Dependency,rtos-board-dependency,RTThread/POSIX/board support dependency; not modeled as TX8 compiler ABI.
third_party/tx8_deps/tx8-yoc-rt-thread-smp/lib/libkcorert.a,console_uart.c.o,os_critical_enter,W,Dependency,rtos-board-dependency,RTThread/POSIX/board support dependency; not modeled as TX8 compiler ABI.
third_party/tx8_deps/tx8-yoc-rt-thread-smp/lib/libkcorert.a,console_uart.c.o,os_critical_exit,W,Dependency,rtos-board-dependency,RTThread/POSIX/board support dependency; not modeled as TX8 compiler ABI.
third_party/tx8_deps/tx8-yoc-rt-thread-smp/lib/libkcorert.a,console_uart.c.o,uart_getc,T,Dependency,rtos-board-dependency,RTThread/POSIX/board support dependency; not modeled as TX8 compiler ABI.
third_party/tx8_deps/tx8-yoc-rt-thread-smp/lib/libkcorert.a,console_uart.c.o,uart_putc,T,Dependency,rtos-board-dependency,RTThread/POSIX/board support dependency; not modeled as TX8 compiler ABI.
third_party/tx8_deps/tx8-yoc-rt-thread-smp/lib/libkcorert.a,console_uart.c.o,uart_write,T,Dependency,rtos-board-dependency,RTThread/POSIX/board support dependency; not modeled as TX8 compiler ABI.
third_party/tx8_deps/tx8-yoc-rt-thread-smp/lib/libkcorert.a,context_gcc.S.o,rt_hw_context_switch,T,Dependency,rtos-board-dependency,RTThread/POSIX/board support dependency; not modeled as TX8 compiler ABI.
third_party/tx8_deps/tx8-yoc-rt-thread-smp/lib/libkcorert.a,context_gcc.S.o,rt_hw_context_switch_interrupt,T,Dependency,rtos-board-dependency,RTThread/POSIX/board support dependency; not modeled as TX8 compiler ABI.
third_party/tx8_deps/tx8-yoc-rt-thread-smp/lib/libkcorert.a,context_gcc.S.o,rt_hw_context_switch_to,T,Dependency,rtos-board-dependency,RTThread/POSIX/board support dependency; not modeled as TX8 compiler ABI.
third_party/tx8_deps/tx8-yoc-rt-thread-smp/lib/libkcorert.a,cpu.c.o,__rtmsym_rt_cpus_lock,D,Dependency,rtos-board-dependency,RTThread/POSIX/board support dependency; not modeled as TX8 compiler ABI.
third_party/tx8_deps/tx8-yoc-rt-thread-smp/lib/libkcorert.a,cpu.c.o,__rtmsym_rt_cpus_lock_name,R,Dependency,rtos-board-dependency,RTThread/POSIX/board support dependency; not modeled as TX8 compiler ABI.
third_party/tx8_deps/tx8-yoc-rt-thread-smp/lib/libkcorert.a,cpu.c.o,__rtmsym_rt_cpus_lock_status_restore,D,Dependency,rtos-board-dependency,RTThread/POSIX/board support dependency; not modeled as TX8 compiler ABI.
third_party/tx8_deps/tx8-yoc-rt-thread-smp/lib/libkcorert.a,cpu.c.o,__rtmsym_rt_cpus_lock_status_restore_name,R,Dependency,rtos-board-dependency,RTThread/POSIX/board support dependency; not modeled as TX8 compiler ABI.
third_party/tx8_deps/tx8-yoc-rt-thread-smp/lib/libkcorert.a,cpu.c.o,__rtmsym_rt_cpus_unlock,D,Dependency,rtos-board-dependency,RTThread/POSIX/board support dependency; not modeled as TX8 compiler ABI.
third_party/tx8_deps/tx8-yoc-rt-thread-smp/lib/libkcorert.a,cpu.c.o,__rtmsym_rt_cpus_unlock_name,R,Dependency,rtos-board-dependency,RTThread/POSIX/board support dependency; not modeled as TX8 compiler ABI.
third_party/tx8_deps/tx8-yoc-rt-thread-smp/lib/libkcorert.a,cpu.c.o,__rtmsym_rt_spin_lock,D,Dependency,rtos-board-dependency,RTThread/POSIX/board support dependency; not modeled as TX8 compiler ABI.
third_party/tx8_deps/tx8-yoc-rt-thread-smp/lib/libkcorert.a,cpu.c.o,__rtmsym_rt_spin_lock_init,D,Dependency,rtos-board-dependency,RTThread/POSIX/board support dependency; not modeled as TX8 compiler ABI.
third_party/tx8_deps/tx8-yoc-rt-thread-smp/lib/libkcorert.a,cpu.c.o,__rtmsym_rt_spin_lock_init_name,R,Dependency,rtos-board-dependency,RTThread/POSIX/board support dependency; not modeled as TX8 compiler ABI.
third_party/tx8_deps/tx8-yoc-rt-thread-smp/lib/libkcorert.a,cpu.c.o,__rtmsym_rt_spin_lock_irqsave,D,Dependency,rtos-board-dependency,RTThread/POSIX/board support dependency; not modeled as TX8 compiler ABI.
third_party/tx8_deps/tx8-yoc-rt-thread-smp/lib/libkcorert.a,cpu.c.o,__rtmsym_rt_spin_lock_irqsave_name,R,Dependency,rtos-board-dependency,RTThread/POSIX/board support dependency; not modeled as TX8 compiler ABI.
third_party/tx8_deps/tx8-yoc-rt-thread-smp/lib/libkcorert.a,cpu.c.o,__rtmsym_rt_spin_lock_name,R,Dependency,rtos-board-dependency,RTThread/POSIX/board support dependency; not modeled as TX8 compiler ABI.
third_party/tx8_deps/tx8-yoc-rt-thread-smp/lib/libkcorert.a,cpu.c.o,__rtmsym_rt_spin_unlock,D,Dependency,rtos-board-dependency,RTThread/POSIX/board support dependency; not modeled as TX8 compiler ABI.
third_party/tx8_deps/tx8-yoc-rt-thread-smp/lib/libkcorert.a,cpu.c.o,__rtmsym_rt_spin_unlock_irqrestore,D,Dependency,rtos-board-dependency,RTThread/POSIX/board support dependency; not modeled as TX8 compiler ABI.
third_party/tx8_deps/tx8-yoc-rt-thread-smp/lib/libkcorert.a,cpu.c.o,__rtmsym_rt_spin_unlock_irqrestore_name,R,Dependency,rtos-board-dependency,RTThread/POSIX/board support dependency; not modeled as TX8 compiler ABI.
third_party/tx8_deps/tx8-yoc-rt-thread-smp/lib/libkcorert.a,cpu.c.o,__rtmsym_rt_spin_unlock_name,R,Dependency,rtos-board-dependency,RTThread/POSIX/board support dependency; not modeled as TX8 compiler ABI.
third_party/tx8_deps/tx8-yoc-rt-thread-smp/lib/libkcorert.a,cpu.c.o,_cpus,b,Dependency,rtos-board-dependency,RTThread/POSIX/board support dependency; not modeled as TX8 compiler ABI.
third_party/tx8_deps/tx8-yoc-rt-thread-smp/lib/libkcorert.a,cpu.c.o,_cpus_lock,B,Dependency,rtos-board-dependency,RTThread/POSIX/board support dependency; not modeled as TX8 compiler ABI.
third_party/tx8_deps/tx8-yoc-rt-thread-smp/lib/libkcorert.a,cpu.c.o,rt_cpu_index,T,Dependency,rtos-board-dependency,RTThread/POSIX/board support dependency; not modeled as TX8 compiler ABI.
third_party/tx8_deps/tx8-yoc-rt-thread-smp/lib/libkcorert.a,cpu.c.o,rt_cpu_self,T,Dependency,rtos-board-dependency,RTThread/POSIX/board support dependency; not modeled as TX8 compiler ABI.
third_party/tx8_deps/tx8-yoc-rt-thread-smp/lib/libkcorert.a,cpu.c.o,rt_cpus_lock,T,Dependency,rtos-board-dependency,RTThread/POSIX/board support dependency; not modeled as TX8 compiler ABI.
third_party/tx8_deps/tx8-yoc-rt-thread-smp/lib/libkcorert.a,cpu.c.o,rt_cpus_lock_status_restore,T,Dependency,rtos-board-dependency,RTThread/POSIX/board support dependency; not modeled as TX8 compiler ABI.
third_party/tx8_deps/tx8-yoc-rt-thread-smp/lib/libkcorert.a,cpu.c.o,rt_cpus_unlock,T,Dependency,rtos-board-dependency,RTThread/POSIX/board support dependency; not modeled as TX8 compiler ABI.
third_party/tx8_deps/tx8-yoc-rt-thread-smp/lib/libkcorert.a,cpu.c.o,rt_spin_lock,T,Dependency,rtos-board-dependency,RTThread/POSIX/board support dependency; not modeled as TX8 compiler ABI.
third_party/tx8_deps/tx8-yoc-rt-thread-smp/lib/libkcorert.a,cpu.c.o,rt_spin_lock_init,T,Dependency,rtos-board-dependency,RTThread/POSIX/board support dependency; not modeled as TX8 compiler ABI.
third_party/tx8_deps/tx8-yoc-rt-thread-smp/lib/libkcorert.a,cpu.c.o,rt_spin_lock_irqsave,T,Dependency,rtos-board-dependency,RTThread/POSIX/board support dependency; not modeled as TX8 compiler ABI.
third_party/tx8_deps/tx8-yoc-rt-thread-smp/lib/libkcorert.a,cpu.c.o,rt_spin_unlock,T,Dependency,rtos-board-dependency,RTThread/POSIX/board support dependency; not modeled as TX8 compiler ABI.
third_party/tx8_deps/tx8-yoc-rt-thread-smp/lib/libkcorert.a,cpu.c.o,rt_spin_unlock_irqrestore,T,Dependency,rtos-board-dependency,RTThread/POSIX/board support dependency; not modeled as TX8 compiler ABI.
third_party/tx8_deps/tx8-yoc-rt-thread-smp/lib/libkcorert.a,cpuport.c.o,rt_hw_cpu_id,T,Dependency,rtos-board-dependency,RTThread/POSIX/board support dependency; not modeled as TX8 compiler ABI.
third_party/tx8_deps/tx8-yoc-rt-thread-smp/lib/libkcorert.a,cpuport.c.o,rt_hw_interrupt_is_disabled,T,Dependency,rtos-board-dependency,RTThread/POSIX/board support dependency; not modeled as TX8 compiler ABI.
third_party/tx8_deps/tx8-yoc-rt-thread-smp/lib/libkcorert.a,cpuport.c.o,rt_hw_set_process_id,T,Dependency,rtos-board-dependency,RTThread/POSIX/board support dependency; not modeled as TX8 compiler ABI.
third_party/tx8_deps/tx8-yoc-rt-thread-smp/lib/libkcorert.a,cpuport.c.o,rt_hw_stack_init,T,Dependency,rtos-board-dependency,RTThread/POSIX/board support dependency; not modeled as TX8 compiler ABI.
third_party/tx8_deps/tx8-yoc-rt-thread-smp/lib/libkcorert.a,cpuport.c.o,rt_interrupt_from_thread,B,Dependency,rtos-board-dependency,RTThread/POSIX/board support dependency; not modeled as TX8 compiler ABI.
third_party/tx8_deps/tx8-yoc-rt-thread-smp/lib/libkcorert.a,cpuport.c.o,rt_interrupt_to_thread,B,Dependency,rtos-board-dependency,RTThread/POSIX/board support dependency; not modeled as TX8 compiler ABI.
third_party/tx8_deps/tx8-yoc-rt-thread-smp/lib/libkcorert.a,cpuport.c.o,rt_thread_switch_interrupt_flag,B,Dependency,rtos-board-dependency,RTThread/POSIX/board support dependency; not modeled as TX8 compiler ABI.
third_party/tx8_deps/tx8-yoc-rt-thread-smp/lib/libkcorert.a,cpuport_smp.c.o,__smp_cores_ready_flag,b,Dependency,rtos-board-dependency,RTThread/POSIX/board support dependency; not modeled as TX8 compiler ABI.
third_party/tx8_deps/tx8-yoc-rt-thread-smp/lib/libkcorert.a,cpuport_smp.c.o,riscv_soc_init_cpu,W,Dependency,rtos-board-dependency,RTThread/POSIX/board support dependency; not modeled as TX8 compiler ABI.
third_party/tx8_deps/tx8-yoc-rt-thread-smp/lib/libkcorert.a,cpuport_smp.c.o,riscv_soc_start_cpu,W,Dependency,rtos-board-dependency,RTThread/POSIX/board support dependency; not modeled as TX8 compiler ABI.
third_party/tx8_deps/tx8-yoc-rt-thread-smp/lib/libkcorert.a,cpuport_smp.c.o,rt_hw_ipi_send,T,Dependency,rtos-board-dependency,RTThread/POSIX/board support dependency; not modeled as TX8 compiler ABI.
third_party/tx8_deps/tx8-yoc-rt-thread-smp/lib/libkcorert.a,cpuport_smp.c.o,rt_hw_secondary_cpu_idle_exec,T,Dependency,rtos-board-dependency,RTThread/POSIX/board support dependency; not modeled as TX8 compiler ABI.
third_party/tx8_deps/tx8-yoc-rt-thread-smp/lib/libkcorert.a,cpuport_smp.c.o,rt_hw_secondary_cpu_up,T,Dependency,rtos-board-dependency,RTThread/POSIX/board support dependency; not modeled as TX8 compiler ABI.
third_party/tx8_deps/tx8-yoc-rt-thread-smp/lib/libkcorert.a,cpuport_smp.c.o,rt_hw_spin_lock,T,Dependency,rtos-board-dependency,RTThread/POSIX/board support dependency; not modeled as TX8 compiler ABI.
third_party/tx8_deps/tx8-yoc-rt-thread-smp/lib/libkcorert.a,cpuport_smp.c.o,rt_hw_spin_lock_init,T,Dependency,rtos-board-dependency,RTThread/POSIX/board support dependency; not modeled as TX8 compiler ABI.
third_party/tx8_deps/tx8-yoc-rt-thread-smp/lib/libkcorert.a,cpuport_smp.c.o,rt_hw_spin_unlock,T,Dependency,rtos-board-dependency,RTThread/POSIX/board support dependency; not modeled as TX8 compiler ABI.
third_party/tx8_deps/tx8-yoc-rt-thread-smp/lib/libkcorert.a,cpuport_smp.c.o,secondary_cpu_c_start,T,Dependency,rtos-board-dependency,RTThread/POSIX/board support dependency; not modeled as TX8 compiler ABI.
third_party/tx8_deps/tx8-yoc-rt-thread-smp/lib/libkcorert.a,crc16.c.o,crc16,T,Dependency,rtos-board-dependency,RTThread/POSIX/board support dependency; not modeled as TX8 compiler ABI.
third_party/tx8_deps/tx8-yoc-rt-thread-smp/lib/libkcorert.a,crc16.c.o,crc16_table,R,Dependency,rtos-board-dependency,RTThread/POSIX/board support dependency; not modeled as TX8 compiler ABI.
third_party/tx8_deps/tx8-yoc-rt-thread-smp/lib/libkcorert.a,crt.cpp.o,__cxa_pure_virtual,W,Dependency,rtos-board-dependency,RTThread/POSIX/board support dependency; not modeled as TX8 compiler ABI.
third_party/tx8_deps/tx8-yoc-rt-thread-smp/lib/libkcorert.a,crt.cpp.o,operator delete,T,Dependency,rtos-board-dependency,RTThread/POSIX/board support dependency; not modeled as TX8 compiler ABI.
third_party/tx8_deps/tx8-yoc-rt-thread-smp/lib/libkcorert.a,crt.cpp.o,operator delete[],T,Dependency,rtos-board-dependency,RTThread/POSIX/board support dependency; not modeled as TX8 compiler ABI.
third_party/tx8_deps/tx8-yoc-rt-thread-smp/lib/libkcorert.a,crt.cpp.o,operator new,T,Dependency,rtos-board-dependency,RTThread/POSIX/board support dependency; not modeled as TX8 compiler ABI.
third_party/tx8_deps/tx8-yoc-rt-thread-smp/lib/libkcorert.a,crt.cpp.o,operator new[],T,Dependency,rtos-board-dependency,RTThread/POSIX/board support dependency; not modeled as TX8 compiler ABI.
third_party/tx8_deps/tx8-yoc-rt-thread-smp/lib/libkcorert.a,crt_init.c.o,cxx_system_init,W,Dependency,rtos-board-dependency,RTThread/POSIX/board support dependency; not modeled as TX8 compiler ABI.
third_party/tx8_deps/tx8-yoc-rt-thread-smp/lib/libkcorert.a,csi_kernel.c.o,__func__.0,r,Dependency,rtos-board-dependency,RTThread/POSIX/board support dependency; not modeled as TX8 compiler ABI.
third_party/tx8_deps/tx8-yoc-rt-thread-smp/lib/libkcorert.a,csi_kernel.c.o,aos_sem_wait_with_ticks,T,Dependency,rtos-board-dependency,RTThread/POSIX/board support dependency; not modeled as TX8 compiler ABI.
third_party/tx8_deps/tx8-yoc-rt-thread-smp/lib/libkcorert.a,csi_kernel.c.o,csi_kernel_create_task,T,Dependency,rtos-board-dependency,RTThread/POSIX/board support dependency; not modeled as TX8 compiler ABI.
third_party/tx8_deps/tx8-yoc-rt-thread-smp/lib/libkcorert.a,csi_kernel.c.o,csi_kernel_cur_task_get_prio,T,Dependency,rtos-board-dependency,RTThread/POSIX/board support dependency; not modeled as TX8 compiler ABI.
third_party/tx8_deps/tx8-yoc-rt-thread-smp/lib/libkcorert.a,csi_kernel.c.o,csi_kernel_cur_task_set_prio,T,Dependency,rtos-board-dependency,RTThread/POSIX/board support dependency; not modeled as TX8 compiler ABI.
third_party/tx8_deps/tx8-yoc-rt-thread-smp/lib/libkcorert.a,csi_kernel.c.o,csi_kernel_delay,T,Dependency,rtos-board-dependency,RTThread/POSIX/board support dependency; not modeled as TX8 compiler ABI.
third_party/tx8_deps/tx8-yoc-rt-thread-smp/lib/libkcorert.a,csi_kernel.c.o,csi_kernel_free,T,Dependency,rtos-board-dependency,RTThread/POSIX/board support dependency; not modeled as TX8 compiler ABI.
third_party/tx8_deps/tx8-yoc-rt-thread-smp/lib/libkcorert.a,csi_kernel.c.o,csi_kernel_heap_init_with_scope,T,Dependency,rtos-board-dependency,RTThread/POSIX/board support dependency; not modeled as TX8 compiler ABI.
third_party/tx8_deps/tx8-yoc-rt-thread-smp/lib/libkcorert.a,csi_kernel.c.o,csi_kernel_init,T,Dependency,rtos-board-dependency,RTThread/POSIX/board support dependency; not modeled as TX8 compiler ABI.
third_party/tx8_deps/tx8-yoc-rt-thread-smp/lib/libkcorert.a,csi_kernel.c.o,csi_kernel_malloc,T,Dependency,rtos-board-dependency,RTThread/POSIX/board support dependency; not modeled as TX8 compiler ABI.
third_party/tx8_deps/tx8-yoc-rt-thread-smp/lib/libkcorert.a,csi_kernel.c.o,csi_kernel_realloc,T,Dependency,rtos-board-dependency,RTThread/POSIX/board support dependency; not modeled as TX8 compiler ABI.
third_party/tx8_deps/tx8-yoc-rt-thread-smp/lib/libkcorert.a,csi_kernel.c.o,csi_kernel_sched_resume,T,Dependency,rtos-board-dependency,RTThread/POSIX/board support dependency; not modeled as TX8 compiler ABI.
third_party/tx8_deps/tx8-yoc-rt-thread-smp/lib/libkcorert.a,csi_kernel.c.o,csi_kernel_sched_suspend,T,Dependency,rtos-board-dependency,RTThread/POSIX/board support dependency; not modeled as TX8 compiler ABI.
third_party/tx8_deps/tx8-yoc-rt-thread-smp/lib/libkcorert.a,csi_kernel.c.o,csi_kernel_sem_del,T,Dependency,rtos-board-dependency,RTThread/POSIX/board support dependency; not modeled as TX8 compiler ABI.
third_party/tx8_deps/tx8-yoc-rt-thread-smp/lib/libkcorert.a,csi_kernel.c.o,csi_kernel_sem_new,T,Dependency,rtos-board-dependency,RTThread/POSIX/board support dependency; not modeled as TX8 compiler ABI.
third_party/tx8_deps/tx8-yoc-rt-thread-smp/lib/libkcorert.a,csi_kernel.c.o,csi_kernel_sem_post,T,Dependency,rtos-board-dependency,RTThread/POSIX/board support dependency; not modeled as TX8 compiler ABI.
third_party/tx8_deps/tx8-yoc-rt-thread-smp/lib/libkcorert.a,csi_kernel.c.o,csi_kernel_sem_wait,T,Dependency,rtos-board-dependency,RTThread/POSIX/board support dependency; not modeled as TX8 compiler ABI.
third_party/tx8_deps/tx8-yoc-rt-thread-smp/lib/libkcorert.a,csi_kernel.c.o,csi_kernel_sem_wait_in_ms,T,Dependency,rtos-board-dependency,RTThread/POSIX/board support dependency; not modeled as TX8 compiler ABI.
third_party/tx8_deps/tx8-yoc-rt-thread-smp/lib/libkcorert.a,csi_kernel.c.o,csi_kernel_start,T,Dependency,rtos-board-dependency,RTThread/POSIX/board support dependency; not modeled as TX8 compiler ABI.
third_party/tx8_deps/tx8-yoc-rt-thread-smp/lib/libkcorert.a,csi_kernel.c.o,csi_kernel_task_del,T,Dependency,rtos-board-dependency,RTThread/POSIX/board support dependency; not modeled as TX8 compiler ABI.
third_party/tx8_deps/tx8-yoc-rt-thread-smp/lib/libkcorert.a,csi_kernel.c.o,csi_kernel_task_exit,T,Dependency,rtos-board-dependency,RTThread/POSIX/board support dependency; not modeled as TX8 compiler ABI.
third_party/tx8_deps/tx8-yoc-rt-thread-smp/lib/libkcorert.a,csi_kernel.c.o,csi_kernel_task_get_cur,T,Dependency,rtos-board-dependency,RTThread/POSIX/board support dependency; not modeled as TX8 compiler ABI.
third_party/tx8_deps/tx8-yoc-rt-thread-smp/lib/libkcorert.a,csi_kernel.c.o,csi_kernel_task_get_prio,T,Dependency,rtos-board-dependency,RTThread/POSIX/board support dependency; not modeled as TX8 compiler ABI.
third_party/tx8_deps/tx8-yoc-rt-thread-smp/lib/libkcorert.a,csi_kernel.c.o,csi_kernel_task_new,T,Dependency,rtos-board-dependency,RTThread/POSIX/board support dependency; not modeled as TX8 compiler ABI.
third_party/tx8_deps/tx8-yoc-rt-thread-smp/lib/libkcorert.a,csi_kernel.c.o,csi_kernel_task_resume,T,Dependency,rtos-board-dependency,RTThread/POSIX/board support dependency; not modeled as TX8 compiler ABI.
third_party/tx8_deps/tx8-yoc-rt-thread-smp/lib/libkcorert.a,csi_kernel.c.o,csi_kernel_task_set_prio,T,Dependency,rtos-board-dependency,RTThread/POSIX/board support dependency; not modeled as TX8 compiler ABI.
third_party/tx8_deps/tx8-yoc-rt-thread-smp/lib/libkcorert.a,csi_kernel.c.o,csi_kernel_task_suspend,T,Dependency,rtos-board-dependency,RTThread/POSIX/board support dependency; not modeled as TX8 compiler ABI.
third_party/tx8_deps/tx8-yoc-rt-thread-smp/lib/libkcorert.a,csi_misc.c.o,g_mmu_mode,B,Dependency,rtos-board-dependency,RTThread/POSIX/board support dependency; not modeled as TX8 compiler ABI.
third_party/tx8_deps/tx8-yoc-rt-thread-smp/lib/libkcorert.a,csi_ringbuf.c.o,csi_ringbuf_avail,T,Dependency,rtos-board-dependency,RTThread/POSIX/board support dependency; not modeled as TX8 compiler ABI.
third_party/tx8_deps/tx8-yoc-rt-thread-smp/lib/libkcorert.a,csi_ringbuf.c.o,csi_ringbuf_in,T,Dependency,rtos-board-dependency,RTThread/POSIX/board support dependency; not modeled as TX8 compiler ABI.
third_party/tx8_deps/tx8-yoc-rt-thread-smp/lib/libkcorert.a,csi_ringbuf.c.o,csi_ringbuf_is_empty,T,Dependency,rtos-board-dependency,RTThread/POSIX/board support dependency; not modeled as TX8 compiler ABI.
third_party/tx8_deps/tx8-yoc-rt-thread-smp/lib/libkcorert.a,csi_ringbuf.c.o,csi_ringbuf_is_full,T,Dependency,rtos-board-dependency,RTThread/POSIX/board support dependency; not modeled as TX8 compiler ABI.
third_party/tx8_deps/tx8-yoc-rt-thread-smp/lib/libkcorert.a,csi_ringbuf.c.o,csi_ringbuf_len,T,Dependency,rtos-board-dependency,RTThread/POSIX/board support dependency; not modeled as TX8 compiler ABI.
third_party/tx8_deps/tx8-yoc-rt-thread-smp/lib/libkcorert.a,csi_ringbuf.c.o,csi_ringbuf_move,T,Dependency,rtos-board-dependency,RTThread/POSIX/board support dependency; not modeled as TX8 compiler ABI.
third_party/tx8_deps/tx8-yoc-rt-thread-smp/lib/libkcorert.a,csi_ringbuf.c.o,csi_ringbuf_out,T,Dependency,rtos-board-dependency,RTThread/POSIX/board support dependency; not modeled as TX8 compiler ABI.
third_party/tx8_deps/tx8-yoc-rt-thread-smp/lib/libkcorert.a,csi_ringbuf.c.o,csi_ringbuf_reset,T,Dependency,rtos-board-dependency,RTThread/POSIX/board support dependency; not modeled as TX8 compiler ABI.
third_party/tx8_deps/tx8-yoc-rt-thread-smp/lib/libkcorert.a,dataqueue.c.o,__rtmsym_rt_data_queue_deinit,D,Dependency,rtos-board-dependency,RTThread/POSIX/board support dependency; not modeled as TX8 compiler ABI.
third_party/tx8_deps/tx8-yoc-rt-thread-smp/lib/libkcorert.a,dataqueue.c.o,__rtmsym_rt_data_queue_deinit_name,R,Dependency,rtos-board-dependency,RTThread/POSIX/board support dependency; not modeled as TX8 compiler ABI.
third_party/tx8_deps/tx8-yoc-rt-thread-smp/lib/libkcorert.a,dataqueue.c.o,__rtmsym_rt_data_queue_init,D,Dependency,rtos-board-dependency,RTThread/POSIX/board support dependency; not modeled as TX8 compiler ABI.
third_party/tx8_deps/tx8-yoc-rt-thread-smp/lib/libkcorert.a,dataqueue.c.o,__rtmsym_rt_data_queue_init_name,R,Dependency,rtos-board-dependency,RTThread/POSIX/board support dependency; not modeled as TX8 compiler ABI.
third_party/tx8_deps/tx8-yoc-rt-thread-smp/lib/libkcorert.a,dataqueue.c.o,__rtmsym_rt_data_queue_len,D,Dependency,rtos-board-dependency,RTThread/POSIX/board support dependency; not modeled as TX8 compiler ABI.
third_party/tx8_deps/tx8-yoc-rt-thread-smp/lib/libkcorert.a,dataqueue.c.o,__rtmsym_rt_data_queue_len_name,R,Dependency,rtos-board-dependency,RTThread/POSIX/board support dependency; not modeled as TX8 compiler ABI.
third_party/tx8_deps/tx8-yoc-rt-thread-smp/lib/libkcorert.a,dataqueue.c.o,__rtmsym_rt_data_queue_peek,D,Dependency,rtos-board-dependency,RTThread/POSIX/board support dependency; not modeled as TX8 compiler ABI.
third_party/tx8_deps/tx8-yoc-rt-thread-smp/lib/libkcorert.a,dataqueue.c.o,__rtmsym_rt_data_queue_peek_name,R,Dependency,rtos-board-dependency,RTThread/POSIX/board support dependency; not modeled as TX8 compiler ABI.
third_party/tx8_deps/tx8-yoc-rt-thread-smp/lib/libkcorert.a,dataqueue.c.o,__rtmsym_rt_data_queue_pop,D,Dependency,rtos-board-dependency,RTThread/POSIX/board support dependency; not modeled as TX8 compiler ABI.
third_party/tx8_deps/tx8-yoc-rt-thread-smp/lib/libkcorert.a,dataqueue.c.o,__rtmsym_rt_data_queue_pop_name,R,Dependency,rtos-board-dependency,RTThread/POSIX/board support dependency; not modeled as TX8 compiler ABI.
third_party/tx8_deps/tx8-yoc-rt-thread-smp/lib/libkcorert.a,dataqueue.c.o,__rtmsym_rt_data_queue_push,D,Dependency,rtos-board-dependency,RTThread/POSIX/board support dependency; not modeled as TX8 compiler ABI.
third_party/tx8_deps/tx8-yoc-rt-thread-smp/lib/libkcorert.a,dataqueue.c.o,__rtmsym_rt_data_queue_push_name,R,Dependency,rtos-board-dependency,RTThread/POSIX/board support dependency; not modeled as TX8 compiler ABI.
third_party/tx8_deps/tx8-yoc-rt-thread-smp/lib/libkcorert.a,dataqueue.c.o,__rtmsym_rt_data_queue_reset,D,Dependency,rtos-board-dependency,RTThread/POSIX/board support dependency; not modeled as TX8 compiler ABI.
third_party/tx8_deps/tx8-yoc-rt-thread-smp/lib/libkcorert.a,dataqueue.c.o,__rtmsym_rt_data_queue_reset_name,R,Dependency,rtos-board-dependency,RTThread/POSIX/board support dependency; not modeled as TX8 compiler ABI.
third_party/tx8_deps/tx8-yoc-rt-thread-smp/lib/libkcorert.a,dataqueue.c.o,rt_data_queue_deinit,T,Dependency,rtos-board-dependency,RTThread/POSIX/board support dependency; not modeled as TX8 compiler ABI.
third_party/tx8_deps/tx8-yoc-rt-thread-smp/lib/libkcorert.a,dataqueue.c.o,rt_data_queue_init,T,Dependency,rtos-board-dependency,RTThread/POSIX/board support dependency; not modeled as TX8 compiler ABI.
third_party/tx8_deps/tx8-yoc-rt-thread-smp/lib/libkcorert.a,dataqueue.c.o,rt_data_queue_len,T,Dependency,rtos-board-dependency,RTThread/POSIX/board support dependency; not modeled as TX8 compiler ABI.
third_party/tx8_deps/tx8-yoc-rt-thread-smp/lib/libkcorert.a,dataqueue.c.o,rt_data_queue_peek,T,Dependency,rtos-board-dependency,RTThread/POSIX/board support dependency; not modeled as TX8 compiler ABI.
third_party/tx8_deps/tx8-yoc-rt-thread-smp/lib/libkcorert.a,dataqueue.c.o,rt_data_queue_pop,T,Dependency,rtos-board-dependency,RTThread/POSIX/board support dependency; not modeled as TX8 compiler ABI.
third_party/tx8_deps/tx8-yoc-rt-thread-smp/lib/libkcorert.a,dataqueue.c.o,rt_data_queue_push,T,Dependency,rtos-board-dependency,RTThread/POSIX/board support dependency; not modeled as TX8 compiler ABI.
third_party/tx8_deps/tx8-yoc-rt-thread-smp/lib/libkcorert.a,dataqueue.c.o,rt_data_queue_reset,T,Dependency,rtos-board-dependency,RTThread/POSIX/board support dependency; not modeled as TX8 compiler ABI.
third_party/tx8_deps/tx8-yoc-rt-thread-smp/lib/libkcorert.a,device.c.o,__rtmsym_rt_device_close,D,Dependency,rtos-board-dependency,RTThread/POSIX/board support dependency; not modeled as TX8 compiler ABI.
third_party/tx8_deps/tx8-yoc-rt-thread-smp/lib/libkcorert.a,device.c.o,__rtmsym_rt_device_close_name,R,Dependency,rtos-board-dependency,RTThread/POSIX/board support dependency; not modeled as TX8 compiler ABI.
third_party/tx8_deps/tx8-yoc-rt-thread-smp/lib/libkcorert.a,device.c.o,__rtmsym_rt_device_control,D,Dependency,rtos-board-dependency,RTThread/POSIX/board support dependency; not modeled as TX8 compiler ABI.
third_party/tx8_deps/tx8-yoc-rt-thread-smp/lib/libkcorert.a,device.c.o,__rtmsym_rt_device_control_name,R,Dependency,rtos-board-dependency,RTThread/POSIX/board support dependency; not modeled as TX8 compiler ABI.
third_party/tx8_deps/tx8-yoc-rt-thread-smp/lib/libkcorert.a,device.c.o,__rtmsym_rt_device_create,D,Dependency,rtos-board-dependency,RTThread/POSIX/board support dependency; not modeled as TX8 compiler ABI.
third_party/tx8_deps/tx8-yoc-rt-thread-smp/lib/libkcorert.a,device.c.o,__rtmsym_rt_device_create_name,R,Dependency,rtos-board-dependency,RTThread/POSIX/board support dependency; not modeled as TX8 compiler ABI.
third_party/tx8_deps/tx8-yoc-rt-thread-smp/lib/libkcorert.a,device.c.o,__rtmsym_rt_device_destroy,D,Dependency,rtos-board-dependency,RTThread/POSIX/board support dependency; not modeled as TX8 compiler ABI.
third_party/tx8_deps/tx8-yoc-rt-thread-smp/lib/libkcorert.a,device.c.o,__rtmsym_rt_device_destroy_name,R,Dependency,rtos-board-dependency,RTThread/POSIX/board support dependency; not modeled as TX8 compiler ABI.
third_party/tx8_deps/tx8-yoc-rt-thread-smp/lib/libkcorert.a,device.c.o,__rtmsym_rt_device_find,D,Dependency,rtos-board-dependency,RTThread/POSIX/board support dependency; not modeled as TX8 compiler ABI.
third_party/tx8_deps/tx8-yoc-rt-thread-smp/lib/libkcorert.a,device.c.o,__rtmsym_rt_device_find_name,R,Dependency,rtos-board-dependency,RTThread/POSIX/board support dependency; not modeled as TX8 compiler ABI.
third_party/tx8_deps/tx8-yoc-rt-thread-smp/lib/libkcorert.a,device.c.o,__rtmsym_rt_device_open,D,Dependency,rtos-board-dependency,RTThread/POSIX/board support dependency; not modeled as TX8 compiler ABI.
third_party/tx8_deps/tx8-yoc-rt-thread-smp/lib/libkcorert.a,device.c.o,__rtmsym_rt_device_open_name,R,Dependency,rtos-board-dependency,RTThread/POSIX/board support dependency; not modeled as TX8 compiler ABI.
third_party/tx8_deps/tx8-yoc-rt-thread-smp/lib/libkcorert.a,device.c.o,__rtmsym_rt_device_read,D,Dependency,rtos-board-dependency,RTThread/POSIX/board support dependency; not modeled as TX8 compiler ABI.
third_party/tx8_deps/tx8-yoc-rt-thread-smp/lib/libkcorert.a,device.c.o,__rtmsym_rt_device_read_name,R,Dependency,rtos-board-dependency,RTThread/POSIX/board support dependency; not modeled as TX8 compiler ABI.
third_party/tx8_deps/tx8-yoc-rt-thread-smp/lib/libkcorert.a,device.c.o,__rtmsym_rt_device_register,D,Dependency,rtos-board-dependency,RTThread/POSIX/board support dependency; not modeled as TX8 compiler ABI.
third_party/tx8_deps/tx8-yoc-rt-thread-smp/lib/libkcorert.a,device.c.o,__rtmsym_rt_device_register_name,R,Dependency,rtos-board-dependency,RTThread/POSIX/board support dependency; not modeled as TX8 compiler ABI.
third_party/tx8_deps/tx8-yoc-rt-thread-smp/lib/libkcorert.a,device.c.o,__rtmsym_rt_device_set_rx_indicate,D,Dependency,rtos-board-dependency,RTThread/POSIX/board support dependency; not modeled as TX8 compiler ABI.
third_party/tx8_deps/tx8-yoc-rt-thread-smp/lib/libkcorert.a,device.c.o,__rtmsym_rt_device_set_rx_indicate_name,R,Dependency,rtos-board-dependency,RTThread/POSIX/board support dependency; not modeled as TX8 compiler ABI.
third_party/tx8_deps/tx8-yoc-rt-thread-smp/lib/libkcorert.a,device.c.o,__rtmsym_rt_device_set_tx_complete,D,Dependency,rtos-board-dependency,RTThread/POSIX/board support dependency; not modeled as TX8 compiler ABI.
third_party/tx8_deps/tx8-yoc-rt-thread-smp/lib/libkcorert.a,device.c.o,__rtmsym_rt_device_set_tx_complete_name,R,Dependency,rtos-board-dependency,RTThread/POSIX/board support dependency; not modeled as TX8 compiler ABI.
third_party/tx8_deps/tx8-yoc-rt-thread-smp/lib/libkcorert.a,device.c.o,__rtmsym_rt_device_unregister,D,Dependency,rtos-board-dependency,RTThread/POSIX/board support dependency; not modeled as TX8 compiler ABI.
third_party/tx8_deps/tx8-yoc-rt-thread-smp/lib/libkcorert.a,device.c.o,__rtmsym_rt_device_unregister_name,R,Dependency,rtos-board-dependency,RTThread/POSIX/board support dependency; not modeled as TX8 compiler ABI.
third_party/tx8_deps/tx8-yoc-rt-thread-smp/lib/libkcorert.a,device.c.o,__rtmsym_rt_device_write,D,Dependency,rtos-board-dependency,RTThread/POSIX/board support dependency; not modeled as TX8 compiler ABI.
third_party/tx8_deps/tx8-yoc-rt-thread-smp/lib/libkcorert.a,device.c.o,__rtmsym_rt_device_write_name,R,Dependency,rtos-board-dependency,RTThread/POSIX/board support dependency; not modeled as TX8 compiler ABI.
third_party/tx8_deps/tx8-yoc-rt-thread-smp/lib/libkcorert.a,device.c.o,device_is_busy,T,Dependency,rtos-board-dependency,RTThread/POSIX/board support dependency; not modeled as TX8 compiler ABI.
third_party/tx8_deps/tx8-yoc-rt-thread-smp/lib/libkcorert.a,device.c.o,device_list,b,Dependency,rtos-board-dependency,RTThread/POSIX/board support dependency; not modeled as TX8 compiler ABI.
third_party/tx8_deps/tx8-yoc-rt-thread-smp/lib/libkcorert.a,device.c.o,device_lock,T,Dependency,rtos-board-dependency,RTThread/POSIX/board support dependency; not modeled as TX8 compiler ABI.
third_party/tx8_deps/tx8-yoc-rt-thread-smp/lib/libkcorert.a,device.c.o,device_mutex,b,Dependency,rtos-board-dependency,RTThread/POSIX/board support dependency; not modeled as TX8 compiler ABI.
third_party/tx8_deps/tx8-yoc-rt-thread-smp/lib/libkcorert.a,device.c.o,device_open_id,T,Dependency,rtos-board-dependency,RTThread/POSIX/board support dependency; not modeled as TX8 compiler ABI.
third_party/tx8_deps/tx8-yoc-rt-thread-smp/lib/libkcorert.a,device.c.o,device_unlock,T,Dependency,rtos-board-dependency,RTThread/POSIX/board support dependency; not modeled as TX8 compiler ABI.
third_party/tx8_deps/tx8-yoc-rt-thread-smp/lib/libkcorert.a,device.c.o,device_valid,T,Dependency,rtos-board-dependency,RTThread/POSIX/board support dependency; not modeled as TX8 compiler ABI.
third_party/tx8_deps/tx8-yoc-rt-thread-smp/lib/libkcorert.a,device.c.o,rt_device_close,T,Dependency,rtos-board-dependency,RTThread/POSIX/board support dependency; not modeled as TX8 compiler ABI.
third_party/tx8_deps/tx8-yoc-rt-thread-smp/lib/libkcorert.a,device.c.o,rt_device_control,T,Dependency,rtos-board-dependency,RTThread/POSIX/board support dependency; not modeled as TX8 compiler ABI.
third_party/tx8_deps/tx8-yoc-rt-thread-smp/lib/libkcorert.a,device.c.o,rt_device_create,T,Dependency,rtos-board-dependency,RTThread/POSIX/board support dependency; not modeled as TX8 compiler ABI.
third_party/tx8_deps/tx8-yoc-rt-thread-smp/lib/libkcorert.a,device.c.o,rt_device_destroy,T,Dependency,rtos-board-dependency,RTThread/POSIX/board support dependency; not modeled as TX8 compiler ABI.
third_party/tx8_deps/tx8-yoc-rt-thread-smp/lib/libkcorert.a,device.c.o,rt_device_find,T,Dependency,rtos-board-dependency,RTThread/POSIX/board support dependency; not modeled as TX8 compiler ABI.
third_party/tx8_deps/tx8-yoc-rt-thread-smp/lib/libkcorert.a,device.c.o,rt_device_init,T,Dependency,rtos-board-dependency,RTThread/POSIX/board support dependency; not modeled as TX8 compiler ABI.
third_party/tx8_deps/tx8-yoc-rt-thread-smp/lib/libkcorert.a,device.c.o,rt_device_open,T,Dependency,rtos-board-dependency,RTThread/POSIX/board support dependency; not modeled as TX8 compiler ABI.
third_party/tx8_deps/tx8-yoc-rt-thread-smp/lib/libkcorert.a,device.c.o,rt_device_read,T,Dependency,rtos-board-dependency,RTThread/POSIX/board support dependency; not modeled as TX8 compiler ABI.
third_party/tx8_deps/tx8-yoc-rt-thread-smp/lib/libkcorert.a,device.c.o,rt_device_register,T,Dependency,rtos-board-dependency,RTThread/POSIX/board support dependency; not modeled as TX8 compiler ABI.
third_party/tx8_deps/tx8-yoc-rt-thread-smp/lib/libkcorert.a,device.c.o,rt_device_set_rx_indicate,T,Dependency,rtos-board-dependency,RTThread/POSIX/board support dependency; not modeled as TX8 compiler ABI.
third_party/tx8_deps/tx8-yoc-rt-thread-smp/lib/libkcorert.a,device.c.o,rt_device_set_tx_complete,T,Dependency,rtos-board-dependency,RTThread/POSIX/board support dependency; not modeled as TX8 compiler ABI.
third_party/tx8_deps/tx8-yoc-rt-thread-smp/lib/libkcorert.a,device.c.o,rt_device_unregister,T,Dependency,rtos-board-dependency,RTThread/POSIX/board support dependency; not modeled as TX8 compiler ABI.
third_party/tx8_deps/tx8-yoc-rt-thread-smp/lib/libkcorert.a,device.c.o,rt_device_write,T,Dependency,rtos-board-dependency,RTThread/POSIX/board support dependency; not modeled as TX8 compiler ABI.
third_party/tx8_deps/tx8-yoc-rt-thread-smp/lib/libkcorert.a,device.c.o,rvm_driver_register,T,Dependency,rtos-board-dependency,RTThread/POSIX/board support dependency; not modeled as TX8 compiler ABI.
third_party/tx8_deps/tx8-yoc-rt-thread-smp/lib/libkcorert.a,device.c.o,rvm_driver_unregister,T,Dependency,rtos-board-dependency,RTThread/POSIX/board support dependency; not modeled as TX8 compiler ABI.
third_party/tx8_deps/tx8-yoc-rt-thread-smp/lib/libkcorert.a,device.c.o,rvm_hal_device_close,T,Dependency,rtos-board-dependency,RTThread/POSIX/board support dependency; not modeled as TX8 compiler ABI.
third_party/tx8_deps/tx8-yoc-rt-thread-smp/lib/libkcorert.a,device.c.o,rvm_hal_device_find,T,Dependency,rtos-board-dependency,RTThread/POSIX/board support dependency; not modeled as TX8 compiler ABI.
third_party/tx8_deps/tx8-yoc-rt-thread-smp/lib/libkcorert.a,device.c.o,rvm_hal_device_free,T,Dependency,rtos-board-dependency,RTThread/POSIX/board support dependency; not modeled as TX8 compiler ABI.
third_party/tx8_deps/tx8-yoc-rt-thread-smp/lib/libkcorert.a,device.c.o,rvm_hal_device_lpm_enable,T,Dependency,rtos-board-dependency,RTThread/POSIX/board support dependency; not modeled as TX8 compiler ABI.
third_party/tx8_deps/tx8-yoc-rt-thread-smp/lib/libkcorert.a,device.c.o,rvm_hal_device_new,T,Dependency,rtos-board-dependency,RTThread/POSIX/board support dependency; not modeled as TX8 compiler ABI.
third_party/tx8_deps/tx8-yoc-rt-thread-smp/lib/libkcorert.a,device.c.o,rvm_hal_device_open,T,Dependency,rtos-board-dependency,RTThread/POSIX/board support dependency; not modeled as TX8 compiler ABI.
third_party/tx8_deps/tx8-yoc-rt-thread-smp/lib/libkcorert.a,device.c.o,rvm_hal_devices_lpm_enable,T,Dependency,rtos-board-dependency,RTThread/POSIX/board support dependency; not modeled as TX8 compiler ABI.
third_party/tx8_deps/tx8-yoc-rt-thread-smp/lib/libkcorert.a,devices.c.o,clk_map,R,Dependency,rtos-board-dependency,RTThread/POSIX/board support dependency; not modeled as TX8 compiler ABI.
third_party/tx8_deps/tx8-yoc-rt-thread-smp/lib/libkcorert.a,devices.c.o,dma_spt_list,R,Dependency,rtos-board-dependency,RTThread/POSIX/board support dependency; not modeled as TX8 compiler ABI.
third_party/tx8_deps/tx8-yoc-rt-thread-smp/lib/libkcorert.a,devices.c.o,g_dma_chnum,R,Dependency,rtos-board-dependency,RTThread/POSIX/board support dependency; not modeled as TX8 compiler ABI.
third_party/tx8_deps/tx8-yoc-rt-thread-smp/lib/libkcorert.a,devices.c.o,g_soc_info,R,Dependency,rtos-board-dependency,RTThread/POSIX/board support dependency; not modeled as TX8 compiler ABI.
third_party/tx8_deps/tx8-yoc-rt-thread-smp/lib/libkcorert.a,devices.c.o,gpio_pinmap,R,Dependency,rtos-board-dependency,RTThread/POSIX/board support dependency; not modeled as TX8 compiler ABI.
third_party/tx8_deps/tx8-yoc-rt-thread-smp/lib/libkcorert.a,devices.c.o,uart0_dma_ch_list,R,Dependency,rtos-board-dependency,RTThread/POSIX/board support dependency; not modeled as TX8 compiler ABI.
third_party/tx8_deps/tx8-yoc-rt-thread-smp/lib/libkcorert.a,devices.c.o,uart_pinmap,R,Dependency,rtos-board-dependency,RTThread/POSIX/board support dependency; not modeled as TX8 compiler ABI.
third_party/tx8_deps/tx8-yoc-rt-thread-smp/lib/libkcorert.a,devices.c.o,uart_rx_hs_num,R,Dependency,rtos-board-dependency,RTThread/POSIX/board support dependency; not modeled as TX8 compiler ABI.
third_party/tx8_deps/tx8-yoc-rt-thread-smp/lib/libkcorert.a,devices.c.o,uart_tx_hs_num,R,Dependency,rtos-board-dependency,RTThread/POSIX/board support dependency; not modeled as TX8 compiler ABI.
third_party/tx8_deps/tx8-yoc-rt-thread-smp/lib/libkcorert.a,dirent.c.o,chdir,T,Dependency,rtos-board-dependency,RTThread/POSIX/board support dependency; not modeled as TX8 compiler ABI.
third_party/tx8_deps/tx8-yoc-rt-thread-smp/lib/libkcorert.a,dirent.c.o,closedir,T,Dependency,rtos-board-dependency,RTThread/POSIX/board support dependency; not modeled as TX8 compiler ABI.
third_party/tx8_deps/tx8-yoc-rt-thread-smp/lib/libkcorert.a,dirent.c.o,mkdir,T,Dependency,rtos-board-dependency,RTThread/POSIX/board support dependency; not modeled as TX8 compiler ABI.
third_party/tx8_deps/tx8-yoc-rt-thread-smp/lib/libkcorert.a,dirent.c.o,opendir,T,Dependency,rtos-board-dependency,RTThread/POSIX/board support dependency; not modeled as TX8 compiler ABI.
third_party/tx8_deps/tx8-yoc-rt-thread-smp/lib/libkcorert.a,dirent.c.o,readdir,T,Dependency,rtos-board-dependency,RTThread/POSIX/board support dependency; not modeled as TX8 compiler ABI.
third_party/tx8_deps/tx8-yoc-rt-thread-smp/lib/libkcorert.a,dirent.c.o,rewinddir,T,Dependency,rtos-board-dependency,RTThread/POSIX/board support dependency; not modeled as TX8 compiler ABI.
third_party/tx8_deps/tx8-yoc-rt-thread-smp/lib/libkcorert.a,dirent.c.o,rmdir,T,Dependency,rtos-board-dependency,RTThread/POSIX/board support dependency; not modeled as TX8 compiler ABI.
third_party/tx8_deps/tx8-yoc-rt-thread-smp/lib/libkcorert.a,dirent.c.o,scandir,T,Dependency,rtos-board-dependency,RTThread/POSIX/board support dependency; not modeled as TX8 compiler ABI.
third_party/tx8_deps/tx8-yoc-rt-thread-smp/lib/libkcorert.a,dirent.c.o,seekdir,T,Dependency,rtos-board-dependency,RTThread/POSIX/board support dependency; not modeled as TX8 compiler ABI.
third_party/tx8_deps/tx8-yoc-rt-thread-smp/lib/libkcorert.a,dirent.c.o,telldir,T,Dependency,rtos-board-dependency,RTThread/POSIX/board support dependency; not modeled as TX8 compiler ABI.
third_party/tx8_deps/tx8-yoc-rt-thread-smp/lib/libkcorert.a,display.c.o,rvm_hal_display_blank_on_off,T,Dependency,rtos-board-dependency,RTThread/POSIX/board support dependency; not modeled as TX8 compiler ABI.
third_party/tx8_deps/tx8-yoc-rt-thread-smp/lib/libkcorert.a,display.c.o,rvm_hal_display_get_brightness,T,Dependency,rtos-board-dependency,RTThread/POSIX/board support dependency; not modeled as TX8 compiler ABI.
third_party/tx8_deps/tx8-yoc-rt-thread-smp/lib/libkcorert.a,display.c.o,rvm_hal_display_get_framebuffer,T,Dependency,rtos-board-dependency,RTThread/POSIX/board support dependency; not modeled as TX8 compiler ABI.
third_party/tx8_deps/tx8-yoc-rt-thread-smp/lib/libkcorert.a,display.c.o,rvm_hal_display_get_info,T,Dependency,rtos-board-dependency,RTThread/POSIX/board support dependency; not modeled as TX8 compiler ABI.
third_party/tx8_deps/tx8-yoc-rt-thread-smp/lib/libkcorert.a,display.c.o,rvm_hal_display_pan_display,T,Dependency,rtos-board-dependency,RTThread/POSIX/board support dependency; not modeled as TX8 compiler ABI.
third_party/tx8_deps/tx8-yoc-rt-thread-smp/lib/libkcorert.a,display.c.o,rvm_hal_display_read_area,T,Dependency,rtos-board-dependency,RTThread/POSIX/board support dependency; not modeled as TX8 compiler ABI.
third_party/tx8_deps/tx8-yoc-rt-thread-smp/lib/libkcorert.a,display.c.o,rvm_hal_display_set_brightness,T,Dependency,rtos-board-dependency,RTThread/POSIX/board support dependency; not modeled as TX8 compiler ABI.
third_party/tx8_deps/tx8-yoc-rt-thread-smp/lib/libkcorert.a,display.c.o,rvm_hal_display_set_event,T,Dependency,rtos-board-dependency,RTThread/POSIX/board support dependency; not modeled as TX8 compiler ABI.
third_party/tx8_deps/tx8-yoc-rt-thread-smp/lib/libkcorert.a,display.c.o,rvm_hal_display_write_area,T,Dependency,rtos-board-dependency,RTThread/POSIX/board support dependency; not modeled as TX8 compiler ABI.
third_party/tx8_deps/tx8-yoc-rt-thread-smp/lib/libkcorert.a,display.c.o,rvm_hal_display_write_area_async,T,Dependency,rtos-board-dependency,RTThread/POSIX/board support dependency; not modeled as TX8 compiler ABI.
third_party/tx8_deps/tx8-yoc-rt-thread-smp/lib/libkcorert.a,dlclose.c.o,__rtmsym_dlclose,D,Dependency,rtos-board-dependency,RTThread/POSIX/board support dependency; not modeled as TX8 compiler ABI.
third_party/tx8_deps/tx8-yoc-rt-thread-smp/lib/libkcorert.a,dlclose.c.o,__rtmsym_dlclose_name,R,Dependency,rtos-board-dependency,RTThread/POSIX/board support dependency; not modeled as TX8 compiler ABI.
third_party/tx8_deps/tx8-yoc-rt-thread-smp/lib/libkcorert.a,dlclose.c.o,dlclose,T,Dependency,rtos-board-dependency,RTThread/POSIX/board support dependency; not modeled as TX8 compiler ABI.
third_party/tx8_deps/tx8-yoc-rt-thread-smp/lib/libkcorert.a,dlelf.c.o,__func__.0,r,Dependency,rtos-board-dependency,RTThread/POSIX/board support dependency; not modeled as TX8 compiler ABI.
third_party/tx8_deps/tx8-yoc-rt-thread-smp/lib/libkcorert.a,dlelf.c.o,__func__.1,r,Dependency,rtos-board-dependency,RTThread/POSIX/board support dependency; not modeled as TX8 compiler ABI.
third_party/tx8_deps/tx8-yoc-rt-thread-smp/lib/libkcorert.a,dlelf.c.o,__func__.3,r,Dependency,rtos-board-dependency,RTThread/POSIX/board support dependency; not modeled as TX8 compiler ABI.
third_party/tx8_deps/tx8-yoc-rt-thread-smp/lib/libkcorert.a,dlelf.c.o,__func__.4,r,Dependency,rtos-board-dependency,RTThread/POSIX/board support dependency; not modeled as TX8 compiler ABI.
third_party/tx8_deps/tx8-yoc-rt-thread-smp/lib/libkcorert.a,dlelf.c.o,dlmodule_load_relocated_object,T,Dependency,rtos-board-dependency,RTThread/POSIX/board support dependency; not modeled as TX8 compiler ABI.
third_party/tx8_deps/tx8-yoc-rt-thread-smp/lib/libkcorert.a,dlelf.c.o,dlmodule_load_shared_object,T,Dependency,rtos-board-dependency,RTThread/POSIX/board support dependency; not modeled as TX8 compiler ABI.
third_party/tx8_deps/tx8-yoc-rt-thread-smp/lib/libkcorert.a,dlelf.c.o,g_sharecnt,B,Dependency,rtos-board-dependency,RTThread/POSIX/board support dependency; not modeled as TX8 compiler ABI.
third_party/tx8_deps/tx8-yoc-rt-thread-smp/lib/libkcorert.a,dlelf.c.o,g_sharemem,B,Dependency,rtos-board-dependency,RTThread/POSIX/board support dependency; not modeled as TX8 compiler ABI.
third_party/tx8_deps/tx8-yoc-rt-thread-smp/lib/libkcorert.a,dlelf.c.o,g_sharename,B,Dependency,rtos-board-dependency,RTThread/POSIX/board support dependency; not modeled as TX8 compiler ABI.
third_party/tx8_deps/tx8-yoc-rt-thread-smp/lib/libkcorert.a,dlelf.c.o,process_relocation,T,Dependency,rtos-board-dependency,RTThread/POSIX/board support dependency; not modeled as TX8 compiler ABI.
third_party/tx8_deps/tx8-yoc-rt-thread-smp/lib/libkcorert.a,dlelf.c.o,split_by_colon,T,Dependency,rtos-board-dependency,RTThread/POSIX/board support dependency; not modeled as TX8 compiler ABI.
third_party/tx8_deps/tx8-yoc-rt-thread-smp/lib/libkcorert.a,dlelf.c.o,unsolved.2,b,Dependency,rtos-board-dependency,RTThread/POSIX/board support dependency; not modeled as TX8 compiler ABI.
third_party/tx8_deps/tx8-yoc-rt-thread-smp/lib/libkcorert.a,dlerror.c.o,__rtmsym_dlerror,D,Dependency,rtos-board-dependency,RTThread/POSIX/board support dependency; not modeled as TX8 compiler ABI.
third_party/tx8_deps/tx8-yoc-rt-thread-smp/lib/libkcorert.a,dlerror.c.o,__rtmsym_dlerror_name,R,Dependency,rtos-board-dependency,RTThread/POSIX/board support dependency; not modeled as TX8 compiler ABI.
third_party/tx8_deps/tx8-yoc-rt-thread-smp/lib/libkcorert.a,dlerror.c.o,dlerror,T,Dependency,rtos-board-dependency,RTThread/POSIX/board support dependency; not modeled as TX8 compiler ABI.
third_party/tx8_deps/tx8-yoc-rt-thread-smp/lib/libkcorert.a,dlfunc.c.o,__rtmsym___SEM__GROUP_HOST_SAVED,D,Dependency,rtos-board-dependency,RTThread/POSIX/board support dependency; not modeled as TX8 compiler ABI.
third_party/tx8_deps/tx8-yoc-rt-thread-smp/lib/libkcorert.a,dlfunc.c.o,__rtmsym___SEM__GROUP_HOST_SAVED_name,R,Dependency,rtos-board-dependency,RTThread/POSIX/board support dependency; not modeled as TX8 compiler ABI.
third_party/tx8_deps/tx8-yoc-rt-thread-smp/lib/libkcorert.a,dlfunc.c.o,__rtmsym___SEM__GROUP_WRITE_DONE,D,Dependency,rtos-board-dependency,RTThread/POSIX/board support dependency; not modeled as TX8 compiler ABI.
third_party/tx8_deps/tx8-yoc-rt-thread-smp/lib/libkcorert.a,dlfunc.c.o,__rtmsym___SEM__GROUP_WRITE_DONE_name,R,Dependency,rtos-board-dependency,RTThread/POSIX/board support dependency; not modeled as TX8 compiler ABI.
third_party/tx8_deps/tx8-yoc-rt-thread-smp/lib/libkcorert.a,dlfunc.c.o,__rtmsym___get_pid,D,Dependency,rtos-board-dependency,RTThread/POSIX/board support dependency; not modeled as TX8 compiler ABI.
third_party/tx8_deps/tx8-yoc-rt-thread-smp/lib/libkcorert.a,dlfunc.c.o,__rtmsym___get_pid_name,R,Dependency,rtos-board-dependency,RTThread/POSIX/board support dependency; not modeled as TX8 compiler ABI.
third_party/tx8_deps/tx8-yoc-rt-thread-smp/lib/libkcorert.a,dlfunc.c.o,__rtmsym___grid_dim_x,D,Dependency,rtos-board-dependency,RTThread/POSIX/board support dependency; not modeled as TX8 compiler ABI.
third_party/tx8_deps/tx8-yoc-rt-thread-smp/lib/libkcorert.a,dlfunc.c.o,__rtmsym___grid_dim_x_name,R,Dependency,rtos-board-dependency,RTThread/POSIX/board support dependency; not modeled as TX8 compiler ABI.
third_party/tx8_deps/tx8-yoc-rt-thread-smp/lib/libkcorert.a,dlfunc.c.o,__rtmsym___grid_dim_y,D,Dependency,rtos-board-dependency,RTThread/POSIX/board support dependency; not modeled as TX8 compiler ABI.
third_party/tx8_deps/tx8-yoc-rt-thread-smp/lib/libkcorert.a,dlfunc.c.o,__rtmsym___grid_dim_y_name,R,Dependency,rtos-board-dependency,RTThread/POSIX/board support dependency; not modeled as TX8 compiler ABI.
third_party/tx8_deps/tx8-yoc-rt-thread-smp/lib/libkcorert.a,dlfunc.c.o,__rtmsym___grid_dim_z,D,Dependency,rtos-board-dependency,RTThread/POSIX/board support dependency; not modeled as TX8 compiler ABI.
third_party/tx8_deps/tx8-yoc-rt-thread-smp/lib/libkcorert.a,dlfunc.c.o,__rtmsym___grid_dim_z_name,R,Dependency,rtos-board-dependency,RTThread/POSIX/board support dependency; not modeled as TX8 compiler ABI.
third_party/tx8_deps/tx8-yoc-rt-thread-smp/lib/libkcorert.a,dlfunc.c.o,__rtmsym__tsm_ep_log,D,Dependency,rtos-board-dependency,RTThread/POSIX/board support dependency; not modeled as TX8 compiler ABI.
third_party/tx8_deps/tx8-yoc-rt-thread-smp/lib/libkcorert.a,dlfunc.c.o,__rtmsym__tsm_ep_log_name,R,Dependency,rtos-board-dependency,RTThread/POSIX/board support dependency; not modeled as TX8 compiler ABI.
third_party/tx8_deps/tx8-yoc-rt-thread-smp/lib/libkcorert.a,dlfunc.c.o,__rtmsym_aos_calendar_time_get,D,Dependency,rtos-board-dependency,RTThread/POSIX/board support dependency; not modeled as TX8 compiler ABI.
third_party/tx8_deps/tx8-yoc-rt-thread-smp/lib/libkcorert.a,dlfunc.c.o,__rtmsym_aos_calendar_time_get_name,R,Dependency,rtos-board-dependency,RTThread/POSIX/board support dependency; not modeled as TX8 compiler ABI.
third_party/tx8_deps/tx8-yoc-rt-thread-smp/lib/libkcorert.a,dlfunc.c.o,__rtmsym_aos_msleep,D,Dependency,rtos-board-dependency,RTThread/POSIX/board support dependency; not modeled as TX8 compiler ABI.
third_party/tx8_deps/tx8-yoc-rt-thread-smp/lib/libkcorert.a,dlfunc.c.o,__rtmsym_aos_msleep_name,R,Dependency,rtos-board-dependency,RTThread/POSIX/board support dependency; not modeled as TX8 compiler ABI.
third_party/tx8_deps/tx8-yoc-rt-thread-smp/lib/libkcorert.a,dlfunc.c.o,__rtmsym_aos_task_exit,D,Dependency,rtos-board-dependency,RTThread/POSIX/board support dependency; not modeled as TX8 compiler ABI.
third_party/tx8_deps/tx8-yoc-rt-thread-smp/lib/libkcorert.a,dlfunc.c.o,__rtmsym_aos_task_exit_name,R,Dependency,rtos-board-dependency,RTThread/POSIX/board support dependency; not modeled as TX8 compiler ABI.
third_party/tx8_deps/tx8-yoc-rt-thread-smp/lib/libkcorert.a,dlfunc.c.o,__rtmsym_clock_settime,D,Dependency,rtos-board-dependency,RTThread/POSIX/board support dependency; not modeled as TX8 compiler ABI.
third_party/tx8_deps/tx8-yoc-rt-thread-smp/lib/libkcorert.a,dlfunc.c.o,__rtmsym_clock_settime_name,R,Dependency,rtos-board-dependency,RTThread/POSIX/board support dependency; not modeled as TX8 compiler ABI.
third_party/tx8_deps/tx8-yoc-rt-thread-smp/lib/libkcorert.a,dlfunc.c.o,__rtmsym_csi_kernel_free,D,Dependency,rtos-board-dependency,RTThread/POSIX/board support dependency; not modeled as TX8 compiler ABI.
third_party/tx8_deps/tx8-yoc-rt-thread-smp/lib/libkcorert.a,dlfunc.c.o,__rtmsym_csi_kernel_free_name,R,Dependency,rtos-board-dependency,RTThread/POSIX/board support dependency; not modeled as TX8 compiler ABI.
third_party/tx8_deps/tx8-yoc-rt-thread-smp/lib/libkcorert.a,dlfunc.c.o,__rtmsym_csi_kernel_malloc,D,Dependency,rtos-board-dependency,RTThread/POSIX/board support dependency; not modeled as TX8 compiler ABI.
third_party/tx8_deps/tx8-yoc-rt-thread-smp/lib/libkcorert.a,dlfunc.c.o,__rtmsym_csi_kernel_malloc_name,R,Dependency,rtos-board-dependency,RTThread/POSIX/board support dependency; not modeled as TX8 compiler ABI.
third_party/tx8_deps/tx8-yoc-rt-thread-smp/lib/libkcorert.a,dlfunc.c.o,__rtmsym_csi_kernel_sem_new,D,Dependency,rtos-board-dependency,RTThread/POSIX/board support dependency; not modeled as TX8 compiler ABI.
third_party/tx8_deps/tx8-yoc-rt-thread-smp/lib/libkcorert.a,dlfunc.c.o,__rtmsym_csi_kernel_sem_new_name,R,Dependency,rtos-board-dependency,RTThread/POSIX/board support dependency; not modeled as TX8 compiler ABI.
third_party/tx8_deps/tx8-yoc-rt-thread-smp/lib/libkcorert.a,dlfunc.c.o,__rtmsym_csi_kernel_sem_post,D,Dependency,rtos-board-dependency,RTThread/POSIX/board support dependency; not modeled as TX8 compiler ABI.
third_party/tx8_deps/tx8-yoc-rt-thread-smp/lib/libkcorert.a,dlfunc.c.o,__rtmsym_csi_kernel_sem_post_name,R,Dependency,rtos-board-dependency,RTThread/POSIX/board support dependency; not modeled as TX8 compiler ABI.
third_party/tx8_deps/tx8-yoc-rt-thread-smp/lib/libkcorert.a,dlfunc.c.o,__rtmsym_csi_kernel_sem_wait,D,Dependency,rtos-board-dependency,RTThread/POSIX/board support dependency; not modeled as TX8 compiler ABI.
third_party/tx8_deps/tx8-yoc-rt-thread-smp/lib/libkcorert.a,dlfunc.c.o,__rtmsym_csi_kernel_sem_wait_name,R,Dependency,rtos-board-dependency,RTThread/POSIX/board support dependency; not modeled as TX8 compiler ABI.
third_party/tx8_deps/tx8-yoc-rt-thread-smp/lib/libkcorert.a,dlfunc.c.o,__rtmsym_csi_timer_attach_callback,D,Dependency,rtos-board-dependency,RTThread/POSIX/board support dependency; not modeled as TX8 compiler ABI.
third_party/tx8_deps/tx8-yoc-rt-thread-smp/lib/libkcorert.a,dlfunc.c.o,__rtmsym_csi_timer_attach_callback_name,R,Dependency,rtos-board-dependency,RTThread/POSIX/board support dependency; not modeled as TX8 compiler ABI.
third_party/tx8_deps/tx8-yoc-rt-thread-smp/lib/libkcorert.a,dlfunc.c.o,__rtmsym_direct_dte_attach,D,Dependency,unclassified-dependency,Named dependency/support symbol outside the compiler-facing ABI surface.
third_party/tx8_deps/tx8-yoc-rt-thread-smp/lib/libkcorert.a,dlfunc.c.o,__rtmsym_direct_dte_attach_name,R,Dependency,unclassified-dependency,Named dependency/support symbol outside the compiler-facing ABI surface.
third_party/tx8_deps/tx8-yoc-rt-thread-smp/lib/libkcorert.a,dlfunc.c.o,__rtmsym_direct_dte_release,D,Dependency,unclassified-dependency,Named dependency/support symbol outside the compiler-facing ABI surface.
third_party/tx8_deps/tx8-yoc-rt-thread-smp/lib/libkcorert.a,dlfunc.c.o,__rtmsym_direct_dte_release_name,R,Dependency,unclassified-dependency,Named dependency/support symbol outside the compiler-facing ABI surface.
third_party/tx8_deps/tx8-yoc-rt-thread-smp/lib/libkcorert.a,dlfunc.c.o,__rtmsym_direct_dte_send_async,D,Dependency,unclassified-dependency,Named dependency/support symbol outside the compiler-facing ABI surface.
third_party/tx8_deps/tx8-yoc-rt-thread-smp/lib/libkcorert.a,dlfunc.c.o,__rtmsym_direct_dte_send_async_name,R,Dependency,unclassified-dependency,Named dependency/support symbol outside the compiler-facing ABI surface.
third_party/tx8_deps/tx8-yoc-rt-thread-smp/lib/libkcorert.a,dlfunc.c.o,__rtmsym_direct_dte_send_sync,D,Dependency,unclassified-dependency,Named dependency/support symbol outside the compiler-facing ABI surface.
third_party/tx8_deps/tx8-yoc-rt-thread-smp/lib/libkcorert.a,dlfunc.c.o,__rtmsym_direct_dte_send_sync_name,R,Dependency,unclassified-dependency,Named dependency/support symbol outside the compiler-facing ABI surface.
third_party/tx8_deps/tx8-yoc-rt-thread-smp/lib/libkcorert.a,dlfunc.c.o,__rtmsym_direct_dte_wait_done,D,Dependency,unclassified-dependency,Named dependency/support symbol outside the compiler-facing ABI surface.
third_party/tx8_deps/tx8-yoc-rt-thread-smp/lib/libkcorert.a,dlfunc.c.o,__rtmsym_direct_dte_wait_done_name,R,Dependency,unclassified-dependency,Named dependency/support symbol outside the compiler-facing ABI surface.
third_party/tx8_deps/tx8-yoc-rt-thread-smp/lib/libkcorert.a,dlfunc.c.o,__rtmsym_direct_fsm_monitor_deinit,D,Dependency,rtos-board-dependency,RTThread/POSIX/board support dependency; not modeled as TX8 compiler ABI.
third_party/tx8_deps/tx8-yoc-rt-thread-smp/lib/libkcorert.a,dlfunc.c.o,__rtmsym_direct_fsm_monitor_deinit_name,R,Dependency,rtos-board-dependency,RTThread/POSIX/board support dependency; not modeled as TX8 compiler ABI.
third_party/tx8_deps/tx8-yoc-rt-thread-smp/lib/libkcorert.a,dlfunc.c.o,__rtmsym_direct_fsm_monitor_init,D,Dependency,rtos-board-dependency,RTThread/POSIX/board support dependency; not modeled as TX8 compiler ABI.
third_party/tx8_deps/tx8-yoc-rt-thread-smp/lib/libkcorert.a,dlfunc.c.o,__rtmsym_direct_fsm_monitor_init_ddr,D,Dependency,rtos-board-dependency,RTThread/POSIX/board support dependency; not modeled as TX8 compiler ABI.
third_party/tx8_deps/tx8-yoc-rt-thread-smp/lib/libkcorert.a,dlfunc.c.o,__rtmsym_direct_fsm_monitor_init_ddr_name,R,Dependency,rtos-board-dependency,RTThread/POSIX/board support dependency; not modeled as TX8 compiler ABI.
third_party/tx8_deps/tx8-yoc-rt-thread-smp/lib/libkcorert.a,dlfunc.c.o,__rtmsym_direct_fsm_monitor_init_name,R,Dependency,rtos-board-dependency,RTThread/POSIX/board support dependency; not modeled as TX8 compiler ABI.
third_party/tx8_deps/tx8-yoc-rt-thread-smp/lib/libkcorert.a,dlfunc.c.o,__rtmsym_direct_fsm_monitor_receive,D,Dependency,rtos-board-dependency,RTThread/POSIX/board support dependency; not modeled as TX8 compiler ABI.
third_party/tx8_deps/tx8-yoc-rt-thread-smp/lib/libkcorert.a,dlfunc.c.o,__rtmsym_direct_fsm_monitor_receive_name,R,Dependency,rtos-board-dependency,RTThread/POSIX/board support dependency; not modeled as TX8 compiler ABI.
third_party/tx8_deps/tx8-yoc-rt-thread-smp/lib/libkcorert.a,dlfunc.c.o,__rtmsym_direct_sync_init,D,Dependency,rtos-board-dependency,RTThread/POSIX/board support dependency; not modeled as TX8 compiler ABI.
third_party/tx8_deps/tx8-yoc-rt-thread-smp/lib/libkcorert.a,dlfunc.c.o,__rtmsym_direct_sync_init_name,R,Dependency,rtos-board-dependency,RTThread/POSIX/board support dependency; not modeled as TX8 compiler ABI.
third_party/tx8_deps/tx8-yoc-rt-thread-smp/lib/libkcorert.a,dlfunc.c.o,__rtmsym_direct_sync_post,D,Dependency,rtos-board-dependency,RTThread/POSIX/board support dependency; not modeled as TX8 compiler ABI.
third_party/tx8_deps/tx8-yoc-rt-thread-smp/lib/libkcorert.a,dlfunc.c.o,__rtmsym_direct_sync_post_name,R,Dependency,rtos-board-dependency,RTThread/POSIX/board support dependency; not modeled as TX8 compiler ABI.
third_party/tx8_deps/tx8-yoc-rt-thread-smp/lib/libkcorert.a,dlfunc.c.o,__rtmsym_direct_sync_wait,D,Dependency,rtos-board-dependency,RTThread/POSIX/board support dependency; not modeled as TX8 compiler ABI.
third_party/tx8_deps/tx8-yoc-rt-thread-smp/lib/libkcorert.a,dlfunc.c.o,__rtmsym_direct_sync_wait_name,R,Dependency,rtos-board-dependency,RTThread/POSIX/board support dependency; not modeled as TX8 compiler ABI.
third_party/tx8_deps/tx8-yoc-rt-thread-smp/lib/libkcorert.a,dlfunc.c.o,__rtmsym_dte_memcpy,D,Dependency,unclassified-dependency,Named dependency/support symbol outside the compiler-facing ABI surface.
third_party/tx8_deps/tx8-yoc-rt-thread-smp/lib/libkcorert.a,dlfunc.c.o,__rtmsym_dte_memcpy_name,R,Dependency,unclassified-dependency,Named dependency/support symbol outside the compiler-facing ABI surface.
third_party/tx8_deps/tx8-yoc-rt-thread-smp/lib/libkcorert.a,dlfunc.c.o,__rtmsym_get_cycle_mode,D,Dependency,rtos-board-dependency,RTThread/POSIX/board support dependency; not modeled as TX8 compiler ABI.
third_party/tx8_deps/tx8-yoc-rt-thread-smp/lib/libkcorert.a,dlfunc.c.o,__rtmsym_get_cycle_mode_name,R,Dependency,rtos-board-dependency,RTThread/POSIX/board support dependency; not modeled as TX8 compiler ABI.
third_party/tx8_deps/tx8-yoc-rt-thread-smp/lib/libkcorert.a,dlfunc.c.o,__rtmsym_get_ddr_memory_mapping,D,Dependency,rtos-board-dependency,RTThread/POSIX/board support dependency; not modeled as TX8 compiler ABI.
third_party/tx8_deps/tx8-yoc-rt-thread-smp/lib/libkcorert.a,dlfunc.c.o,__rtmsym_get_ddr_memory_mapping_name,R,Dependency,rtos-board-dependency,RTThread/POSIX/board support dependency; not modeled as TX8 compiler ABI.
third_party/tx8_deps/tx8-yoc-rt-thread-smp/lib/libkcorert.a,dlfunc.c.o,__rtmsym_get_ddr_memory_mapping_with_size,D,Dependency,rtos-board-dependency,RTThread/POSIX/board support dependency; not modeled as TX8 compiler ABI.
third_party/tx8_deps/tx8-yoc-rt-thread-smp/lib/libkcorert.a,dlfunc.c.o,__rtmsym_get_ddr_memory_mapping_with_size_name,R,Dependency,rtos-board-dependency,RTThread/POSIX/board support dependency; not modeled as TX8 compiler ABI.
third_party/tx8_deps/tx8-yoc-rt-thread-smp/lib/libkcorert.a,dlfunc.c.o,__rtmsym_get_gddr_area_max,D,Dependency,rtos-board-dependency,RTThread/POSIX/board support dependency; not modeled as TX8 compiler ABI.
third_party/tx8_deps/tx8-yoc-rt-thread-smp/lib/libkcorert.a,dlfunc.c.o,__rtmsym_get_gddr_area_max_name,R,Dependency,rtos-board-dependency,RTThread/POSIX/board support dependency; not modeled as TX8 compiler ABI.
third_party/tx8_deps/tx8-yoc-rt-thread-smp/lib/libkcorert.a,dlfunc.c.o,__rtmsym_get_gddr_area_min,D,Dependency,rtos-board-dependency,RTThread/POSIX/board support dependency; not modeled as TX8 compiler ABI.
third_party/tx8_deps/tx8-yoc-rt-thread-smp/lib/libkcorert.a,dlfunc.c.o,__rtmsym_get_gddr_area_min_name,R,Dependency,rtos-board-dependency,RTThread/POSIX/board support dependency; not modeled as TX8 compiler ABI.
third_party/tx8_deps/tx8-yoc-rt-thread-smp/lib/libkcorert.a,dlfunc.c.o,__rtmsym_get_kcore_config,D,Dependency,rtos-board-dependency,RTThread/POSIX/board support dependency; not modeled as TX8 compiler ABI.
third_party/tx8_deps/tx8-yoc-rt-thread-smp/lib/libkcorert.a,dlfunc.c.o,__rtmsym_get_kcore_config_name,R,Dependency,rtos-board-dependency,RTThread/POSIX/board support dependency; not modeled as TX8 compiler ABI.
third_party/tx8_deps/tx8-yoc-rt-thread-smp/lib/libkcorert.a,dlfunc.c.o,__rtmsym_get_log_level,D,Dependency,rtos-board-dependency,RTThread/POSIX/board support dependency; not modeled as TX8 compiler ABI.
third_party/tx8_deps/tx8-yoc-rt-thread-smp/lib/libkcorert.a,dlfunc.c.o,__rtmsym_get_log_level_name,R,Dependency,rtos-board-dependency,RTThread/POSIX/board support dependency; not modeled as TX8 compiler ABI.
third_party/tx8_deps/tx8-yoc-rt-thread-smp/lib/libkcorert.a,dlfunc.c.o,__rtmsym_get_spm_memory_mapping,D,Dependency,rtos-board-dependency,RTThread/POSIX/board support dependency; not modeled as TX8 compiler ABI.
third_party/tx8_deps/tx8-yoc-rt-thread-smp/lib/libkcorert.a,dlfunc.c.o,__rtmsym_get_spm_memory_mapping_name,R,Dependency,rtos-board-dependency,RTThread/POSIX/board support dependency; not modeled as TX8 compiler ABI.
third_party/tx8_deps/tx8-yoc-rt-thread-smp/lib/libkcorert.a,dlfunc.c.o,__rtmsym_get_tile_id_in_chip,D,Dependency,rtos-board-dependency,RTThread/POSIX/board support dependency; not modeled as TX8 compiler ABI.
third_party/tx8_deps/tx8-yoc-rt-thread-smp/lib/libkcorert.a,dlfunc.c.o,__rtmsym_get_tile_id_in_chip_name,R,Dependency,rtos-board-dependency,RTThread/POSIX/board support dependency; not modeled as TX8 compiler ABI.
third_party/tx8_deps/tx8-yoc-rt-thread-smp/lib/libkcorert.a,dlfunc.c.o,__rtmsym_get_tile_spm_addr_base,D,Dependency,rtos-board-dependency,RTThread/POSIX/board support dependency; not modeled as TX8 compiler ABI.
third_party/tx8_deps/tx8-yoc-rt-thread-smp/lib/libkcorert.a,dlfunc.c.o,__rtmsym_get_tile_spm_addr_base_name,R,Dependency,rtos-board-dependency,RTThread/POSIX/board support dependency; not modeled as TX8 compiler ABI.
third_party/tx8_deps/tx8-yoc-rt-thread-smp/lib/libkcorert.a,dlfunc.c.o,__rtmsym_init_kcore_switch_info,D,Dependency,rtos-board-dependency,RTThread/POSIX/board support dependency; not modeled as TX8 compiler ABI.
third_party/tx8_deps/tx8-yoc-rt-thread-smp/lib/libkcorert.a,dlfunc.c.o,__rtmsym_init_kcore_switch_info_name,R,Dependency,rtos-board-dependency,RTThread/POSIX/board support dependency; not modeled as TX8 compiler ABI.
third_party/tx8_deps/tx8-yoc-rt-thread-smp/lib/libkcorert.a,dlfunc.c.o,__rtmsym_init_tile_id,D,Dependency,rtos-board-dependency,RTThread/POSIX/board support dependency; not modeled as TX8 compiler ABI.
third_party/tx8_deps/tx8-yoc-rt-thread-smp/lib/libkcorert.a,dlfunc.c.o,__rtmsym_init_tile_id_name,R,Dependency,rtos-board-dependency,RTThread/POSIX/board support dependency; not modeled as TX8 compiler ABI.
third_party/tx8_deps/tx8-yoc-rt-thread-smp/lib/libkcorert.a,dlfunc.c.o,__rtmsym_kcore_write_log,D,Dependency,rtos-board-dependency,RTThread/POSIX/board support dependency; not modeled as TX8 compiler ABI.
third_party/tx8_deps/tx8-yoc-rt-thread-smp/lib/libkcorert.a,dlfunc.c.o,__rtmsym_kcore_write_log_name,R,Dependency,rtos-board-dependency,RTThread/POSIX/board support dependency; not modeled as TX8 compiler ABI.
third_party/tx8_deps/tx8-yoc-rt-thread-smp/lib/libkcorert.a,dlfunc.c.o,__rtmsym_kuiper_streamfsm_alloc,D,Dependency,unclassified-dependency,Named dependency/support symbol outside the compiler-facing ABI surface.
third_party/tx8_deps/tx8-yoc-rt-thread-smp/lib/libkcorert.a,dlfunc.c.o,__rtmsym_kuiper_streamfsm_alloc_name,R,Dependency,unclassified-dependency,Named dependency/support symbol outside the compiler-facing ABI surface.
third_party/tx8_deps/tx8-yoc-rt-thread-smp/lib/libkcorert.a,dlfunc.c.o,__rtmsym_kuiper_streamfsm_check_packet_ready,D,Dependency,unclassified-dependency,Named dependency/support symbol outside the compiler-facing ABI surface.
third_party/tx8_deps/tx8-yoc-rt-thread-smp/lib/libkcorert.a,dlfunc.c.o,__rtmsym_kuiper_streamfsm_check_packet_ready_name,R,Dependency,unclassified-dependency,Named dependency/support symbol outside the compiler-facing ABI surface.
third_party/tx8_deps/tx8-yoc-rt-thread-smp/lib/libkcorert.a,dlfunc.c.o,__rtmsym_kuiper_streamfsm_clear_packet_status,D,Dependency,unclassified-dependency,Named dependency/support symbol outside the compiler-facing ABI surface.
third_party/tx8_deps/tx8-yoc-rt-thread-smp/lib/libkcorert.a,dlfunc.c.o,__rtmsym_kuiper_streamfsm_clear_packet_status_name,R,Dependency,unclassified-dependency,Named dependency/support symbol outside the compiler-facing ABI surface.
third_party/tx8_deps/tx8-yoc-rt-thread-smp/lib/libkcorert.a,dlfunc.c.o,__rtmsym_kuiper_streamfsm_release,D,Dependency,unclassified-dependency,Named dependency/support symbol outside the compiler-facing ABI surface.
third_party/tx8_deps/tx8-yoc-rt-thread-smp/lib/libkcorert.a,dlfunc.c.o,__rtmsym_kuiper_streamfsm_release_name,R,Dependency,unclassified-dependency,Named dependency/support symbol outside the compiler-facing ABI surface.
third_party/tx8_deps/tx8-yoc-rt-thread-smp/lib/libkcorert.a,dlfunc.c.o,__rtmsym_mod_kuiper_dte_alloc,D,Dependency,unclassified-dependency,Named dependency/support symbol outside the compiler-facing ABI surface.
third_party/tx8_deps/tx8-yoc-rt-thread-smp/lib/libkcorert.a,dlfunc.c.o,__rtmsym_mod_kuiper_dte_alloc_name,R,Dependency,unclassified-dependency,Named dependency/support symbol outside the compiler-facing ABI surface.
third_party/tx8_deps/tx8-yoc-rt-thread-smp/lib/libkcorert.a,dlfunc.c.o,__rtmsym_mod_kuiper_dte_auto_update_packet_cnt,D,Dependency,unclassified-dependency,Named dependency/support symbol outside the compiler-facing ABI surface.
third_party/tx8_deps/tx8-yoc-rt-thread-smp/lib/libkcorert.a,dlfunc.c.o,__rtmsym_mod_kuiper_dte_auto_update_packet_cnt_name,R,Dependency,unclassified-dependency,Named dependency/support symbol outside the compiler-facing ABI surface.
third_party/tx8_deps/tx8-yoc-rt-thread-smp/lib/libkcorert.a,dlfunc.c.o,__rtmsym_mod_kuiper_dte_release,D,Dependency,unclassified-dependency,Named dependency/support symbol outside the compiler-facing ABI surface.
third_party/tx8_deps/tx8-yoc-rt-thread-smp/lib/libkcorert.a,dlfunc.c.o,__rtmsym_mod_kuiper_dte_release_name,R,Dependency,unclassified-dependency,Named dependency/support symbol outside the compiler-facing ABI surface.
third_party/tx8_deps/tx8-yoc-rt-thread-smp/lib/libkcorert.a,dlfunc.c.o,__rtmsym_mod_mailbox_aquire_tx_win,D,Dependency,unclassified-dependency,Named dependency/support symbol outside the compiler-facing ABI surface.
third_party/tx8_deps/tx8-yoc-rt-thread-smp/lib/libkcorert.a,dlfunc.c.o,__rtmsym_mod_mailbox_aquire_tx_win_name,R,Dependency,unclassified-dependency,Named dependency/support symbol outside the compiler-facing ABI surface.
third_party/tx8_deps/tx8-yoc-rt-thread-smp/lib/libkcorert.a,dlfunc.c.o,__rtmsym_mod_mailbox_release_tx_win,D,Dependency,unclassified-dependency,Named dependency/support symbol outside the compiler-facing ABI surface.
third_party/tx8_deps/tx8-yoc-rt-thread-smp/lib/libkcorert.a,dlfunc.c.o,__rtmsym_mod_mailbox_release_tx_win_name,R,Dependency,unclassified-dependency,Named dependency/support symbol outside the compiler-facing ABI surface.
third_party/tx8_deps/tx8-yoc-rt-thread-smp/lib/libkcorert.a,dlfunc.c.o,__rtmsym_mod_mailbox_rx_check_msg_cnt,D,Dependency,unclassified-dependency,Named dependency/support symbol outside the compiler-facing ABI surface.
third_party/tx8_deps/tx8-yoc-rt-thread-smp/lib/libkcorert.a,dlfunc.c.o,__rtmsym_mod_mailbox_rx_check_msg_cnt_name,R,Dependency,unclassified-dependency,Named dependency/support symbol outside the compiler-facing ABI surface.
third_party/tx8_deps/tx8-yoc-rt-thread-smp/lib/libkcorert.a,dlfunc.c.o,__rtmsym_mod_mailbox_rx_pop_msg,D,Dependency,unclassified-dependency,Named dependency/support symbol outside the compiler-facing ABI surface.
third_party/tx8_deps/tx8-yoc-rt-thread-smp/lib/libkcorert.a,dlfunc.c.o,__rtmsym_mod_mailbox_rx_pop_msg_name,R,Dependency,unclassified-dependency,Named dependency/support symbol outside the compiler-facing ABI surface.
third_party/tx8_deps/tx8-yoc-rt-thread-smp/lib/libkcorert.a,dlfunc.c.o,__rtmsym_mod_mailbox_tx_msg,D,Dependency,unclassified-dependency,Named dependency/support symbol outside the compiler-facing ABI surface.
third_party/tx8_deps/tx8-yoc-rt-thread-smp/lib/libkcorert.a,dlfunc.c.o,__rtmsym_mod_mailbox_tx_msg_name,R,Dependency,unclassified-dependency,Named dependency/support symbol outside the compiler-facing ABI surface.
third_party/tx8_deps/tx8-yoc-rt-thread-smp/lib/libkcorert.a,dlfunc.c.o,__rtmsym_monitor_write_log,D,Dependency,rtos-board-dependency,RTThread/POSIX/board support dependency; not modeled as TX8 compiler ABI.
third_party/tx8_deps/tx8-yoc-rt-thread-smp/lib/libkcorert.a,dlfunc.c.o,__rtmsym_monitor_write_log_name,R,Dependency,rtos-board-dependency,RTThread/POSIX/board support dependency; not modeled as TX8 compiler ABI.
third_party/tx8_deps/tx8-yoc-rt-thread-smp/lib/libkcorert.a,dlfunc.c.o,__rtmsym_oplib_get_log_file,D,Dependency,rtos-board-dependency,RTThread/POSIX/board support dependency; not modeled as TX8 compiler ABI.
third_party/tx8_deps/tx8-yoc-rt-thread-smp/lib/libkcorert.a,dlfunc.c.o,__rtmsym_oplib_get_log_file_name,R,Dependency,rtos-board-dependency,RTThread/POSIX/board support dependency; not modeled as TX8 compiler ABI.
third_party/tx8_deps/tx8-yoc-rt-thread-smp/lib/libkcorert.a,dlfunc.c.o,__rtmsym_profiling_start,D,Dependency,rtos-board-dependency,RTThread/POSIX/board support dependency; not modeled as TX8 compiler ABI.
third_party/tx8_deps/tx8-yoc-rt-thread-smp/lib/libkcorert.a,dlfunc.c.o,__rtmsym_profiling_start_name,R,Dependency,rtos-board-dependency,RTThread/POSIX/board support dependency; not modeled as TX8 compiler ABI.
third_party/tx8_deps/tx8-yoc-rt-thread-smp/lib/libkcorert.a,dlfunc.c.o,__rtmsym_profiling_stop,D,Dependency,rtos-board-dependency,RTThread/POSIX/board support dependency; not modeled as TX8 compiler ABI.
third_party/tx8_deps/tx8-yoc-rt-thread-smp/lib/libkcorert.a,dlfunc.c.o,__rtmsym_profiling_stop_name,R,Dependency,rtos-board-dependency,RTThread/POSIX/board support dependency; not modeled as TX8 compiler ABI.
third_party/tx8_deps/tx8-yoc-rt-thread-smp/lib/libkcorert.a,dlfunc.c.o,__rtmsym_rt_scheduler_switch_sethook,D,Dependency,rtos-board-dependency,RTThread/POSIX/board support dependency; not modeled as TX8 compiler ABI.
third_party/tx8_deps/tx8-yoc-rt-thread-smp/lib/libkcorert.a,dlfunc.c.o,__rtmsym_rt_scheduler_switch_sethook_name,R,Dependency,rtos-board-dependency,RTThread/POSIX/board support dependency; not modeled as TX8 compiler ABI.
third_party/tx8_deps/tx8-yoc-rt-thread-smp/lib/libkcorert.a,dlfunc.c.o,__rtmsym_set_direct_fsm_monitor_dst_addr,D,Dependency,rtos-board-dependency,RTThread/POSIX/board support dependency; not modeled as TX8 compiler ABI.
third_party/tx8_deps/tx8-yoc-rt-thread-smp/lib/libkcorert.a,dlfunc.c.o,__rtmsym_set_direct_fsm_monitor_dst_addr_name,R,Dependency,rtos-board-dependency,RTThread/POSIX/board support dependency; not modeled as TX8 compiler ABI.
third_party/tx8_deps/tx8-yoc-rt-thread-smp/lib/libkcorert.a,dlfunc.c.o,__rtmsym_set_direct_fsm_monitor_length,D,Dependency,rtos-board-dependency,RTThread/POSIX/board support dependency; not modeled as TX8 compiler ABI.
third_party/tx8_deps/tx8-yoc-rt-thread-smp/lib/libkcorert.a,dlfunc.c.o,__rtmsym_set_direct_fsm_monitor_length_name,R,Dependency,rtos-board-dependency,RTThread/POSIX/board support dependency; not modeled as TX8 compiler ABI.
third_party/tx8_deps/tx8-yoc-rt-thread-smp/lib/libkcorert.a,dlfunc.c.o,__rtmsym_set_kuiper_streamfsm_addr,D,Dependency,unclassified-dependency,Named dependency/support symbol outside the compiler-facing ABI surface.
third_party/tx8_deps/tx8-yoc-rt-thread-smp/lib/libkcorert.a,dlfunc.c.o,__rtmsym_set_kuiper_streamfsm_addr_name,R,Dependency,unclassified-dependency,Named dependency/support symbol outside the compiler-facing ABI surface.
third_party/tx8_deps/tx8-yoc-rt-thread-smp/lib/libkcorert.a,dlfunc.c.o,__rtmsym_set_kuiper_streamfsm_length,D,Dependency,unclassified-dependency,Named dependency/support symbol outside the compiler-facing ABI surface.
third_party/tx8_deps/tx8-yoc-rt-thread-smp/lib/libkcorert.a,dlfunc.c.o,__rtmsym_set_kuiper_streamfsm_length_name,R,Dependency,unclassified-dependency,Named dependency/support symbol outside the compiler-facing ABI surface.
third_party/tx8_deps/tx8-yoc-rt-thread-smp/lib/libkcorert.a,dlfunc.c.o,__rtmsym_set_spm_memory_value,D,Dependency,rtos-board-dependency,RTThread/POSIX/board support dependency; not modeled as TX8 compiler ABI.
third_party/tx8_deps/tx8-yoc-rt-thread-smp/lib/libkcorert.a,dlfunc.c.o,__rtmsym_set_spm_memory_value_name,R,Dependency,rtos-board-dependency,RTThread/POSIX/board support dependency; not modeled as TX8 compiler ABI.
third_party/tx8_deps/tx8-yoc-rt-thread-smp/lib/libkcorert.a,dlfunc.c.o,__rtmsym_soc_get_coretim_freq,D,Dependency,rtos-board-dependency,RTThread/POSIX/board support dependency; not modeled as TX8 compiler ABI.
third_party/tx8_deps/tx8-yoc-rt-thread-smp/lib/libkcorert.a,dlfunc.c.o,__rtmsym_soc_get_coretim_freq_name,R,Dependency,rtos-board-dependency,RTThread/POSIX/board support dependency; not modeled as TX8 compiler ABI.
third_party/tx8_deps/tx8-yoc-rt-thread-smp/lib/libkcorert.a,dlfunc.c.o,__rtmsym_soc_get_cpu_freq,D,Dependency,rtos-board-dependency,RTThread/POSIX/board support dependency; not modeled as TX8 compiler ABI.
third_party/tx8_deps/tx8-yoc-rt-thread-smp/lib/libkcorert.a,dlfunc.c.o,__rtmsym_soc_get_cpu_freq_name,R,Dependency,rtos-board-dependency,RTThread/POSIX/board support dependency; not modeled as TX8 compiler ABI.
third_party/tx8_deps/tx8-yoc-rt-thread-smp/lib/libkcorert.a,dlfunc.c.o,__rtmsym_strcount,D,Dependency,rtos-board-dependency,RTThread/POSIX/board support dependency; not modeled as TX8 compiler ABI.
third_party/tx8_deps/tx8-yoc-rt-thread-smp/lib/libkcorert.a,dlfunc.c.o,__rtmsym_strcount_name,R,Dependency,rtos-board-dependency,RTThread/POSIX/board support dependency; not modeled as TX8 compiler ABI.
third_party/tx8_deps/tx8-yoc-rt-thread-smp/lib/libkcorert.a,dlfunc.c.o,__rtmsym_tile_ready_read_other_tile_spm,D,Dependency,rtos-board-dependency,RTThread/POSIX/board support dependency; not modeled as TX8 compiler ABI.
third_party/tx8_deps/tx8-yoc-rt-thread-smp/lib/libkcorert.a,dlfunc.c.o,__rtmsym_tile_ready_read_other_tile_spm_name,R,Dependency,rtos-board-dependency,RTThread/POSIX/board support dependency; not modeled as TX8 compiler ABI.
third_party/tx8_deps/tx8-yoc-rt-thread-smp/lib/libkcorert.a,dlfunc.c.o,__rtmsym_tile_ready_write_other_tile_spm,D,Dependency,rtos-board-dependency,RTThread/POSIX/board support dependency; not modeled as TX8 compiler ABI.
third_party/tx8_deps/tx8-yoc-rt-thread-smp/lib/libkcorert.a,dlfunc.c.o,__rtmsym_tile_ready_write_other_tile_spm_name,R,Dependency,rtos-board-dependency,RTThread/POSIX/board support dependency; not modeled as TX8 compiler ABI.
third_party/tx8_deps/tx8-yoc-rt-thread-smp/lib/libkcorert.a,dlfunc.c.o,__rtmsym_tile_sync_by_spm,D,Dependency,rtos-board-dependency,RTThread/POSIX/board support dependency; not modeled as TX8 compiler ABI.
third_party/tx8_deps/tx8-yoc-rt-thread-smp/lib/libkcorert.a,dlfunc.c.o,__rtmsym_tile_sync_by_spm_name,R,Dependency,rtos-board-dependency,RTThread/POSIX/board support dependency; not modeled as TX8 compiler ABI.
third_party/tx8_deps/tx8-yoc-rt-thread-smp/lib/libkcorert.a,dlfunc.c.o,__rtmsym_tile_sync_by_spm_single_direction,D,Dependency,rtos-board-dependency,RTThread/POSIX/board support dependency; not modeled as TX8 compiler ABI.
third_party/tx8_deps/tx8-yoc-rt-thread-smp/lib/libkcorert.a,dlfunc.c.o,__rtmsym_tile_sync_by_spm_single_direction_name,R,Dependency,rtos-board-dependency,RTThread/POSIX/board support dependency; not modeled as TX8 compiler ABI.
third_party/tx8_deps/tx8-yoc-rt-thread-smp/lib/libkcorert.a,dlfunc.c.o,__rtmsym_tsm_ep_log,D,Dependency,rtos-board-dependency,RTThread/POSIX/board support dependency; not modeled as TX8 compiler ABI.
third_party/tx8_deps/tx8-yoc-rt-thread-smp/lib/libkcorert.a,dlfunc.c.o,__rtmsym_tsm_ep_log_name,R,Dependency,rtos-board-dependency,RTThread/POSIX/board support dependency; not modeled as TX8 compiler ABI.
third_party/tx8_deps/tx8-yoc-rt-thread-smp/lib/libkcorert.a,dlfunc.c.o,__rtmsym_tx8_kernel_vprintf,D,Dependency,rtos-board-dependency,RTThread/POSIX/board support dependency; not modeled as TX8 compiler ABI.
third_party/tx8_deps/tx8-yoc-rt-thread-smp/lib/libkcorert.a,dlfunc.c.o,__rtmsym_tx8_kernel_vprintf_name,R,Dependency,rtos-board-dependency,RTThread/POSIX/board support dependency; not modeled as TX8 compiler ABI.
third_party/tx8_deps/tx8-yoc-rt-thread-smp/lib/libkcorert.a,dlfunc.c.o,__rtmsym_uart_write,D,Dependency,rtos-board-dependency,RTThread/POSIX/board support dependency; not modeled as TX8 compiler ABI.
third_party/tx8_deps/tx8-yoc-rt-thread-smp/lib/libkcorert.a,dlfunc.c.o,__rtmsym_uart_write_name,R,Dependency,rtos-board-dependency,RTThread/POSIX/board support dependency; not modeled as TX8 compiler ABI.
third_party/tx8_deps/tx8-yoc-rt-thread-smp/lib/libkcorert.a,dlfunc.c.o,oplib_get_log_file,W,Dependency,rtos-board-dependency,RTThread/POSIX/board support dependency; not modeled as TX8 compiler ABI.
third_party/tx8_deps/tx8-yoc-rt-thread-smp/lib/libkcorert.a,dlfunc.c.o,set_spm_memory_value,t,Dependency,rtos-board-dependency,RTThread/POSIX/board support dependency; not modeled as TX8 compiler ABI.
third_party/tx8_deps/tx8-yoc-rt-thread-smp/lib/libkcorert.a,dlfunc.c.o,__rtmsym_PMU_END,D,HardwareVerify,hardware-measured-runtime,Static ABI is documented; timing/state semantics require board verification.
third_party/tx8_deps/tx8-yoc-rt-thread-smp/lib/libkcorert.a,dlfunc.c.o,__rtmsym_PMU_END_name,R,HardwareVerify,hardware-measured-runtime,Static ABI is documented; timing/state semantics require board verification.
third_party/tx8_deps/tx8-yoc-rt-thread-smp/lib/libkcorert.a,dlfunc.c.o,__rtmsym_PMU_START,D,HardwareVerify,hardware-measured-runtime,Static ABI is documented; timing/state semantics require board verification.
third_party/tx8_deps/tx8-yoc-rt-thread-smp/lib/libkcorert.a,dlfunc.c.o,__rtmsym_PMU_START_name,R,HardwareVerify,hardware-measured-runtime,Static ABI is documented; timing/state semantics require board verification.
third_party/tx8_deps/tx8-yoc-rt-thread-smp/lib/libkcorert.a,dlfunc.c.o,__rtmsym_get_pmu_dte_status,D,HardwareVerify,hardware-measured-runtime,Static ABI is documented; timing/state semantics require board verification.
third_party/tx8_deps/tx8-yoc-rt-thread-smp/lib/libkcorert.a,dlfunc.c.o,__rtmsym_get_pmu_dte_status_name,R,HardwareVerify,hardware-measured-runtime,Static ABI is documented; timing/state semantics require board verification.
third_party/tx8_deps/tx8-yoc-rt-thread-smp/lib/libkcorert.a,dlfunc.c.o,__rtmsym_get_pmu_dte_trans_data,D,HardwareVerify,hardware-measured-runtime,Static ABI is documented; timing/state semantics require board verification.
third_party/tx8_deps/tx8-yoc-rt-thread-smp/lib/libkcorert.a,dlfunc.c.o,__rtmsym_get_pmu_dte_trans_data_name,R,HardwareVerify,hardware-measured-runtime,Static ABI is documented; timing/state semantics require board verification.
third_party/tx8_deps/tx8-yoc-rt-thread-smp/lib/libkcorert.a,dlfunc.c.o,__rtmsym_get_pmu_dte_trans_time,D,HardwareVerify,hardware-measured-runtime,Static ABI is documented; timing/state semantics require board verification.
third_party/tx8_deps/tx8-yoc-rt-thread-smp/lib/libkcorert.a,dlfunc.c.o,__rtmsym_get_pmu_dte_trans_time_name,R,HardwareVerify,hardware-measured-runtime,Static ABI is documented; timing/state semantics require board verification.
third_party/tx8_deps/tx8-yoc-rt-thread-smp/lib/libkcorert.a,dlfunc.c.o,__rtmsym_get_pmu_reg,D,HardwareVerify,hardware-measured-runtime,Static ABI is documented; timing/state semantics require board verification.
third_party/tx8_deps/tx8-yoc-rt-thread-smp/lib/libkcorert.a,dlfunc.c.o,__rtmsym_get_pmu_reg_name,R,HardwareVerify,hardware-measured-runtime,Static ABI is documented; timing/state semantics require board verification.
third_party/tx8_deps/tx8-yoc-rt-thread-smp/lib/libkcorert.a,dlfunc.c.o,__rtmsym_pmu_check_engine_status,D,HardwareVerify,hardware-measured-runtime,Static ABI is documented; timing/state semantics require board verification.
third_party/tx8_deps/tx8-yoc-rt-thread-smp/lib/libkcorert.a,dlfunc.c.o,__rtmsym_pmu_check_engine_status_name,R,HardwareVerify,hardware-measured-runtime,Static ABI is documented; timing/state semantics require board verification.
third_party/tx8_deps/tx8-yoc-rt-thread-smp/lib/libkcorert.a,dlfunc.c.o,__rtmsym_pmu_dte_print,D,HardwareVerify,hardware-measured-runtime,Static ABI is documented; timing/state semantics require board verification.
third_party/tx8_deps/tx8-yoc-rt-thread-smp/lib/libkcorert.a,dlfunc.c.o,__rtmsym_pmu_dte_print_chn0,D,HardwareVerify,hardware-measured-runtime,Static ABI is documented; timing/state semantics require board verification.
third_party/tx8_deps/tx8-yoc-rt-thread-smp/lib/libkcorert.a,dlfunc.c.o,__rtmsym_pmu_dte_print_chn0_name,R,HardwareVerify,hardware-measured-runtime,Static ABI is documented; timing/state semantics require board verification.
third_party/tx8_deps/tx8-yoc-rt-thread-smp/lib/libkcorert.a,dlfunc.c.o,__rtmsym_pmu_dte_print_name,R,HardwareVerify,hardware-measured-runtime,Static ABI is documented; timing/state semantics require board verification.
third_party/tx8_deps/tx8-yoc-rt-thread-smp/lib/libkcorert.a,dlfunc.c.o,__rtmsym_pmu_get_exetime,D,HardwareVerify,hardware-measured-runtime,Static ABI is documented; timing/state semantics require board verification.
third_party/tx8_deps/tx8-yoc-rt-thread-smp/lib/libkcorert.a,dlfunc.c.o,__rtmsym_pmu_get_exetime_name,R,HardwareVerify,hardware-measured-runtime,Static ABI is documented; timing/state semantics require board verification.
third_party/tx8_deps/tx8-yoc-rt-thread-smp/lib/libkcorert.a,dlfunc.c.o,__rtmsym_pmu_ncc_print,D,HardwareVerify,hardware-measured-runtime,Static ABI is documented; timing/state semantics require board verification.
third_party/tx8_deps/tx8-yoc-rt-thread-smp/lib/libkcorert.a,dlfunc.c.o,__rtmsym_pmu_ncc_print_name,R,HardwareVerify,hardware-measured-runtime,Static ABI is documented; timing/state semantics require board verification.
third_party/tx8_deps/tx8-yoc-rt-thread-smp/lib/libkcorert.a,dlfunc.c.o,__rtmsym_pmu_spm_dte_print,D,HardwareVerify,hardware-measured-runtime,Static ABI is documented; timing/state semantics require board verification.
third_party/tx8_deps/tx8-yoc-rt-thread-smp/lib/libkcorert.a,dlfunc.c.o,__rtmsym_pmu_spm_dte_print_name,R,HardwareVerify,hardware-measured-runtime,Static ABI is documented; timing/state semantics require board verification.
third_party/tx8_deps/tx8-yoc-rt-thread-smp/lib/libkcorert.a,dlfunc.c.o,__rtmsym_pmu_spm_lsu_print,D,HardwareVerify,hardware-measured-runtime,Static ABI is documented; timing/state semantics require board verification.
third_party/tx8_deps/tx8-yoc-rt-thread-smp/lib/libkcorert.a,dlfunc.c.o,__rtmsym_pmu_spm_lsu_print_name,R,HardwareVerify,hardware-measured-runtime,Static ABI is documented; timing/state semantics require board verification.
third_party/tx8_deps/tx8-yoc-rt-thread-smp/lib/libkcorert.a,dlfunc.c.o,__rtmsym_pmu_wait_finish,D,HardwareVerify,hardware-measured-runtime,Static ABI is documented; timing/state semantics require board verification.
third_party/tx8_deps/tx8-yoc-rt-thread-smp/lib/libkcorert.a,dlfunc.c.o,__rtmsym_pmu_wait_finish_name,R,HardwareVerify,hardware-measured-runtime,Static ABI is documented; timing/state semantics require board verification.
third_party/tx8_deps/tx8-yoc-rt-thread-smp/lib/libkcorert.a,dlfunc.c.o,__rtmsym_set_pmu_reg,D,HardwareVerify,hardware-measured-runtime,Static ABI is documented; timing/state semantics require board verification.
third_party/tx8_deps/tx8-yoc-rt-thread-smp/lib/libkcorert.a,dlfunc.c.o,__rtmsym_set_pmu_reg_name,R,HardwareVerify,hardware-measured-runtime,Static ABI is documented; timing/state semantics require board verification.
third_party/tx8_deps/tx8-yoc-rt-thread-smp/lib/libkcorert.a,dlfunc.c.o,g_pmu_buf_addr,b,HardwareVerify,hardware-measured-runtime,Static ABI is documented; timing/state semantics require board verification.
third_party/tx8_deps/tx8-yoc-rt-thread-smp/lib/libkcorert.a,dlfunc.c.o,g_pmu_buf_size,b,HardwareVerify,hardware-measured-runtime,Static ABI is documented; timing/state semantics require board verification.
third_party/tx8_deps/tx8-yoc-rt-thread-smp/lib/libkcorert.a,dlfunc.c.o,g_pmu_buf_wptr,b,HardwareVerify,hardware-measured-runtime,Static ABI is documented; timing/state semantics require board verification.
third_party/tx8_deps/tx8-yoc-rt-thread-smp/lib/libkcorert.a,dlfunc.c.o,g_pmu_prof_type,b,HardwareVerify,hardware-measured-runtime,Static ABI is documented; timing/state semantics require board verification.
third_party/tx8_deps/tx8-yoc-rt-thread-smp/lib/libkcorert.a,dlmodule.c.o,__func__.0,r,Dependency,rtos-board-dependency,RTThread/POSIX/board support dependency; not modeled as TX8 compiler ABI.
third_party/tx8_deps/tx8-yoc-rt-thread-smp/lib/libkcorert.a,dlmodule.c.o,__func__.1,r,Dependency,rtos-board-dependency,RTThread/POSIX/board support dependency; not modeled as TX8 compiler ABI.
third_party/tx8_deps/tx8-yoc-rt-thread-smp/lib/libkcorert.a,dlmodule.c.o,__func__.3,r,Dependency,rtos-board-dependency,RTThread/POSIX/board support dependency; not modeled as TX8 compiler ABI.
third_party/tx8_deps/tx8-yoc-rt-thread-smp/lib/libkcorert.a,dlmodule.c.o,__rt_init_rt_system_dlmodule_init,D,Dependency,rtos-board-dependency,RTThread/POSIX/board support dependency; not modeled as TX8 compiler ABI.
third_party/tx8_deps/tx8-yoc-rt-thread-smp/lib/libkcorert.a,dlmodule.c.o,__rtmsym_dlmodule_find,D,Dependency,rtos-board-dependency,RTThread/POSIX/board support dependency; not modeled as TX8 compiler ABI.
third_party/tx8_deps/tx8-yoc-rt-thread-smp/lib/libkcorert.a,dlmodule.c.o,__rtmsym_dlmodule_find_name,R,Dependency,rtos-board-dependency,RTThread/POSIX/board support dependency; not modeled as TX8 compiler ABI.
third_party/tx8_deps/tx8-yoc-rt-thread-smp/lib/libkcorert.a,dlmodule.c.o,_dlmodule_thread_entry,t,Dependency,rtos-board-dependency,RTThread/POSIX/board support dependency; not modeled as TX8 compiler ABI.
third_party/tx8_deps/tx8-yoc-rt-thread-smp/lib/libkcorert.a,dlmodule.c.o,_rt_module_symtab_begin,b,Dependency,rtos-board-dependency,RTThread/POSIX/board support dependency; not modeled as TX8 compiler ABI.
third_party/tx8_deps/tx8-yoc-rt-thread-smp/lib/libkcorert.a,dlmodule.c.o,_rt_module_symtab_end,b,Dependency,rtos-board-dependency,RTThread/POSIX/board support dependency; not modeled as TX8 compiler ABI.
third_party/tx8_deps/tx8-yoc-rt-thread-smp/lib/libkcorert.a,dlmodule.c.o,add_to_system_component_list,T,Dependency,rtos-board-dependency,RTThread/POSIX/board support dependency; not modeled as TX8 compiler ABI.
third_party/tx8_deps/tx8-yoc-rt-thread-smp/lib/libkcorert.a,dlmodule.c.o,dlmodule_create,T,Dependency,rtos-board-dependency,RTThread/POSIX/board support dependency; not modeled as TX8 compiler ABI.
third_party/tx8_deps/tx8-yoc-rt-thread-smp/lib/libkcorert.a,dlmodule.c.o,dlmodule_destroy,T,Dependency,rtos-board-dependency,RTThread/POSIX/board support dependency; not modeled as TX8 compiler ABI.
third_party/tx8_deps/tx8-yoc-rt-thread-smp/lib/libkcorert.a,dlmodule.c.o,dlmodule_destroy_subthread,T,Dependency,rtos-board-dependency,RTThread/POSIX/board support dependency; not modeled as TX8 compiler ABI.
third_party/tx8_deps/tx8-yoc-rt-thread-smp/lib/libkcorert.a,dlmodule.c.o,dlmodule_exec,T,Dependency,rtos-board-dependency,RTThread/POSIX/board support dependency; not modeled as TX8 compiler ABI.
third_party/tx8_deps/tx8-yoc-rt-thread-smp/lib/libkcorert.a,dlmodule.c.o,dlmodule_exec_custom,T,Dependency,rtos-board-dependency,RTThread/POSIX/board support dependency; not modeled as TX8 compiler ABI.
third_party/tx8_deps/tx8-yoc-rt-thread-smp/lib/libkcorert.a,dlmodule.c.o,dlmodule_exit,T,Dependency,rtos-board-dependency,RTThread/POSIX/board support dependency; not modeled as TX8 compiler ABI.
third_party/tx8_deps/tx8-yoc-rt-thread-smp/lib/libkcorert.a,dlmodule.c.o,dlmodule_find,T,Dependency,rtos-board-dependency,RTThread/POSIX/board support dependency; not modeled as TX8 compiler ABI.
third_party/tx8_deps/tx8-yoc-rt-thread-smp/lib/libkcorert.a,dlmodule.c.o,dlmodule_load,T,Dependency,rtos-board-dependency,RTThread/POSIX/board support dependency; not modeled as TX8 compiler ABI.
third_party/tx8_deps/tx8-yoc-rt-thread-smp/lib/libkcorert.a,dlmodule.c.o,dlmodule_load_custom,T,Dependency,rtos-board-dependency,RTThread/POSIX/board support dependency; not modeled as TX8 compiler ABI.
third_party/tx8_deps/tx8-yoc-rt-thread-smp/lib/libkcorert.a,dlmodule.c.o,dlmodule_self,T,Dependency,rtos-board-dependency,RTThread/POSIX/board support dependency; not modeled as TX8 compiler ABI.
third_party/tx8_deps/tx8-yoc-rt-thread-smp/lib/libkcorert.a,dlmodule.c.o,dlmodule_set_name,T,Dependency,rtos-board-dependency,RTThread/POSIX/board support dependency; not modeled as TX8 compiler ABI.
third_party/tx8_deps/tx8-yoc-rt-thread-smp/lib/libkcorert.a,dlmodule.c.o,dlmodule_symbol_find,T,Dependency,rtos-board-dependency,RTThread/POSIX/board support dependency; not modeled as TX8 compiler ABI.
third_party/tx8_deps/tx8-yoc-rt-thread-smp/lib/libkcorert.a,dlmodule.c.o,dlmodule_symbol_find_with_BFS_policy,T,Dependency,rtos-board-dependency,RTThread/POSIX/board support dependency; not modeled as TX8 compiler ABI.
third_party/tx8_deps/tx8-yoc-rt-thread-smp/lib/libkcorert.a,dlmodule.c.o,get_module_name_from_path,T,Dependency,rtos-board-dependency,RTThread/POSIX/board support dependency; not modeled as TX8 compiler ABI.
third_party/tx8_deps/tx8-yoc-rt-thread-smp/lib/libkcorert.a,dlmodule.c.o,list_module,T,Dependency,rtos-board-dependency,RTThread/POSIX/board support dependency; not modeled as TX8 compiler ABI.
third_party/tx8_deps/tx8-yoc-rt-thread-smp/lib/libkcorert.a,dlmodule.c.o,list_symbols,T,Dependency,rtos-board-dependency,RTThread/POSIX/board support dependency; not modeled as TX8 compiler ABI.
third_party/tx8_deps/tx8-yoc-rt-thread-smp/lib/libkcorert.a,dlmodule.c.o,remove_from_system_component_list,T,Dependency,rtos-board-dependency,RTThread/POSIX/board support dependency; not modeled as TX8 compiler ABI.
third_party/tx8_deps/tx8-yoc-rt-thread-smp/lib/libkcorert.a,dlmodule.c.o,rt_module_self,T,Dependency,rtos-board-dependency,RTThread/POSIX/board support dependency; not modeled as TX8 compiler ABI.
third_party/tx8_deps/tx8-yoc-rt-thread-smp/lib/libkcorert.a,dlmodule.c.o,rt_system_dlmodule_init,T,Dependency,rtos-board-dependency,RTThread/POSIX/board support dependency; not modeled as TX8 compiler ABI.
third_party/tx8_deps/tx8-yoc-rt-thread-smp/lib/libkcorert.a,dlmodule.c.o,system_component_module_list,b,Dependency,rtos-board-dependency,RTThread/POSIX/board support dependency; not modeled as TX8 compiler ABI.
third_party/tx8_deps/tx8-yoc-rt-thread-smp/lib/libkcorert.a,dlopen.c.o,__rtmsym_dlopen,D,Dependency,rtos-board-dependency,RTThread/POSIX/board support dependency; not modeled as TX8 compiler ABI.
third_party/tx8_deps/tx8-yoc-rt-thread-smp/lib/libkcorert.a,dlopen.c.o,__rtmsym_dlopen_name,R,Dependency,rtos-board-dependency,RTThread/POSIX/board support dependency; not modeled as TX8 compiler ABI.
third_party/tx8_deps/tx8-yoc-rt-thread-smp/lib/libkcorert.a,dlopen.c.o,dlopen,T,Dependency,rtos-board-dependency,RTThread/POSIX/board support dependency; not modeled as TX8 compiler ABI.
third_party/tx8_deps/tx8-yoc-rt-thread-smp/lib/libkcorert.a,dlsym.c.o,__rtmsym_dlsym,D,Dependency,rtos-board-dependency,RTThread/POSIX/board support dependency; not modeled as TX8 compiler ABI.
third_party/tx8_deps/tx8-yoc-rt-thread-smp/lib/libkcorert.a,dlsym.c.o,__rtmsym_dlsym_name,R,Dependency,rtos-board-dependency,RTThread/POSIX/board support dependency; not modeled as TX8 compiler ABI.
third_party/tx8_deps/tx8-yoc-rt-thread-smp/lib/libkcorert.a,dlsym.c.o,dlsym,T,Dependency,rtos-board-dependency,RTThread/POSIX/board support dependency; not modeled as TX8 compiler ABI.
third_party/tx8_deps/tx8-yoc-rt-thread-smp/lib/libkcorert.a,dlsyms.c.o,__rtmsym___assert_func,D,Dependency,rtos-board-dependency,RTThread/POSIX/board support dependency; not modeled as TX8 compiler ABI.
third_party/tx8_deps/tx8-yoc-rt-thread-smp/lib/libkcorert.a,dlsyms.c.o,__rtmsym___assert_func_name,R,Dependency,rtos-board-dependency,RTThread/POSIX/board support dependency; not modeled as TX8 compiler ABI.
third_party/tx8_deps/tx8-yoc-rt-thread-smp/lib/libkcorert.a,dlsyms.c.o,__rtmsym_abort,D,Dependency,rtos-board-dependency,RTThread/POSIX/board support dependency; not modeled as TX8 compiler ABI.
third_party/tx8_deps/tx8-yoc-rt-thread-smp/lib/libkcorert.a,dlsyms.c.o,__rtmsym_abort_name,R,Dependency,rtos-board-dependency,RTThread/POSIX/board support dependency; not modeled as TX8 compiler ABI.
third_party/tx8_deps/tx8-yoc-rt-thread-smp/lib/libkcorert.a,dlsyms.c.o,__rtmsym_aos_spin_lock,D,Dependency,rtos-board-dependency,RTThread/POSIX/board support dependency; not modeled as TX8 compiler ABI.
third_party/tx8_deps/tx8-yoc-rt-thread-smp/lib/libkcorert.a,dlsyms.c.o,__rtmsym_aos_spin_lock_init,D,Dependency,rtos-board-dependency,RTThread/POSIX/board support dependency; not modeled as TX8 compiler ABI.
third_party/tx8_deps/tx8-yoc-rt-thread-smp/lib/libkcorert.a,dlsyms.c.o,__rtmsym_aos_spin_lock_init_name,R,Dependency,rtos-board-dependency,RTThread/POSIX/board support dependency; not modeled as TX8 compiler ABI.
third_party/tx8_deps/tx8-yoc-rt-thread-smp/lib/libkcorert.a,dlsyms.c.o,__rtmsym_aos_spin_lock_name,R,Dependency,rtos-board-dependency,RTThread/POSIX/board support dependency; not modeled as TX8 compiler ABI.
third_party/tx8_deps/tx8-yoc-rt-thread-smp/lib/libkcorert.a,dlsyms.c.o,__rtmsym_aos_spin_unlock,D,Dependency,rtos-board-dependency,RTThread/POSIX/board support dependency; not modeled as TX8 compiler ABI.
third_party/tx8_deps/tx8-yoc-rt-thread-smp/lib/libkcorert.a,dlsyms.c.o,__rtmsym_aos_spin_unlock_name,R,Dependency,rtos-board-dependency,RTThread/POSIX/board support dependency; not modeled as TX8 compiler ABI.
third_party/tx8_deps/tx8-yoc-rt-thread-smp/lib/libkcorert.a,dlsyms.c.o,__rtmsym_csi_tick_get_ms,D,Dependency,rtos-board-dependency,RTThread/POSIX/board support dependency; not modeled as TX8 compiler ABI.
third_party/tx8_deps/tx8-yoc-rt-thread-smp/lib/libkcorert.a,dlsyms.c.o,__rtmsym_csi_tick_get_ms_name,R,Dependency,rtos-board-dependency,RTThread/POSIX/board support dependency; not modeled as TX8 compiler ABI.
third_party/tx8_deps/tx8-yoc-rt-thread-smp/lib/libkcorert.a,dlsyms.c.o,__rtmsym_csi_tick_get_us,D,Dependency,rtos-board-dependency,RTThread/POSIX/board support dependency; not modeled as TX8 compiler ABI.
third_party/tx8_deps/tx8-yoc-rt-thread-smp/lib/libkcorert.a,dlsyms.c.o,__rtmsym_csi_tick_get_us_name,R,Dependency,rtos-board-dependency,RTThread/POSIX/board support dependency; not modeled as TX8 compiler ABI.
third_party/tx8_deps/tx8-yoc-rt-thread-smp/lib/libkcorert.a,dlsyms.c.o,__rtmsym_exit,D,Dependency,rtos-board-dependency,RTThread/POSIX/board support dependency; not modeled as TX8 compiler ABI.
third_party/tx8_deps/tx8-yoc-rt-thread-smp/lib/libkcorert.a,dlsyms.c.o,__rtmsym_exit_name,R,Dependency,rtos-board-dependency,RTThread/POSIX/board support dependency; not modeled as TX8 compiler ABI.
third_party/tx8_deps/tx8-yoc-rt-thread-smp/lib/libkcorert.a,dlsyms.c.o,__rtmsym_free,D,Dependency,rtos-board-dependency,RTThread/POSIX/board support dependency; not modeled as TX8 compiler ABI.
third_party/tx8_deps/tx8-yoc-rt-thread-smp/lib/libkcorert.a,dlsyms.c.o,__rtmsym_free_name,R,Dependency,rtos-board-dependency,RTThread/POSIX/board support dependency; not modeled as TX8 compiler ABI.
third_party/tx8_deps/tx8-yoc-rt-thread-smp/lib/libkcorert.a,dlsyms.c.o,__rtmsym_fwrite,D,Dependency,rtos-board-dependency,RTThread/POSIX/board support dependency; not modeled as TX8 compiler ABI.
third_party/tx8_deps/tx8-yoc-rt-thread-smp/lib/libkcorert.a,dlsyms.c.o,__rtmsym_fwrite_name,R,Dependency,rtos-board-dependency,RTThread/POSIX/board support dependency; not modeled as TX8 compiler ABI.
third_party/tx8_deps/tx8-yoc-rt-thread-smp/lib/libkcorert.a,dlsyms.c.o,__rtmsym_longjmp,D,Dependency,rtos-board-dependency,RTThread/POSIX/board support dependency; not modeled as TX8 compiler ABI.
third_party/tx8_deps/tx8-yoc-rt-thread-smp/lib/libkcorert.a,dlsyms.c.o,__rtmsym_longjmp_name,R,Dependency,rtos-board-dependency,RTThread/POSIX/board support dependency; not modeled as TX8 compiler ABI.
third_party/tx8_deps/tx8-yoc-rt-thread-smp/lib/libkcorert.a,dlsyms.c.o,__rtmsym_malloc,D,Dependency,rtos-board-dependency,RTThread/POSIX/board support dependency; not modeled as TX8 compiler ABI.
third_party/tx8_deps/tx8-yoc-rt-thread-smp/lib/libkcorert.a,dlsyms.c.o,__rtmsym_malloc_name,R,Dependency,rtos-board-dependency,RTThread/POSIX/board support dependency; not modeled as TX8 compiler ABI.
third_party/tx8_deps/tx8-yoc-rt-thread-smp/lib/libkcorert.a,dlsyms.c.o,__rtmsym_memchr,D,Dependency,rtos-board-dependency,RTThread/POSIX/board support dependency; not modeled as TX8 compiler ABI.
third_party/tx8_deps/tx8-yoc-rt-thread-smp/lib/libkcorert.a,dlsyms.c.o,__rtmsym_memchr_name,R,Dependency,rtos-board-dependency,RTThread/POSIX/board support dependency; not modeled as TX8 compiler ABI.
third_party/tx8_deps/tx8-yoc-rt-thread-smp/lib/libkcorert.a,dlsyms.c.o,__rtmsym_memcmp,D,Dependency,rtos-board-dependency,RTThread/POSIX/board support dependency; not modeled as TX8 compiler ABI.
third_party/tx8_deps/tx8-yoc-rt-thread-smp/lib/libkcorert.a,dlsyms.c.o,__rtmsym_memcmp_name,R,Dependency,rtos-board-dependency,RTThread/POSIX/board support dependency; not modeled as TX8 compiler ABI.
third_party/tx8_deps/tx8-yoc-rt-thread-smp/lib/libkcorert.a,dlsyms.c.o,__rtmsym_memcpy,D,Dependency,rtos-board-dependency,RTThread/POSIX/board support dependency; not modeled as TX8 compiler ABI.
third_party/tx8_deps/tx8-yoc-rt-thread-smp/lib/libkcorert.a,dlsyms.c.o,__rtmsym_memcpy_name,R,Dependency,rtos-board-dependency,RTThread/POSIX/board support dependency; not modeled as TX8 compiler ABI.
third_party/tx8_deps/tx8-yoc-rt-thread-smp/lib/libkcorert.a,dlsyms.c.o,__rtmsym_memmove,D,Dependency,rtos-board-dependency,RTThread/POSIX/board support dependency; not modeled as TX8 compiler ABI.
third_party/tx8_deps/tx8-yoc-rt-thread-smp/lib/libkcorert.a,dlsyms.c.o,__rtmsym_memmove_name,R,Dependency,rtos-board-dependency,RTThread/POSIX/board support dependency; not modeled as TX8 compiler ABI.
third_party/tx8_deps/tx8-yoc-rt-thread-smp/lib/libkcorert.a,dlsyms.c.o,__rtmsym_memset,D,Dependency,rtos-board-dependency,RTThread/POSIX/board support dependency; not modeled as TX8 compiler ABI.
third_party/tx8_deps/tx8-yoc-rt-thread-smp/lib/libkcorert.a,dlsyms.c.o,__rtmsym_memset_name,R,Dependency,rtos-board-dependency,RTThread/POSIX/board support dependency; not modeled as TX8 compiler ABI.
third_party/tx8_deps/tx8-yoc-rt-thread-smp/lib/libkcorert.a,dlsyms.c.o,__rtmsym_powf,D,Dependency,rtos-board-dependency,RTThread/POSIX/board support dependency; not modeled as TX8 compiler ABI.
third_party/tx8_deps/tx8-yoc-rt-thread-smp/lib/libkcorert.a,dlsyms.c.o,__rtmsym_powf_name,R,Dependency,rtos-board-dependency,RTThread/POSIX/board support dependency; not modeled as TX8 compiler ABI.
third_party/tx8_deps/tx8-yoc-rt-thread-smp/lib/libkcorert.a,dlsyms.c.o,__rtmsym_printf,D,Dependency,rtos-board-dependency,RTThread/POSIX/board support dependency; not modeled as TX8 compiler ABI.
third_party/tx8_deps/tx8-yoc-rt-thread-smp/lib/libkcorert.a,dlsyms.c.o,__rtmsym_printf_name,R,Dependency,rtos-board-dependency,RTThread/POSIX/board support dependency; not modeled as TX8 compiler ABI.
third_party/tx8_deps/tx8-yoc-rt-thread-smp/lib/libkcorert.a,dlsyms.c.o,__rtmsym_putchar,D,Dependency,rtos-board-dependency,RTThread/POSIX/board support dependency; not modeled as TX8 compiler ABI.
third_party/tx8_deps/tx8-yoc-rt-thread-smp/lib/libkcorert.a,dlsyms.c.o,__rtmsym_putchar_name,R,Dependency,rtos-board-dependency,RTThread/POSIX/board support dependency; not modeled as TX8 compiler ABI.
third_party/tx8_deps/tx8-yoc-rt-thread-smp/lib/libkcorert.a,dlsyms.c.o,__rtmsym_puts,D,Dependency,rtos-board-dependency,RTThread/POSIX/board support dependency; not modeled as TX8 compiler ABI.
third_party/tx8_deps/tx8-yoc-rt-thread-smp/lib/libkcorert.a,dlsyms.c.o,__rtmsym_puts_name,R,Dependency,rtos-board-dependency,RTThread/POSIX/board support dependency; not modeled as TX8 compiler ABI.
third_party/tx8_deps/tx8-yoc-rt-thread-smp/lib/libkcorert.a,dlsyms.c.o,__rtmsym_rand,D,Dependency,rtos-board-dependency,RTThread/POSIX/board support dependency; not modeled as TX8 compiler ABI.
third_party/tx8_deps/tx8-yoc-rt-thread-smp/lib/libkcorert.a,dlsyms.c.o,__rtmsym_rand_name,R,Dependency,rtos-board-dependency,RTThread/POSIX/board support dependency; not modeled as TX8 compiler ABI.
third_party/tx8_deps/tx8-yoc-rt-thread-smp/lib/libkcorert.a,dlsyms.c.o,__rtmsym_setjmp,D,Dependency,rtos-board-dependency,RTThread/POSIX/board support dependency; not modeled as TX8 compiler ABI.
third_party/tx8_deps/tx8-yoc-rt-thread-smp/lib/libkcorert.a,dlsyms.c.o,__rtmsym_setjmp_name,R,Dependency,rtos-board-dependency,RTThread/POSIX/board support dependency; not modeled as TX8 compiler ABI.
third_party/tx8_deps/tx8-yoc-rt-thread-smp/lib/libkcorert.a,dlsyms.c.o,__rtmsym_snprintf,D,Dependency,rtos-board-dependency,RTThread/POSIX/board support dependency; not modeled as TX8 compiler ABI.
third_party/tx8_deps/tx8-yoc-rt-thread-smp/lib/libkcorert.a,dlsyms.c.o,__rtmsym_snprintf_name,R,Dependency,rtos-board-dependency,RTThread/POSIX/board support dependency; not modeled as TX8 compiler ABI.
third_party/tx8_deps/tx8-yoc-rt-thread-smp/lib/libkcorert.a,dlsyms.c.o,__rtmsym_sprintf,D,Dependency,rtos-board-dependency,RTThread/POSIX/board support dependency; not modeled as TX8 compiler ABI.
third_party/tx8_deps/tx8-yoc-rt-thread-smp/lib/libkcorert.a,dlsyms.c.o,__rtmsym_sprintf_name,R,Dependency,rtos-board-dependency,RTThread/POSIX/board support dependency; not modeled as TX8 compiler ABI.
third_party/tx8_deps/tx8-yoc-rt-thread-smp/lib/libkcorert.a,dlsyms.c.o,__rtmsym_strcat,D,Dependency,rtos-board-dependency,RTThread/POSIX/board support dependency; not modeled as TX8 compiler ABI.
third_party/tx8_deps/tx8-yoc-rt-thread-smp/lib/libkcorert.a,dlsyms.c.o,__rtmsym_strcat_name,R,Dependency,rtos-board-dependency,RTThread/POSIX/board support dependency; not modeled as TX8 compiler ABI.
third_party/tx8_deps/tx8-yoc-rt-thread-smp/lib/libkcorert.a,dlsyms.c.o,__rtmsym_strchr,D,Dependency,rtos-board-dependency,RTThread/POSIX/board support dependency; not modeled as TX8 compiler ABI.
third_party/tx8_deps/tx8-yoc-rt-thread-smp/lib/libkcorert.a,dlsyms.c.o,__rtmsym_strchr_name,R,Dependency,rtos-board-dependency,RTThread/POSIX/board support dependency; not modeled as TX8 compiler ABI.
third_party/tx8_deps/tx8-yoc-rt-thread-smp/lib/libkcorert.a,dlsyms.c.o,__rtmsym_strcmp,D,Dependency,rtos-board-dependency,RTThread/POSIX/board support dependency; not modeled as TX8 compiler ABI.
third_party/tx8_deps/tx8-yoc-rt-thread-smp/lib/libkcorert.a,dlsyms.c.o,__rtmsym_strcmp_name,R,Dependency,rtos-board-dependency,RTThread/POSIX/board support dependency; not modeled as TX8 compiler ABI.
third_party/tx8_deps/tx8-yoc-rt-thread-smp/lib/libkcorert.a,dlsyms.c.o,__rtmsym_strcpy,D,Dependency,rtos-board-dependency,RTThread/POSIX/board support dependency; not modeled as TX8 compiler ABI.
third_party/tx8_deps/tx8-yoc-rt-thread-smp/lib/libkcorert.a,dlsyms.c.o,__rtmsym_strcpy_name,R,Dependency,rtos-board-dependency,RTThread/POSIX/board support dependency; not modeled as TX8 compiler ABI.
third_party/tx8_deps/tx8-yoc-rt-thread-smp/lib/libkcorert.a,dlsyms.c.o,__rtmsym_strdup,D,Dependency,rtos-board-dependency,RTThread/POSIX/board support dependency; not modeled as TX8 compiler ABI.
third_party/tx8_deps/tx8-yoc-rt-thread-smp/lib/libkcorert.a,dlsyms.c.o,__rtmsym_strdup_name,R,Dependency,rtos-board-dependency,RTThread/POSIX/board support dependency; not modeled as TX8 compiler ABI.
third_party/tx8_deps/tx8-yoc-rt-thread-smp/lib/libkcorert.a,dlsyms.c.o,__rtmsym_strlen,D,Dependency,rtos-board-dependency,RTThread/POSIX/board support dependency; not modeled as TX8 compiler ABI.
third_party/tx8_deps/tx8-yoc-rt-thread-smp/lib/libkcorert.a,dlsyms.c.o,__rtmsym_strlen_name,R,Dependency,rtos-board-dependency,RTThread/POSIX/board support dependency; not modeled as TX8 compiler ABI.
third_party/tx8_deps/tx8-yoc-rt-thread-smp/lib/libkcorert.a,dlsyms.c.o,__rtmsym_strncmp,D,Dependency,rtos-board-dependency,RTThread/POSIX/board support dependency; not modeled as TX8 compiler ABI.
third_party/tx8_deps/tx8-yoc-rt-thread-smp/lib/libkcorert.a,dlsyms.c.o,__rtmsym_strncmp_name,R,Dependency,rtos-board-dependency,RTThread/POSIX/board support dependency; not modeled as TX8 compiler ABI.
third_party/tx8_deps/tx8-yoc-rt-thread-smp/lib/libkcorert.a,dlsyms.c.o,__rtmsym_strncpy,D,Dependency,rtos-board-dependency,RTThread/POSIX/board support dependency; not modeled as TX8 compiler ABI.
third_party/tx8_deps/tx8-yoc-rt-thread-smp/lib/libkcorert.a,dlsyms.c.o,__rtmsym_strncpy_name,R,Dependency,rtos-board-dependency,RTThread/POSIX/board support dependency; not modeled as TX8 compiler ABI.
third_party/tx8_deps/tx8-yoc-rt-thread-smp/lib/libkcorert.a,dlsyms.c.o,__rtmsym_strrchr,D,Dependency,rtos-board-dependency,RTThread/POSIX/board support dependency; not modeled as TX8 compiler ABI.
third_party/tx8_deps/tx8-yoc-rt-thread-smp/lib/libkcorert.a,dlsyms.c.o,__rtmsym_strrchr_name,R,Dependency,rtos-board-dependency,RTThread/POSIX/board support dependency; not modeled as TX8 compiler ABI.
third_party/tx8_deps/tx8-yoc-rt-thread-smp/lib/libkcorert.a,dlsyms.c.o,__rtmsym_strstr,D,Dependency,rtos-board-dependency,RTThread/POSIX/board support dependency; not modeled as TX8 compiler ABI.
third_party/tx8_deps/tx8-yoc-rt-thread-smp/lib/libkcorert.a,dlsyms.c.o,__rtmsym_strstr_name,R,Dependency,rtos-board-dependency,RTThread/POSIX/board support dependency; not modeled as TX8 compiler ABI.
third_party/tx8_deps/tx8-yoc-rt-thread-smp/lib/libkcorert.a,dlsyms.c.o,__rtmsym_strtol,D,Dependency,rtos-board-dependency,RTThread/POSIX/board support dependency; not modeled as TX8 compiler ABI.
third_party/tx8_deps/tx8-yoc-rt-thread-smp/lib/libkcorert.a,dlsyms.c.o,__rtmsym_strtol_name,R,Dependency,rtos-board-dependency,RTThread/POSIX/board support dependency; not modeled as TX8 compiler ABI.
third_party/tx8_deps/tx8-yoc-rt-thread-smp/lib/libkcorert.a,dlsyms.c.o,__rtmsym_strtoul,D,Dependency,rtos-board-dependency,RTThread/POSIX/board support dependency; not modeled as TX8 compiler ABI.
third_party/tx8_deps/tx8-yoc-rt-thread-smp/lib/libkcorert.a,dlsyms.c.o,__rtmsym_strtoul_name,R,Dependency,rtos-board-dependency,RTThread/POSIX/board support dependency; not modeled as TX8 compiler ABI.
third_party/tx8_deps/tx8-yoc-rt-thread-smp/lib/libkcorert.a,dlsyms.c.o,__rtmsym_tx8_kernel_printf,D,Dependency,rtos-board-dependency,RTThread/POSIX/board support dependency; not modeled as TX8 compiler ABI.
third_party/tx8_deps/tx8-yoc-rt-thread-smp/lib/libkcorert.a,dlsyms.c.o,__rtmsym_tx8_kernel_printf_name,R,Dependency,rtos-board-dependency,RTThread/POSIX/board support dependency; not modeled as TX8 compiler ABI.
third_party/tx8_deps/tx8-yoc-rt-thread-smp/lib/libkcorert.a,dlsyms.c.o,__rtmsym_tx8_kernel_vsnprintf,D,Dependency,rtos-board-dependency,RTThread/POSIX/board support dependency; not modeled as TX8 compiler ABI.
third_party/tx8_deps/tx8-yoc-rt-thread-smp/lib/libkcorert.a,dlsyms.c.o,__rtmsym_tx8_kernel_vsnprintf_name,R,Dependency,rtos-board-dependency,RTThread/POSIX/board support dependency; not modeled as TX8 compiler ABI.
third_party/tx8_deps/tx8-yoc-rt-thread-smp/lib/libkcorert.a,dma.c.o,csi_dma_ch_alloc,T,Dependency,rtos-board-dependency,RTThread/POSIX/board support dependency; not modeled as TX8 compiler ABI.
third_party/tx8_deps/tx8-yoc-rt-thread-smp/lib/libkcorert.a,dma.c.o,csi_dma_ch_attach_callback,T,Dependency,rtos-board-dependency,RTThread/POSIX/board support dependency; not modeled as TX8 compiler ABI.
third_party/tx8_deps/tx8-yoc-rt-thread-smp/lib/libkcorert.a,dma.c.o,csi_dma_ch_config,T,Dependency,rtos-board-dependency,RTThread/POSIX/board support dependency; not modeled as TX8 compiler ABI.
third_party/tx8_deps/tx8-yoc-rt-thread-smp/lib/libkcorert.a,dma.c.o,csi_dma_ch_detach_callback,T,Dependency,rtos-board-dependency,RTThread/POSIX/board support dependency; not modeled as TX8 compiler ABI.
third_party/tx8_deps/tx8-yoc-rt-thread-smp/lib/libkcorert.a,dma.c.o,csi_dma_ch_free,T,Dependency,rtos-board-dependency,RTThread/POSIX/board support dependency; not modeled as TX8 compiler ABI.
third_party/tx8_deps/tx8-yoc-rt-thread-smp/lib/libkcorert.a,dma.c.o,csi_dma_ch_start,T,Dependency,rtos-board-dependency,RTThread/POSIX/board support dependency; not modeled as TX8 compiler ABI.
third_party/tx8_deps/tx8-yoc-rt-thread-smp/lib/libkcorert.a,dma.c.o,csi_dma_ch_stop,T,Dependency,rtos-board-dependency,RTThread/POSIX/board support dependency; not modeled as TX8 compiler ABI.
third_party/tx8_deps/tx8-yoc-rt-thread-smp/lib/libkcorert.a,dma.c.o,csi_dma_init,T,Dependency,rtos-board-dependency,RTThread/POSIX/board support dependency; not modeled as TX8 compiler ABI.
third_party/tx8_deps/tx8-yoc-rt-thread-smp/lib/libkcorert.a,dma.c.o,csi_dma_uninit,T,Dependency,rtos-board-dependency,RTThread/POSIX/board support dependency; not modeled as TX8 compiler ABI.
third_party/tx8_deps/tx8-yoc-rt-thread-smp/lib/libkcorert.a,dma.c.o,dma_array,B,Dependency,rtos-board-dependency,RTThread/POSIX/board support dependency; not modeled as TX8 compiler ABI.
third_party/tx8_deps/tx8-yoc-rt-thread-smp/lib/libkcorert.a,dma.c.o,dw_dma_irq_handler,T,Dependency,rtos-board-dependency,RTThread/POSIX/board support dependency; not modeled as TX8 compiler ABI.
third_party/tx8_deps/tx8-yoc-rt-thread-smp/lib/libkcorert.a,dma.c.o,inited_ctrl_num,b,Dependency,rtos-board-dependency,RTThread/POSIX/board support dependency; not modeled as TX8 compiler ABI.
third_party/tx8_deps/tx8-yoc-rt-thread-smp/lib/libkcorert.a,dw_uart_ll.c.o,dw_uart_config_baudrate,T,Dependency,rtos-board-dependency,RTThread/POSIX/board support dependency; not modeled as TX8 compiler ABI.
third_party/tx8_deps/tx8-yoc-rt-thread-smp/lib/libkcorert.a,dw_uart_ll.c.o,dw_uart_config_data_bits,T,Dependency,rtos-board-dependency,RTThread/POSIX/board support dependency; not modeled as TX8 compiler ABI.
third_party/tx8_deps/tx8-yoc-rt-thread-smp/lib/libkcorert.a,dw_uart_ll.c.o,dw_uart_config_parity_even,T,Dependency,rtos-board-dependency,RTThread/POSIX/board support dependency; not modeled as TX8 compiler ABI.
third_party/tx8_deps/tx8-yoc-rt-thread-smp/lib/libkcorert.a,dw_uart_ll.c.o,dw_uart_config_parity_none,T,Dependency,rtos-board-dependency,RTThread/POSIX/board support dependency; not modeled as TX8 compiler ABI.
third_party/tx8_deps/tx8-yoc-rt-thread-smp/lib/libkcorert.a,dw_uart_ll.c.o,dw_uart_config_parity_odd,T,Dependency,rtos-board-dependency,RTThread/POSIX/board support dependency; not modeled as TX8 compiler ABI.
third_party/tx8_deps/tx8-yoc-rt-thread-smp/lib/libkcorert.a,dw_uart_ll.c.o,dw_uart_config_stop_bits,T,Dependency,rtos-board-dependency,RTThread/POSIX/board support dependency; not modeled as TX8 compiler ABI.
third_party/tx8_deps/tx8-yoc-rt-thread-smp/lib/libkcorert.a,dw_uart_ll.c.o,dw_uart_wait_idle,T,Dependency,rtos-board-dependency,RTThread/POSIX/board support dependency; not modeled as TX8 compiler ABI.
third_party/tx8_deps/tx8-yoc-rt-thread-smp/lib/libkcorert.a,dw_uart_ll.c.o,dw_uart_wait_timeout,T,Dependency,rtos-board-dependency,RTThread/POSIX/board support dependency; not modeled as TX8 compiler ABI.
third_party/tx8_deps/tx8-yoc-rt-thread-smp/lib/libkcorert.a,dyn.c.o,__func__.0,r,Dependency,rtos-board-dependency,RTThread/POSIX/board support dependency; not modeled as TX8 compiler ABI.
third_party/tx8_deps/tx8-yoc-rt-thread-smp/lib/libkcorert.a,dyn.c.o,__func__.1,r,Dependency,rtos-board-dependency,RTThread/POSIX/board support dependency; not modeled as TX8 compiler ABI.
third_party/tx8_deps/tx8-yoc-rt-thread-smp/lib/libkcorert.a,dyn.c.o,__func__.2,r,Dependency,rtos-board-dependency,RTThread/POSIX/board support dependency; not modeled as TX8 compiler ABI.
third_party/tx8_deps/tx8-yoc-rt-thread-smp/lib/libkcorert.a,dyn.c.o,__func__.3,r,Dependency,rtos-board-dependency,RTThread/POSIX/board support dependency; not modeled as TX8 compiler ABI.
third_party/tx8_deps/tx8-yoc-rt-thread-smp/lib/libkcorert.a,dyn.c.o,__func__.4,r,Dependency,rtos-board-dependency,RTThread/POSIX/board support dependency; not modeled as TX8 compiler ABI.
third_party/tx8_deps/tx8-yoc-rt-thread-smp/lib/libkcorert.a,dyn.c.o,__func__.5,r,Dependency,rtos-board-dependency,RTThread/POSIX/board support dependency; not modeled as TX8 compiler ABI.
third_party/tx8_deps/tx8-yoc-rt-thread-smp/lib/libkcorert.a,dyn.c.o,__func__.6,r,Dependency,rtos-board-dependency,RTThread/POSIX/board support dependency; not modeled as TX8 compiler ABI.
third_party/tx8_deps/tx8-yoc-rt-thread-smp/lib/libkcorert.a,dyn.c.o,buffer_custom,b,Dependency,rtos-board-dependency,RTThread/POSIX/board support dependency; not modeled as TX8 compiler ABI.
third_party/tx8_deps/tx8-yoc-rt-thread-smp/lib/libkcorert.a,dyn.c.o,custom_load,T,Dependency,rtos-board-dependency,RTThread/POSIX/board support dependency; not modeled as TX8 compiler ABI.
third_party/tx8_deps/tx8-yoc-rt-thread-smp/lib/libkcorert.a,dyn.c.o,custom_unload,T,Dependency,rtos-board-dependency,RTThread/POSIX/board support dependency; not modeled as TX8 compiler ABI.
third_party/tx8_deps/tx8-yoc-rt-thread-smp/lib/libkcorert.a,dyn.c.o,dlmodule_destroy_custom,T,Dependency,rtos-board-dependency,RTThread/POSIX/board support dependency; not modeled as TX8 compiler ABI.
third_party/tx8_deps/tx8-yoc-rt-thread-smp/lib/libkcorert.a,dyn.c.o,dyn_time1,B,Dependency,rtos-board-dependency,RTThread/POSIX/board support dependency; not modeled as TX8 compiler ABI.
third_party/tx8_deps/tx8-yoc-rt-thread-smp/lib/libkcorert.a,dyn.c.o,dyn_time2,B,Dependency,rtos-board-dependency,RTThread/POSIX/board support dependency; not modeled as TX8 compiler ABI.
third_party/tx8_deps/tx8-yoc-rt-thread-smp/lib/libkcorert.a,dyn.c.o,dynlib_init,T,Dependency,rtos-board-dependency,RTThread/POSIX/board support dependency; not modeled as TX8 compiler ABI.
third_party/tx8_deps/tx8-yoc-rt-thread-smp/lib/libkcorert.a,dyn.c.o,dynlib_load_module,T,Dependency,rtos-board-dependency,RTThread/POSIX/board support dependency; not modeled as TX8 compiler ABI.
third_party/tx8_deps/tx8-yoc-rt-thread-smp/lib/libkcorert.a,dyn.c.o,dynlib_run_module,T,Dependency,rtos-board-dependency,RTThread/POSIX/board support dependency; not modeled as TX8 compiler ABI.
third_party/tx8_deps/tx8-yoc-rt-thread-smp/lib/libkcorert.a,dyn.c.o,dynlib_unload_all_modules,T,Dependency,rtos-board-dependency,RTThread/POSIX/board support dependency; not modeled as TX8 compiler ABI.
third_party/tx8_deps/tx8-yoc-rt-thread-smp/lib/libkcorert.a,dyn.c.o,dynlib_unload_module,T,Dependency,rtos-board-dependency,RTThread/POSIX/board support dependency; not modeled as TX8 compiler ABI.
third_party/tx8_deps/tx8-yoc-rt-thread-smp/lib/libkcorert.a,dyn.c.o,dynlib_update_module,T,Dependency,rtos-board-dependency,RTThread/POSIX/board support dependency; not modeled as TX8 compiler ABI.
third_party/tx8_deps/tx8-yoc-rt-thread-smp/lib/libkcorert.a,dyn.c.o,g_dyn_func_list,b,Dependency,rtos-board-dependency,RTThread/POSIX/board support dependency; not modeled as TX8 compiler ABI.
third_party/tx8_deps/tx8-yoc-rt-thread-smp/lib/libkcorert.a,dyn.c.o,run_module_end_count,b,Dependency,rtos-board-dependency,RTThread/POSIX/board support dependency; not modeled as TX8 compiler ABI.
third_party/tx8_deps/tx8-yoc-rt-thread-smp/lib/libkcorert.a,dyn.c.o,run_module_start_count,b,Dependency,rtos-board-dependency,RTThread/POSIX/board support dependency; not modeled as TX8 compiler ABI.
third_party/tx8_deps/tx8-yoc-rt-thread-smp/lib/libkcorert.a,dyn.c.o,str_lib,D,Dependency,rtos-board-dependency,RTThread/POSIX/board support dependency; not modeled as TX8 compiler ABI.
third_party/tx8_deps/tx8-yoc-rt-thread-smp/lib/libkcorert.a,dyn.c.o,g_pmu_buf_addr,b,HardwareVerify,hardware-measured-runtime,Static ABI is documented; timing/state semantics require board verification.
third_party/tx8_deps/tx8-yoc-rt-thread-smp/lib/libkcorert.a,dyn.c.o,g_pmu_buf_size,b,HardwareVerify,hardware-measured-runtime,Static ABI is documented; timing/state semantics require board verification.
third_party/tx8_deps/tx8-yoc-rt-thread-smp/lib/libkcorert.a,dyn.c.o,g_pmu_buf_wptr,b,HardwareVerify,hardware-measured-runtime,Static ABI is documented; timing/state semantics require board verification.
third_party/tx8_deps/tx8-yoc-rt-thread-smp/lib/libkcorert.a,dyn.c.o,g_pmu_prof_type,b,HardwareVerify,hardware-measured-runtime,Static ABI is documented; timing/state semantics require board verification.
third_party/tx8_deps/tx8-yoc-rt-thread-smp/lib/libkcorert.a,enviro.c.o,CSWTCH.12,r,Dependency,rtos-board-dependency,RTThread/POSIX/board support dependency; not modeled as TX8 compiler ABI.
third_party/tx8_deps/tx8-yoc-rt-thread-smp/lib/libkcorert.a,enviro.c.o,clearenv,T,Dependency,rtos-board-dependency,RTThread/POSIX/board support dependency; not modeled as TX8 compiler ABI.
third_party/tx8_deps/tx8-yoc-rt-thread-smp/lib/libkcorert.a,enviro.c.o,confstr,T,Dependency,rtos-board-dependency,RTThread/POSIX/board support dependency; not modeled as TX8 compiler ABI.
third_party/tx8_deps/tx8-yoc-rt-thread-smp/lib/libkcorert.a,enviro.c.o,g_enviro_mutex,d,Dependency,rtos-board-dependency,RTThread/POSIX/board support dependency; not modeled as TX8 compiler ABI.
third_party/tx8_deps/tx8-yoc-rt-thread-smp/lib/libkcorert.a,enviro.c.o,g_penviron,b,Dependency,rtos-board-dependency,RTThread/POSIX/board support dependency; not modeled as TX8 compiler ABI.
third_party/tx8_deps/tx8-yoc-rt-thread-smp/lib/libkcorert.a,enviro.c.o,getenv,T,Dependency,rtos-board-dependency,RTThread/POSIX/board support dependency; not modeled as TX8 compiler ABI.
third_party/tx8_deps/tx8-yoc-rt-thread-smp/lib/libkcorert.a,enviro.c.o,putenv,T,Dependency,rtos-board-dependency,RTThread/POSIX/board support dependency; not modeled as TX8 compiler ABI.
third_party/tx8_deps/tx8-yoc-rt-thread-smp/lib/libkcorert.a,enviro.c.o,setenv,T,Dependency,rtos-board-dependency,RTThread/POSIX/board support dependency; not modeled as TX8 compiler ABI.
third_party/tx8_deps/tx8-yoc-rt-thread-smp/lib/libkcorert.a,enviro.c.o,sysconf,T,Dependency,rtos-board-dependency,RTThread/POSIX/board support dependency; not modeled as TX8 compiler ABI.
third_party/tx8_deps/tx8-yoc-rt-thread-smp/lib/libkcorert.a,enviro.c.o,uname,T,Dependency,rtos-board-dependency,RTThread/POSIX/board support dependency; not modeled as TX8 compiler ABI.
third_party/tx8_deps/tx8-yoc-rt-thread-smp/lib/libkcorert.a,enviro.c.o,unsetenv,T,Dependency,rtos-board-dependency,RTThread/POSIX/board support dependency; not modeled as TX8 compiler ABI.
third_party/tx8_deps/tx8-yoc-rt-thread-smp/lib/libkcorert.a,evtloop_device.c.o,dev_pri,b,Dependency,rtos-board-dependency,RTThread/POSIX/board support dependency; not modeled as TX8 compiler ABI.
third_party/tx8_deps/tx8-yoc-rt-thread-smp/lib/libkcorert.a,evtloop_device.c.o,event_poll,T,Dependency,rtos-board-dependency,RTThread/POSIX/board support dependency; not modeled as TX8 compiler ABI.
third_party/tx8_deps/tx8-yoc-rt-thread-smp/lib/libkcorert.a,evtloop_device.c.o,event_read,T,Dependency,rtos-board-dependency,RTThread/POSIX/board support dependency; not modeled as TX8 compiler ABI.
third_party/tx8_deps/tx8-yoc-rt-thread-smp/lib/libkcorert.a,evtloop_device.c.o,event_write,T,Dependency,rtos-board-dependency,RTThread/POSIX/board support dependency; not modeled as TX8 compiler ABI.
third_party/tx8_deps/tx8-yoc-rt-thread-smp/lib/libkcorert.a,evtloop_device.c.o,eventloop_local_event_deinit,T,Dependency,rtos-board-dependency,RTThread/POSIX/board support dependency; not modeled as TX8 compiler ABI.
third_party/tx8_deps/tx8-yoc-rt-thread-smp/lib/libkcorert.a,evtloop_device.c.o,eventloop_local_event_init,T,Dependency,rtos-board-dependency,RTThread/POSIX/board support dependency; not modeled as TX8 compiler ABI.
third_party/tx8_deps/tx8-yoc-rt-thread-smp/lib/libkcorert.a,evtloop_event.c.o,aos_post_event,T,Dependency,rtos-board-dependency,RTThread/POSIX/board support dependency; not modeled as TX8 compiler ABI.
third_party/tx8_deps/tx8-yoc-rt-thread-smp/lib/libkcorert.a,evtloop_event.c.o,aos_register_event_filter,T,Dependency,rtos-board-dependency,RTThread/POSIX/board support dependency; not modeled as TX8 compiler ABI.
third_party/tx8_deps/tx8-yoc-rt-thread-smp/lib/libkcorert.a,evtloop_event.c.o,aos_schedule_call,T,Dependency,rtos-board-dependency,RTThread/POSIX/board support dependency; not modeled as TX8 compiler ABI.
third_party/tx8_deps/tx8-yoc-rt-thread-smp/lib/libkcorert.a,evtloop_event.c.o,aos_unregister_event_filter,T,Dependency,rtos-board-dependency,RTThread/POSIX/board support dependency; not modeled as TX8 compiler ABI.
third_party/tx8_deps/tx8-yoc-rt-thread-smp/lib/libkcorert.a,evtloop_event.c.o,event_read_cb,T,Dependency,rtos-board-dependency,RTThread/POSIX/board support dependency; not modeled as TX8 compiler ABI.
third_party/tx8_deps/tx8-yoc-rt-thread-smp/lib/libkcorert.a,evtloop_event.c.o,g_current_event_cb,B,Dependency,rtos-board-dependency,RTThread/POSIX/board support dependency; not modeled as TX8 compiler ABI.
third_party/tx8_deps/tx8-yoc-rt-thread-smp/lib/libkcorert.a,evtloop_event.c.o,g_local_event_list,d,Dependency,rtos-board-dependency,RTThread/POSIX/board support dependency; not modeled as TX8 compiler ABI.
third_party/tx8_deps/tx8-yoc-rt-thread-smp/lib/libkcorert.a,evtloop_event.c.o,yoc_eloop_unregister_listener,T,Dependency,rtos-board-dependency,RTThread/POSIX/board support dependency; not modeled as TX8 compiler ABI.
third_party/tx8_deps/tx8-yoc-rt-thread-smp/lib/libkcorert.a,evtloop_main.c.o,aos_cancel_delayed_action,T,Dependency,rtos-board-dependency,RTThread/POSIX/board support dependency; not modeled as TX8 compiler ABI.
third_party/tx8_deps/tx8-yoc-rt-thread-smp/lib/libkcorert.a,evtloop_main.c.o,aos_current_loop,T,Dependency,rtos-board-dependency,RTThread/POSIX/board support dependency; not modeled as TX8 compiler ABI.
third_party/tx8_deps/tx8-yoc-rt-thread-smp/lib/libkcorert.a,evtloop_main.c.o,aos_loop_destroy,T,Dependency,rtos-board-dependency,RTThread/POSIX/board support dependency; not modeled as TX8 compiler ABI.
third_party/tx8_deps/tx8-yoc-rt-thread-smp/lib/libkcorert.a,evtloop_main.c.o,aos_loop_exit,T,Dependency,rtos-board-dependency,RTThread/POSIX/board support dependency; not modeled as TX8 compiler ABI.
third_party/tx8_deps/tx8-yoc-rt-thread-smp/lib/libkcorert.a,evtloop_main.c.o,aos_loop_init,T,Dependency,rtos-board-dependency,RTThread/POSIX/board support dependency; not modeled as TX8 compiler ABI.
third_party/tx8_deps/tx8-yoc-rt-thread-smp/lib/libkcorert.a,evtloop_main.c.o,aos_loop_run,T,Dependency,rtos-board-dependency,RTThread/POSIX/board support dependency; not modeled as TX8 compiler ABI.
third_party/tx8_deps/tx8-yoc-rt-thread-smp/lib/libkcorert.a,evtloop_main.c.o,aos_post_delayed_action,T,Dependency,rtos-board-dependency,RTThread/POSIX/board support dependency; not modeled as TX8 compiler ABI.
third_party/tx8_deps/tx8-yoc-rt-thread-smp/lib/libkcorert.a,evtloop_main.c.o,g_main_ctx,b,Dependency,rtos-board-dependency,RTThread/POSIX/board support dependency; not modeled as TX8 compiler ABI.
third_party/tx8_deps/tx8-yoc-rt-thread-smp/lib/libkcorert.a,except.c.o,aos_except_process,T,Dependency,rtos-board-dependency,RTThread/POSIX/board support dependency; not modeled as TX8 compiler ABI.
third_party/tx8_deps/tx8-yoc-rt-thread-smp/lib/libkcorert.a,except.c.o,aos_set_except_callback,T,Dependency,rtos-board-dependency,RTThread/POSIX/board support dependency; not modeled as TX8 compiler ABI.
third_party/tx8_deps/tx8-yoc-rt-thread-smp/lib/libkcorert.a,except.c.o,aos_set_except_default,T,Dependency,rtos-board-dependency,RTThread/POSIX/board support dependency; not modeled as TX8 compiler ABI.
third_party/tx8_deps/tx8-yoc-rt-thread-smp/lib/libkcorert.a,except.c.o,except_process_function,t,Dependency,rtos-board-dependency,RTThread/POSIX/board support dependency; not modeled as TX8 compiler ABI.
third_party/tx8_deps/tx8-yoc-rt-thread-smp/lib/libkcorert.a,except.c.o,process,d,Dependency,rtos-board-dependency,RTThread/POSIX/board support dependency; not modeled as TX8 compiler ABI.
third_party/tx8_deps/tx8-yoc-rt-thread-smp/lib/libkcorert.a,exception_trap.c.o,Exception_Name,d,Dependency,rtos-board-dependency,RTThread/POSIX/board support dependency; not modeled as TX8 compiler ABI.
third_party/tx8_deps/tx8-yoc-rt-thread-smp/lib/libkcorert.a,exception_trap.c.o,__func__.0,r,Dependency,rtos-board-dependency,RTThread/POSIX/board support dependency; not modeled as TX8 compiler ABI.
third_party/tx8_deps/tx8-yoc-rt-thread-smp/lib/libkcorert.a,exception_trap.c.o,__func__.1,r,Dependency,rtos-board-dependency,RTThread/POSIX/board support dependency; not modeled as TX8 compiler ABI.
third_party/tx8_deps/tx8-yoc-rt-thread-smp/lib/libkcorert.a,exception_trap.c.o,do_exception_trap,T,Dependency,rtos-board-dependency,RTThread/POSIX/board support dependency; not modeled as TX8 compiler ABI.
third_party/tx8_deps/tx8-yoc-rt-thread-smp/lib/libkcorert.a,exception_trap.c.o,dump_regs,T,Dependency,rtos-board-dependency,RTThread/POSIX/board support dependency; not modeled as TX8 compiler ABI.
third_party/tx8_deps/tx8-yoc-rt-thread-smp/lib/libkcorert.a,fcntl.c.o,fcntl,T,Dependency,rtos-board-dependency,RTThread/POSIX/board support dependency; not modeled as TX8 compiler ABI.
third_party/tx8_deps/tx8-yoc-rt-thread-smp/lib/libkcorert.a,flash.c.o,rvm_hal_flash_erase,T,Dependency,rtos-board-dependency,RTThread/POSIX/board support dependency; not modeled as TX8 compiler ABI.
third_party/tx8_deps/tx8-yoc-rt-thread-smp/lib/libkcorert.a,flash.c.o,rvm_hal_flash_get_info,T,Dependency,rtos-board-dependency,RTThread/POSIX/board support dependency; not modeled as TX8 compiler ABI.
third_party/tx8_deps/tx8-yoc-rt-thread-smp/lib/libkcorert.a,flash.c.o,rvm_hal_flash_program,T,Dependency,rtos-board-dependency,RTThread/POSIX/board support dependency; not modeled as TX8 compiler ABI.
third_party/tx8_deps/tx8-yoc-rt-thread-smp/lib/libkcorert.a,flash.c.o,rvm_hal_flash_read,T,Dependency,rtos-board-dependency,RTThread/POSIX/board support dependency; not modeled as TX8 compiler ABI.
third_party/tx8_deps/tx8-yoc-rt-thread-smp/lib/libkcorert.a,fs.c.o,access,T,Dependency,rtos-board-dependency,RTThread/POSIX/board support dependency; not modeled as TX8 compiler ABI.
third_party/tx8_deps/tx8-yoc-rt-thread-smp/lib/libkcorert.a,fs.c.o,creat,T,Dependency,rtos-board-dependency,RTThread/POSIX/board support dependency; not modeled as TX8 compiler ABI.
third_party/tx8_deps/tx8-yoc-rt-thread-smp/lib/libkcorert.a,fs.c.o,fdatasync,T,Dependency,rtos-board-dependency,RTThread/POSIX/board support dependency; not modeled as TX8 compiler ABI.
third_party/tx8_deps/tx8-yoc-rt-thread-smp/lib/libkcorert.a,fs.c.o,fpathconf,T,Dependency,rtos-board-dependency,RTThread/POSIX/board support dependency; not modeled as TX8 compiler ABI.
third_party/tx8_deps/tx8-yoc-rt-thread-smp/lib/libkcorert.a,fs.c.o,fsync,T,Dependency,rtos-board-dependency,RTThread/POSIX/board support dependency; not modeled as TX8 compiler ABI.
third_party/tx8_deps/tx8-yoc-rt-thread-smp/lib/libkcorert.a,fs.c.o,ftruncate,T,Dependency,rtos-board-dependency,RTThread/POSIX/board support dependency; not modeled as TX8 compiler ABI.
third_party/tx8_deps/tx8-yoc-rt-thread-smp/lib/libkcorert.a,fs.c.o,getcwd,T,Dependency,rtos-board-dependency,RTThread/POSIX/board support dependency; not modeled as TX8 compiler ABI.
third_party/tx8_deps/tx8-yoc-rt-thread-smp/lib/libkcorert.a,fs.c.o,pathconf,T,Dependency,rtos-board-dependency,RTThread/POSIX/board support dependency; not modeled as TX8 compiler ABI.
third_party/tx8_deps/tx8-yoc-rt-thread-smp/lib/libkcorert.a,fs.c.o,remove,T,Dependency,rtos-board-dependency,RTThread/POSIX/board support dependency; not modeled as TX8 compiler ABI.
third_party/tx8_deps/tx8-yoc-rt-thread-smp/lib/libkcorert.a,fs.c.o,statfs,T,Dependency,rtos-board-dependency,RTThread/POSIX/board support dependency; not modeled as TX8 compiler ABI.
third_party/tx8_deps/tx8-yoc-rt-thread-smp/lib/libkcorert.a,fs.c.o,sync,T,Dependency,rtos-board-dependency,RTThread/POSIX/board support dependency; not modeled as TX8 compiler ABI.
third_party/tx8_deps/tx8-yoc-rt-thread-smp/lib/libkcorert.a,fs.c.o,truncate,T,Dependency,rtos-board-dependency,RTThread/POSIX/board support dependency; not modeled as TX8 compiler ABI.
third_party/tx8_deps/tx8-yoc-rt-thread-smp/lib/libkcorert.a,fs.c.o,utime,T,Dependency,rtos-board-dependency,RTThread/POSIX/board support dependency; not modeled as TX8 compiler ABI.
third_party/tx8_deps/tx8-yoc-rt-thread-smp/lib/libkcorert.a,gdb_stub.c.o,debug_cnt,b,Dependency,rtos-board-dependency,RTThread/POSIX/board support dependency; not modeled as TX8 compiler ABI.
third_party/tx8_deps/tx8-yoc-rt-thread-smp/lib/libkcorert.a,gdb_stub.c.o,debug_infos,b,Dependency,rtos-board-dependency,RTThread/POSIX/board support dependency; not modeled as TX8 compiler ABI.
third_party/tx8_deps/tx8-yoc-rt-thread-smp/lib/libkcorert.a,gdb_stub.c.o,debug_no,b,Dependency,rtos-board-dependency,RTThread/POSIX/board support dependency; not modeled as TX8 compiler ABI.
third_party/tx8_deps/tx8-yoc-rt-thread-smp/lib/libkcorert.a,gdb_stub.c.o,gdb_break,b,Dependency,rtos-board-dependency,RTThread/POSIX/board support dependency; not modeled as TX8 compiler ABI.
third_party/tx8_deps/tx8-yoc-rt-thread-smp/lib/libkcorert.a,gdb_stub.c.o,gdb_cmd_query.constprop.0,t,Dependency,rtos-board-dependency,RTThread/POSIX/board support dependency; not modeled as TX8 compiler ABI.
third_party/tx8_deps/tx8-yoc-rt-thread-smp/lib/libkcorert.a,gdb_stub.c.o,gdb_connected,B,Dependency,rtos-board-dependency,RTThread/POSIX/board support dependency; not modeled as TX8 compiler ABI.
third_party/tx8_deps/tx8-yoc-rt-thread-smp/lib/libkcorert.a,gdb_stub.c.o,gdb_console_write,T,Dependency,rtos-board-dependency,RTThread/POSIX/board support dependency; not modeled as TX8 compiler ABI.
third_party/tx8_deps/tx8-yoc-rt-thread-smp/lib/libkcorert.a,gdb_stub.c.o,gdb_contthread,B,Dependency,rtos-board-dependency,RTThread/POSIX/board support dependency; not modeled as TX8 compiler ABI.
third_party/tx8_deps/tx8-yoc-rt-thread-smp/lib/libkcorert.a,gdb_stub.c.o,gdb_ebin2mem,T,Dependency,rtos-board-dependency,RTThread/POSIX/board support dependency; not modeled as TX8 compiler ABI.
third_party/tx8_deps/tx8-yoc-rt-thread-smp/lib/libkcorert.a,gdb_stub.c.o,gdb_handle_exception,T,Dependency,rtos-board-dependency,RTThread/POSIX/board support dependency; not modeled as TX8 compiler ABI.
third_party/tx8_deps/tx8-yoc-rt-thread-smp/lib/libkcorert.a,gdb_stub.c.o,gdb_hex2long,T,Dependency,rtos-board-dependency,RTThread/POSIX/board support dependency; not modeled as TX8 compiler ABI.
third_party/tx8_deps/tx8-yoc-rt-thread-smp/lib/libkcorert.a,gdb_stub.c.o,gdb_hex2mem,T,Dependency,rtos-board-dependency,RTThread/POSIX/board support dependency; not modeled as TX8 compiler ABI.
third_party/tx8_deps/tx8-yoc-rt-thread-smp/lib/libkcorert.a,gdb_stub.c.o,gdb_isremovedbreak,T,Dependency,rtos-board-dependency,RTThread/POSIX/board support dependency; not modeled as TX8 compiler ABI.
third_party/tx8_deps/tx8-yoc-rt-thread-smp/lib/libkcorert.a,gdb_stub.c.o,gdb_isswbreak,T,Dependency,rtos-board-dependency,RTThread/POSIX/board support dependency; not modeled as TX8 compiler ABI.
third_party/tx8_deps/tx8-yoc-rt-thread-smp/lib/libkcorert.a,gdb_stub.c.o,gdb_long2hex,T,Dependency,rtos-board-dependency,RTThread/POSIX/board support dependency; not modeled as TX8 compiler ABI.
third_party/tx8_deps/tx8-yoc-rt-thread-smp/lib/libkcorert.a,gdb_stub.c.o,gdb_mem2hex,T,Dependency,rtos-board-dependency,RTThread/POSIX/board support dependency; not modeled as TX8 compiler ABI.
third_party/tx8_deps/tx8-yoc-rt-thread-smp/lib/libkcorert.a,gdb_stub.c.o,gdb_mem_fault_handler,B,Dependency,rtos-board-dependency,RTThread/POSIX/board support dependency; not modeled as TX8 compiler ABI.
third_party/tx8_deps/tx8-yoc-rt-thread-smp/lib/libkcorert.a,gdb_stub.c.o,gdb_process_exception,T,Dependency,rtos-board-dependency,RTThread/POSIX/board support dependency; not modeled as TX8 compiler ABI.
third_party/tx8_deps/tx8-yoc-rt-thread-smp/lib/libkcorert.a,gdb_stub.c.o,gdb_regs,b,Dependency,rtos-board-dependency,RTThread/POSIX/board support dependency; not modeled as TX8 compiler ABI.
third_party/tx8_deps/tx8-yoc-rt-thread-smp/lib/libkcorert.a,gdb_stub.c.o,gdb_remove_sw_break,T,Dependency,rtos-board-dependency,RTThread/POSIX/board support dependency; not modeled as TX8 compiler ABI.
third_party/tx8_deps/tx8-yoc-rt-thread-smp/lib/libkcorert.a,gdb_stub.c.o,gdb_set_sw_break,T,Dependency,rtos-board-dependency,RTThread/POSIX/board support dependency; not modeled as TX8 compiler ABI.
third_party/tx8_deps/tx8-yoc-rt-thread-smp/lib/libkcorert.a,gdb_stub.c.o,gdb_usethread,B,Dependency,rtos-board-dependency,RTThread/POSIX/board support dependency; not modeled as TX8 compiler ABI.
third_party/tx8_deps/tx8-yoc-rt-thread-smp/lib/libkcorert.a,gdb_stub.c.o,gdbmsgbuf,b,Dependency,rtos-board-dependency,RTThread/POSIX/board support dependency; not modeled as TX8 compiler ABI.
third_party/tx8_deps/tx8-yoc-rt-thread-smp/lib/libkcorert.a,gdb_stub.c.o,get_threads,t,Dependency,rtos-board-dependency,RTThread/POSIX/board support dependency; not modeled as TX8 compiler ABI.
third_party/tx8_deps/tx8-yoc-rt-thread-smp/lib/libkcorert.a,gdb_stub.c.o,gs,B,Dependency,rtos-board-dependency,RTThread/POSIX/board support dependency; not modeled as TX8 compiler ABI.
third_party/tx8_deps/tx8-yoc-rt-thread-smp/lib/libkcorert.a,gdb_stub.c.o,hexchars,r,Dependency,rtos-board-dependency,RTThread/POSIX/board support dependency; not modeled as TX8 compiler ABI.
third_party/tx8_deps/tx8-yoc-rt-thread-smp/lib/libkcorert.a,gdb_stub.c.o,process_packet.constprop.0,t,Dependency,rtos-board-dependency,RTThread/POSIX/board support dependency; not modeled as TX8 compiler ABI.
third_party/tx8_deps/tx8-yoc-rt-thread-smp/lib/libkcorert.a,gdb_stub.c.o,put_packet,t,Dependency,rtos-board-dependency,RTThread/POSIX/board support dependency; not modeled as TX8 compiler ABI.
third_party/tx8_deps/tx8-yoc-rt-thread-smp/lib/libkcorert.a,gdb_stub.c.o,remcom_in_buffer,B,Dependency,rtos-board-dependency,RTThread/POSIX/board support dependency; not modeled as TX8 compiler ABI.
third_party/tx8_deps/tx8-yoc-rt-thread-smp/lib/libkcorert.a,gdb_stub.c.o,remcom_out_buffer,B,Dependency,rtos-board-dependency,RTThread/POSIX/board support dependency; not modeled as TX8 compiler ABI.
third_party/tx8_deps/tx8-yoc-rt-thread-smp/lib/libkcorert.a,gdb_stub.c.o,tmpstr.0,b,Dependency,rtos-board-dependency,RTThread/POSIX/board support dependency; not modeled as TX8 compiler ABI.
third_party/tx8_deps/tx8-yoc-rt-thread-smp/lib/libkcorert.a,gdb_stub.c.o,write_mem_msg,t,Dependency,rtos-board-dependency,RTThread/POSIX/board support dependency; not modeled as TX8 compiler ABI.
third_party/tx8_deps/tx8-yoc-rt-thread-smp/lib/libkcorert.a,gnss.c.o,rvm_hal_gnss_getinfo,T,Dependency,rtos-board-dependency,RTThread/POSIX/board support dependency; not modeled as TX8 compiler ABI.
third_party/tx8_deps/tx8-yoc-rt-thread-smp/lib/libkcorert.a,gpio.c.o,csi_gpio_attach_callback,T,Dependency,rtos-board-dependency,RTThread/POSIX/board support dependency; not modeled as TX8 compiler ABI.
third_party/tx8_deps/tx8-yoc-rt-thread-smp/lib/libkcorert.a,gpio.c.o,csi_gpio_debonce,T,Dependency,rtos-board-dependency,RTThread/POSIX/board support dependency; not modeled as TX8 compiler ABI.
third_party/tx8_deps/tx8-yoc-rt-thread-smp/lib/libkcorert.a,gpio.c.o,csi_gpio_detach_callback,T,Dependency,rtos-board-dependency,RTThread/POSIX/board support dependency; not modeled as TX8 compiler ABI.
third_party/tx8_deps/tx8-yoc-rt-thread-smp/lib/libkcorert.a,gpio.c.o,csi_gpio_dir,T,Dependency,rtos-board-dependency,RTThread/POSIX/board support dependency; not modeled as TX8 compiler ABI.
third_party/tx8_deps/tx8-yoc-rt-thread-smp/lib/libkcorert.a,gpio.c.o,csi_gpio_init,T,Dependency,rtos-board-dependency,RTThread/POSIX/board support dependency; not modeled as TX8 compiler ABI.
third_party/tx8_deps/tx8-yoc-rt-thread-smp/lib/libkcorert.a,gpio.c.o,csi_gpio_irq_enable,T,Dependency,rtos-board-dependency,RTThread/POSIX/board support dependency; not modeled as TX8 compiler ABI.
third_party/tx8_deps/tx8-yoc-rt-thread-smp/lib/libkcorert.a,gpio.c.o,csi_gpio_irq_mode,T,Dependency,rtos-board-dependency,RTThread/POSIX/board support dependency; not modeled as TX8 compiler ABI.
third_party/tx8_deps/tx8-yoc-rt-thread-smp/lib/libkcorert.a,gpio.c.o,csi_gpio_mode,T,Dependency,rtos-board-dependency,RTThread/POSIX/board support dependency; not modeled as TX8 compiler ABI.
third_party/tx8_deps/tx8-yoc-rt-thread-smp/lib/libkcorert.a,gpio.c.o,csi_gpio_read,T,Dependency,rtos-board-dependency,RTThread/POSIX/board support dependency; not modeled as TX8 compiler ABI.
third_party/tx8_deps/tx8-yoc-rt-thread-smp/lib/libkcorert.a,gpio.c.o,csi_gpio_toggle,T,Dependency,rtos-board-dependency,RTThread/POSIX/board support dependency; not modeled as TX8 compiler ABI.
third_party/tx8_deps/tx8-yoc-rt-thread-smp/lib/libkcorert.a,gpio.c.o,csi_gpio_uninit,T,Dependency,rtos-board-dependency,RTThread/POSIX/board support dependency; not modeled as TX8 compiler ABI.
third_party/tx8_deps/tx8-yoc-rt-thread-smp/lib/libkcorert.a,gpio.c.o,csi_gpio_write,T,Dependency,rtos-board-dependency,RTThread/POSIX/board support dependency; not modeled as TX8 compiler ABI.
third_party/tx8_deps/tx8-yoc-rt-thread-smp/lib/libkcorert.a,gpio.c.o,dw_gpio_irqhandler,t,Dependency,rtos-board-dependency,RTThread/POSIX/board support dependency; not modeled as TX8 compiler ABI.
third_party/tx8_deps/tx8-yoc-rt-thread-smp/lib/libkcorert.a,gpio_pin.c.o,csi_gpio_pin_attach_callback,T,Dependency,rtos-board-dependency,RTThread/POSIX/board support dependency; not modeled as TX8 compiler ABI.
third_party/tx8_deps/tx8-yoc-rt-thread-smp/lib/libkcorert.a,gpio_pin.c.o,csi_gpio_pin_debounce,T,Dependency,rtos-board-dependency,RTThread/POSIX/board support dependency; not modeled as TX8 compiler ABI.
third_party/tx8_deps/tx8-yoc-rt-thread-smp/lib/libkcorert.a,gpio_pin.c.o,csi_gpio_pin_dir,T,Dependency,rtos-board-dependency,RTThread/POSIX/board support dependency; not modeled as TX8 compiler ABI.
third_party/tx8_deps/tx8-yoc-rt-thread-smp/lib/libkcorert.a,gpio_pin.c.o,csi_gpio_pin_init,T,Dependency,rtos-board-dependency,RTThread/POSIX/board support dependency; not modeled as TX8 compiler ABI.
third_party/tx8_deps/tx8-yoc-rt-thread-smp/lib/libkcorert.a,gpio_pin.c.o,csi_gpio_pin_irq_enable,T,Dependency,rtos-board-dependency,RTThread/POSIX/board support dependency; not modeled as TX8 compiler ABI.
third_party/tx8_deps/tx8-yoc-rt-thread-smp/lib/libkcorert.a,gpio_pin.c.o,csi_gpio_pin_irq_mode,T,Dependency,rtos-board-dependency,RTThread/POSIX/board support dependency; not modeled as TX8 compiler ABI.
third_party/tx8_deps/tx8-yoc-rt-thread-smp/lib/libkcorert.a,gpio_pin.c.o,csi_gpio_pin_mode,T,Dependency,rtos-board-dependency,RTThread/POSIX/board support dependency; not modeled as TX8 compiler ABI.
third_party/tx8_deps/tx8-yoc-rt-thread-smp/lib/libkcorert.a,gpio_pin.c.o,csi_gpio_pin_read,T,Dependency,rtos-board-dependency,RTThread/POSIX/board support dependency; not modeled as TX8 compiler ABI.
third_party/tx8_deps/tx8-yoc-rt-thread-smp/lib/libkcorert.a,gpio_pin.c.o,csi_gpio_pin_toggle,T,Dependency,rtos-board-dependency,RTThread/POSIX/board support dependency; not modeled as TX8 compiler ABI.
third_party/tx8_deps/tx8-yoc-rt-thread-smp/lib/libkcorert.a,gpio_pin.c.o,csi_gpio_pin_uninit,T,Dependency,rtos-board-dependency,RTThread/POSIX/board support dependency; not modeled as TX8 compiler ABI.
third_party/tx8_deps/tx8-yoc-rt-thread-smp/lib/libkcorert.a,gpio_pin.c.o,csi_gpio_pin_write,T,Dependency,rtos-board-dependency,RTThread/POSIX/board support dependency; not modeled as TX8 compiler ABI.
third_party/tx8_deps/tx8-yoc-rt-thread-smp/lib/libkcorert.a,gpio_pin.c.o,g_gpio_manage,B,Dependency,rtos-board-dependency,RTThread/POSIX/board support dependency; not modeled as TX8 compiler ABI.
third_party/tx8_deps/tx8-yoc-rt-thread-smp/lib/libkcorert.a,gpio_pin.c.o,gpio_manage_callback,t,Dependency,rtos-board-dependency,RTThread/POSIX/board support dependency; not modeled as TX8 compiler ABI.
third_party/tx8_deps/tx8-yoc-rt-thread-smp/lib/libkcorert.a,gpiopin.c.o,rvm_hal_gpio_pin_attach_callback,T,Dependency,rtos-board-dependency,RTThread/POSIX/board support dependency; not modeled as TX8 compiler ABI.
third_party/tx8_deps/tx8-yoc-rt-thread-smp/lib/libkcorert.a,gpiopin.c.o,rvm_hal_gpio_pin_irq_enable,T,Dependency,rtos-board-dependency,RTThread/POSIX/board support dependency; not modeled as TX8 compiler ABI.
third_party/tx8_deps/tx8-yoc-rt-thread-smp/lib/libkcorert.a,gpiopin.c.o,rvm_hal_gpio_pin_open_by_pin_name,T,Dependency,rtos-board-dependency,RTThread/POSIX/board support dependency; not modeled as TX8 compiler ABI.
third_party/tx8_deps/tx8-yoc-rt-thread-smp/lib/libkcorert.a,gpiopin.c.o,rvm_hal_gpio_pin_output_toggle,T,Dependency,rtos-board-dependency,RTThread/POSIX/board support dependency; not modeled as TX8 compiler ABI.
third_party/tx8_deps/tx8-yoc-rt-thread-smp/lib/libkcorert.a,gpiopin.c.o,rvm_hal_gpio_pin_read,T,Dependency,rtos-board-dependency,RTThread/POSIX/board support dependency; not modeled as TX8 compiler ABI.
third_party/tx8_deps/tx8-yoc-rt-thread-smp/lib/libkcorert.a,gpiopin.c.o,rvm_hal_gpio_pin_set_debounce,T,Dependency,rtos-board-dependency,RTThread/POSIX/board support dependency; not modeled as TX8 compiler ABI.
third_party/tx8_deps/tx8-yoc-rt-thread-smp/lib/libkcorert.a,gpiopin.c.o,rvm_hal_gpio_pin_set_direction,T,Dependency,rtos-board-dependency,RTThread/POSIX/board support dependency; not modeled as TX8 compiler ABI.
third_party/tx8_deps/tx8-yoc-rt-thread-smp/lib/libkcorert.a,gpiopin.c.o,rvm_hal_gpio_pin_set_irq_mode,T,Dependency,rtos-board-dependency,RTThread/POSIX/board support dependency; not modeled as TX8 compiler ABI.
third_party/tx8_deps/tx8-yoc-rt-thread-smp/lib/libkcorert.a,gpiopin.c.o,rvm_hal_gpio_pin_set_mode,T,Dependency,rtos-board-dependency,RTThread/POSIX/board support dependency; not modeled as TX8 compiler ABI.
third_party/tx8_deps/tx8-yoc-rt-thread-smp/lib/libkcorert.a,gpiopin.c.o,rvm_hal_gpio_pin_write,T,Dependency,rtos-board-dependency,RTThread/POSIX/board support dependency; not modeled as TX8 compiler ABI.
third_party/tx8_deps/tx8-yoc-rt-thread-smp/lib/libkcorert.a,hal_stub.c.o,gdb_dev,b,Dependency,rtos-board-dependency,RTThread/POSIX/board support dependency; not modeled as TX8 compiler ABI.
third_party/tx8_deps/tx8-yoc-rt-thread-smp/lib/libkcorert.a,hal_stub.c.o,gdb_get_device,T,Dependency,rtos-board-dependency,RTThread/POSIX/board support dependency; not modeled as TX8 compiler ABI.
third_party/tx8_deps/tx8-yoc-rt-thread-smp/lib/libkcorert.a,hal_stub.c.o,gdb_io_ops,D,Dependency,rtos-board-dependency,RTThread/POSIX/board support dependency; not modeled as TX8 compiler ABI.
third_party/tx8_deps/tx8-yoc-rt-thread-smp/lib/libkcorert.a,hal_stub.c.o,gdb_set_device,T,Dependency,rtos-board-dependency,RTThread/POSIX/board support dependency; not modeled as TX8 compiler ABI.
third_party/tx8_deps/tx8-yoc-rt-thread-smp/lib/libkcorert.a,hal_stub.c.o,gdb_set_iofunc,T,Dependency,rtos-board-dependency,RTThread/POSIX/board support dependency; not modeled as TX8 compiler ABI.
third_party/tx8_deps/tx8-yoc-rt-thread-smp/lib/libkcorert.a,hal_stub.c.o,gdb_start,T,Dependency,rtos-board-dependency,RTThread/POSIX/board support dependency; not modeled as TX8 compiler ABI.
third_party/tx8_deps/tx8-yoc-rt-thread-smp/lib/libkcorert.a,hal_stub.c.o,gdb_uart_getc,T,Dependency,rtos-board-dependency,RTThread/POSIX/board support dependency; not modeled as TX8 compiler ABI.
third_party/tx8_deps/tx8-yoc-rt-thread-smp/lib/libkcorert.a,hal_stub.c.o,gdb_uart_putc,T,Dependency,rtos-board-dependency,RTThread/POSIX/board support dependency; not modeled as TX8 compiler ABI.
third_party/tx8_deps/tx8-yoc-rt-thread-smp/lib/libkcorert.a,hash.c.o,hash_count,T,Dependency,rtos-board-dependency,RTThread/POSIX/board support dependency; not modeled as TX8 compiler ABI.
third_party/tx8_deps/tx8-yoc-rt-thread-smp/lib/libkcorert.a,hash.c.o,hash_del,T,Dependency,rtos-board-dependency,RTThread/POSIX/board support dependency; not modeled as TX8 compiler ABI.
third_party/tx8_deps/tx8-yoc-rt-thread-smp/lib/libkcorert.a,hash.c.o,hash_get,T,Dependency,rtos-board-dependency,RTThread/POSIX/board support dependency; not modeled as TX8 compiler ABI.
third_party/tx8_deps/tx8-yoc-rt-thread-smp/lib/libkcorert.a,hash.c.o,hash_get2,T,Dependency,rtos-board-dependency,RTThread/POSIX/board support dependency; not modeled as TX8 compiler ABI.
third_party/tx8_deps/tx8-yoc-rt-thread-smp/lib/libkcorert.a,hash.c.o,hash_init,T,Dependency,rtos-board-dependency,RTThread/POSIX/board support dependency; not modeled as TX8 compiler ABI.
third_party/tx8_deps/tx8-yoc-rt-thread-smp/lib/libkcorert.a,hash.c.o,hash_iter_foreach,T,Dependency,rtos-board-dependency,RTThread/POSIX/board support dependency; not modeled as TX8 compiler ABI.
third_party/tx8_deps/tx8-yoc-rt-thread-smp/lib/libkcorert.a,hash.c.o,hash_iter_get,T,Dependency,rtos-board-dependency,RTThread/POSIX/board support dependency; not modeled as TX8 compiler ABI.
third_party/tx8_deps/tx8-yoc-rt-thread-smp/lib/libkcorert.a,hash.c.o,hash_iter_init,T,Dependency,rtos-board-dependency,RTThread/POSIX/board support dependency; not modeled as TX8 compiler ABI.
third_party/tx8_deps/tx8-yoc-rt-thread-smp/lib/libkcorert.a,hash.c.o,hash_iter_set,T,Dependency,rtos-board-dependency,RTThread/POSIX/board support dependency; not modeled as TX8 compiler ABI.
third_party/tx8_deps/tx8-yoc-rt-thread-smp/lib/libkcorert.a,hash.c.o,hash_iter_uninit,T,Dependency,rtos-board-dependency,RTThread/POSIX/board support dependency; not modeled as TX8 compiler ABI.
third_party/tx8_deps/tx8-yoc-rt-thread-smp/lib/libkcorert.a,hash.c.o,hash_key_is_valid,T,Dependency,rtos-board-dependency,RTThread/POSIX/board support dependency; not modeled as TX8 compiler ABI.
third_party/tx8_deps/tx8-yoc-rt-thread-smp/lib/libkcorert.a,hash.c.o,hash_set,T,Dependency,rtos-board-dependency,RTThread/POSIX/board support dependency; not modeled as TX8 compiler ABI.
third_party/tx8_deps/tx8-yoc-rt-thread-smp/lib/libkcorert.a,hash.c.o,hash_uninit,T,Dependency,rtos-board-dependency,RTThread/POSIX/board support dependency; not modeled as TX8 compiler ABI.
third_party/tx8_deps/tx8-yoc-rt-thread-smp/lib/libkcorert.a,hci.c.o,rvm_hal_hci_recv,T,Dependency,rtos-board-dependency,RTThread/POSIX/board support dependency; not modeled as TX8 compiler ABI.
third_party/tx8_deps/tx8-yoc-rt-thread-smp/lib/libkcorert.a,hci.c.o,rvm_hal_hci_send,T,Dependency,rtos-board-dependency,RTThread/POSIX/board support dependency; not modeled as TX8 compiler ABI.
third_party/tx8_deps/tx8-yoc-rt-thread-smp/lib/libkcorert.a,hci.c.o,rvm_hal_hci_set_event,T,Dependency,rtos-board-dependency,RTThread/POSIX/board support dependency; not modeled as TX8 compiler ABI.
third_party/tx8_deps/tx8-yoc-rt-thread-smp/lib/libkcorert.a,hci.c.o,rvm_hal_hci_start,T,Dependency,rtos-board-dependency,RTThread/POSIX/board support dependency; not modeled as TX8 compiler ABI.
third_party/tx8_deps/tx8-yoc-rt-thread-smp/lib/libkcorert.a,hook_weak.c.o,lpm_idle_hook,W,Dependency,rtos-board-dependency,RTThread/POSIX/board support dependency; not modeled as TX8 compiler ABI.
third_party/tx8_deps/tx8-yoc-rt-thread-smp/lib/libkcorert.a,hook_weak.c.o,lpm_idle_pre_hook,W,Dependency,rtos-board-dependency,RTThread/POSIX/board support dependency; not modeled as TX8 compiler ABI.
third_party/tx8_deps/tx8-yoc-rt-thread-smp/lib/libkcorert.a,i2s.c.o,rvm_hal_i2s_config,T,Dependency,rtos-board-dependency,RTThread/POSIX/board support dependency; not modeled as TX8 compiler ABI.
third_party/tx8_deps/tx8-yoc-rt-thread-smp/lib/libkcorert.a,i2s.c.o,rvm_hal_i2s_config_get,T,Dependency,rtos-board-dependency,RTThread/POSIX/board support dependency; not modeled as TX8 compiler ABI.
third_party/tx8_deps/tx8-yoc-rt-thread-smp/lib/libkcorert.a,i2s.c.o,rvm_hal_i2s_pause,T,Dependency,rtos-board-dependency,RTThread/POSIX/board support dependency; not modeled as TX8 compiler ABI.
third_party/tx8_deps/tx8-yoc-rt-thread-smp/lib/libkcorert.a,i2s.c.o,rvm_hal_i2s_recv,T,Dependency,rtos-board-dependency,RTThread/POSIX/board support dependency; not modeled as TX8 compiler ABI.
third_party/tx8_deps/tx8-yoc-rt-thread-smp/lib/libkcorert.a,i2s.c.o,rvm_hal_i2s_resume,T,Dependency,rtos-board-dependency,RTThread/POSIX/board support dependency; not modeled as TX8 compiler ABI.
third_party/tx8_deps/tx8-yoc-rt-thread-smp/lib/libkcorert.a,i2s.c.o,rvm_hal_i2s_send,T,Dependency,rtos-board-dependency,RTThread/POSIX/board support dependency; not modeled as TX8 compiler ABI.
third_party/tx8_deps/tx8-yoc-rt-thread-smp/lib/libkcorert.a,i2s.c.o,rvm_hal_i2s_stop,T,Dependency,rtos-board-dependency,RTThread/POSIX/board support dependency; not modeled as TX8 compiler ABI.
third_party/tx8_deps/tx8-yoc-rt-thread-smp/lib/libkcorert.a,idle.c.o,_defunct_spinlock,b,Dependency,rtos-board-dependency,RTThread/POSIX/board support dependency; not modeled as TX8 compiler ABI.
third_party/tx8_deps/tx8-yoc-rt-thread-smp/lib/libkcorert.a,idle.c.o,_hook_spinlock,b,Dependency,rtos-board-dependency,RTThread/POSIX/board support dependency; not modeled as TX8 compiler ABI.
third_party/tx8_deps/tx8-yoc-rt-thread-smp/lib/libkcorert.a,idle.c.o,_rt_thread_defunct,d,Dependency,rtos-board-dependency,RTThread/POSIX/board support dependency; not modeled as TX8 compiler ABI.
third_party/tx8_deps/tx8-yoc-rt-thread-smp/lib/libkcorert.a,idle.c.o,idle_hook_list,b,Dependency,rtos-board-dependency,RTThread/POSIX/board support dependency; not modeled as TX8 compiler ABI.
third_party/tx8_deps/tx8-yoc-rt-thread-smp/lib/libkcorert.a,idle.c.o,idle_thread,b,Dependency,rtos-board-dependency,RTThread/POSIX/board support dependency; not modeled as TX8 compiler ABI.
third_party/tx8_deps/tx8-yoc-rt-thread-smp/lib/libkcorert.a,idle.c.o,idle_thread_entry,t,Dependency,rtos-board-dependency,RTThread/POSIX/board support dependency; not modeled as TX8 compiler ABI.
third_party/tx8_deps/tx8-yoc-rt-thread-smp/lib/libkcorert.a,idle.c.o,idle_thread_stack,b,Dependency,rtos-board-dependency,RTThread/POSIX/board support dependency; not modeled as TX8 compiler ABI.
third_party/tx8_deps/tx8-yoc-rt-thread-smp/lib/libkcorert.a,idle.c.o,rt_system_stack,b,Dependency,rtos-board-dependency,RTThread/POSIX/board support dependency; not modeled as TX8 compiler ABI.
third_party/tx8_deps/tx8-yoc-rt-thread-smp/lib/libkcorert.a,idle.c.o,rt_system_thread,b,Dependency,rtos-board-dependency,RTThread/POSIX/board support dependency; not modeled as TX8 compiler ABI.
third_party/tx8_deps/tx8-yoc-rt-thread-smp/lib/libkcorert.a,idle.c.o,rt_thread_defunct_dequeue,T,Dependency,rtos-board-dependency,RTThread/POSIX/board support dependency; not modeled as TX8 compiler ABI.
third_party/tx8_deps/tx8-yoc-rt-thread-smp/lib/libkcorert.a,idle.c.o,rt_thread_defunct_enqueue,T,Dependency,rtos-board-dependency,RTThread/POSIX/board support dependency; not modeled as TX8 compiler ABI.
third_party/tx8_deps/tx8-yoc-rt-thread-smp/lib/libkcorert.a,idle.c.o,rt_thread_idle_delhook,T,Dependency,rtos-board-dependency,RTThread/POSIX/board support dependency; not modeled as TX8 compiler ABI.
third_party/tx8_deps/tx8-yoc-rt-thread-smp/lib/libkcorert.a,idle.c.o,rt_thread_idle_gethandler,T,Dependency,rtos-board-dependency,RTThread/POSIX/board support dependency; not modeled as TX8 compiler ABI.
third_party/tx8_deps/tx8-yoc-rt-thread-smp/lib/libkcorert.a,idle.c.o,rt_thread_idle_init,T,Dependency,rtos-board-dependency,RTThread/POSIX/board support dependency; not modeled as TX8 compiler ABI.
third_party/tx8_deps/tx8-yoc-rt-thread-smp/lib/libkcorert.a,idle.c.o,rt_thread_idle_sethook,T,Dependency,rtos-board-dependency,RTThread/POSIX/board support dependency; not modeled as TX8 compiler ABI.
third_party/tx8_deps/tx8-yoc-rt-thread-smp/lib/libkcorert.a,idle.c.o,rt_thread_system_entry,t,Dependency,rtos-board-dependency,RTThread/POSIX/board support dependency; not modeled as TX8 compiler ABI.
third_party/tx8_deps/tx8-yoc-rt-thread-smp/lib/libkcorert.a,idle.c.o,system_sem,b,Dependency,rtos-board-dependency,RTThread/POSIX/board support dependency; not modeled as TX8 compiler ABI.
third_party/tx8_deps/tx8-yoc-rt-thread-smp/lib/libkcorert.a,iic.c.o,rvm_hal_iic_config,T,Dependency,rtos-board-dependency,RTThread/POSIX/board support dependency; not modeled as TX8 compiler ABI.
third_party/tx8_deps/tx8-yoc-rt-thread-smp/lib/libkcorert.a,iic.c.o,rvm_hal_iic_config_default,T,Dependency,rtos-board-dependency,RTThread/POSIX/board support dependency; not modeled as TX8 compiler ABI.
third_party/tx8_deps/tx8-yoc-rt-thread-smp/lib/libkcorert.a,iic.c.o,rvm_hal_iic_config_get,T,Dependency,rtos-board-dependency,RTThread/POSIX/board support dependency; not modeled as TX8 compiler ABI.
third_party/tx8_deps/tx8-yoc-rt-thread-smp/lib/libkcorert.a,iic.c.o,rvm_hal_iic_master_recv,T,Dependency,rtos-board-dependency,RTThread/POSIX/board support dependency; not modeled as TX8 compiler ABI.
third_party/tx8_deps/tx8-yoc-rt-thread-smp/lib/libkcorert.a,iic.c.o,rvm_hal_iic_master_send,T,Dependency,rtos-board-dependency,RTThread/POSIX/board support dependency; not modeled as TX8 compiler ABI.
third_party/tx8_deps/tx8-yoc-rt-thread-smp/lib/libkcorert.a,iic.c.o,rvm_hal_iic_mem_read,T,Dependency,rtos-board-dependency,RTThread/POSIX/board support dependency; not modeled as TX8 compiler ABI.
third_party/tx8_deps/tx8-yoc-rt-thread-smp/lib/libkcorert.a,iic.c.o,rvm_hal_iic_mem_write,T,Dependency,rtos-board-dependency,RTThread/POSIX/board support dependency; not modeled as TX8 compiler ABI.
third_party/tx8_deps/tx8-yoc-rt-thread-smp/lib/libkcorert.a,iic.c.o,rvm_hal_iic_slave_recv,T,Dependency,rtos-board-dependency,RTThread/POSIX/board support dependency; not modeled as TX8 compiler ABI.
third_party/tx8_deps/tx8-yoc-rt-thread-smp/lib/libkcorert.a,iic.c.o,rvm_hal_iic_slave_send,T,Dependency,rtos-board-dependency,RTThread/POSIX/board support dependency; not modeled as TX8 compiler ABI.
third_party/tx8_deps/tx8-yoc-rt-thread-smp/lib/libkcorert.a,iic.c.o,rvm_hal_iic_trans_dma_enable,T,Dependency,rtos-board-dependency,RTThread/POSIX/board support dependency; not modeled as TX8 compiler ABI.
third_party/tx8_deps/tx8-yoc-rt-thread-smp/lib/libkcorert.a,input.c.o,rvm_hal_input_read,T,Dependency,rtos-board-dependency,RTThread/POSIX/board support dependency; not modeled as TX8 compiler ABI.
third_party/tx8_deps/tx8-yoc-rt-thread-smp/lib/libkcorert.a,input.c.o,rvm_hal_input_set_event,T,Dependency,rtos-board-dependency,RTThread/POSIX/board support dependency; not modeled as TX8 compiler ABI.
third_party/tx8_deps/tx8-yoc-rt-thread-smp/lib/libkcorert.a,input.c.o,rvm_hal_input_unset_event,T,Dependency,rtos-board-dependency,RTThread/POSIX/board support dependency; not modeled as TX8 compiler ABI.
third_party/tx8_deps/tx8-yoc-rt-thread-smp/lib/libkcorert.a,interrupt.c.o,isr_table,B,Dependency,rtos-board-dependency,RTThread/POSIX/board support dependency; not modeled as TX8 compiler ABI.
third_party/tx8_deps/tx8-yoc-rt-thread-smp/lib/libkcorert.a,interrupt.c.o,rt_hw_interrupt_handler,t,Dependency,rtos-board-dependency,RTThread/POSIX/board support dependency; not modeled as TX8 compiler ABI.
third_party/tx8_deps/tx8-yoc-rt-thread-smp/lib/libkcorert.a,interrupt.c.o,rt_hw_interrupt_init,T,Dependency,rtos-board-dependency,RTThread/POSIX/board support dependency; not modeled as TX8 compiler ABI.
third_party/tx8_deps/tx8-yoc-rt-thread-smp/lib/libkcorert.a,interrupt.c.o,rt_hw_interrupt_install,T,Dependency,rtos-board-dependency,RTThread/POSIX/board support dependency; not modeled as TX8 compiler ABI.
third_party/tx8_deps/tx8-yoc-rt-thread-smp/lib/libkcorert.a,interrupt.c.o,rt_hw_interrupt_mask,T,Dependency,rtos-board-dependency,RTThread/POSIX/board support dependency; not modeled as TX8 compiler ABI.
third_party/tx8_deps/tx8-yoc-rt-thread-smp/lib/libkcorert.a,interrupt.c.o,rt_hw_interrupt_umask,T,Dependency,rtos-board-dependency,RTThread/POSIX/board support dependency; not modeled as TX8 compiler ABI.
third_party/tx8_deps/tx8-yoc-rt-thread-smp/lib/libkcorert.a,interrupt_gcc.S.o,Exception_Handler,T,Dependency,rtos-board-dependency,RTThread/POSIX/board support dependency; not modeled as TX8 compiler ABI.
third_party/tx8_deps/tx8-yoc-rt-thread-smp/lib/libkcorert.a,interrupt_gcc.S.o,Mcoret_Handler,T,Dependency,rtos-board-dependency,RTThread/POSIX/board support dependency; not modeled as TX8 compiler ABI.
third_party/tx8_deps/tx8-yoc-rt-thread-smp/lib/libkcorert.a,interrupt_gcc.S.o,Mirq_Handler,T,Dependency,rtos-board-dependency,RTThread/POSIX/board support dependency; not modeled as TX8 compiler ABI.
third_party/tx8_deps/tx8-yoc-rt-thread-smp/lib/libkcorert.a,interrupt_gcc.S.o,Mtspend_Handler,T,Dependency,rtos-board-dependency,RTThread/POSIX/board support dependency; not modeled as TX8 compiler ABI.
third_party/tx8_deps/tx8-yoc-rt-thread-smp/lib/libkcorert.a,interrupt_gcc.S.o,RISCV_MSTATUS_MIE,a,Dependency,rtos-board-dependency,RTThread/POSIX/board support dependency; not modeled as TX8 compiler ABI.
third_party/tx8_deps/tx8-yoc-rt-thread-smp/lib/libkcorert.a,interrupt_gcc.S.o,cpu_intrpt_restore,T,Dependency,rtos-board-dependency,RTThread/POSIX/board support dependency; not modeled as TX8 compiler ABI.
third_party/tx8_deps/tx8-yoc-rt-thread-smp/lib/libkcorert.a,interrupt_gcc.S.o,cpu_intrpt_save,T,Dependency,rtos-board-dependency,RTThread/POSIX/board support dependency; not modeled as TX8 compiler ABI.
third_party/tx8_deps/tx8-yoc-rt-thread-smp/lib/libkcorert.a,interrupt_gcc.S.o,cpu_is_irq_enable,T,Dependency,rtos-board-dependency,RTThread/POSIX/board support dependency; not modeled as TX8 compiler ABI.
third_party/tx8_deps/tx8-yoc-rt-thread-smp/lib/libkcorert.a,interrupt_gcc.S.o,rt_hw_local_irq_disable,T,Dependency,rtos-board-dependency,RTThread/POSIX/board support dependency; not modeled as TX8 compiler ABI.
third_party/tx8_deps/tx8-yoc-rt-thread-smp/lib/libkcorert.a,interrupt_gcc.S.o,rt_hw_local_irq_enable,T,Dependency,rtos-board-dependency,RTThread/POSIX/board support dependency; not modeled as TX8 compiler ABI.
third_party/tx8_deps/tx8-yoc-rt-thread-smp/lib/libkcorert.a,interrupt_gcc.S.o,spurious_interrupt,t,Dependency,rtos-board-dependency,RTThread/POSIX/board support dependency; not modeled as TX8 compiler ABI.
third_party/tx8_deps/tx8-yoc-rt-thread-smp/lib/libkcorert.a,interrupt_gcc.S.o,spurious_interrupt1,t,Dependency,rtos-board-dependency,RTThread/POSIX/board support dependency; not modeled as TX8 compiler ABI.
third_party/tx8_deps/tx8-yoc-rt-thread-smp/lib/libkcorert.a,interrupt_gcc.S.o,spurious_interrupt2,t,Dependency,rtos-board-dependency,RTThread/POSIX/board support dependency; not modeled as TX8 compiler ABI.
third_party/tx8_deps/tx8-yoc-rt-thread-smp/lib/libkcorert.a,ipc.c.o,__rtmsym_rt_event_control,D,Dependency,rtos-board-dependency,RTThread/POSIX/board support dependency; not modeled as TX8 compiler ABI.
third_party/tx8_deps/tx8-yoc-rt-thread-smp/lib/libkcorert.a,ipc.c.o,__rtmsym_rt_event_control_name,R,Dependency,rtos-board-dependency,RTThread/POSIX/board support dependency; not modeled as TX8 compiler ABI.
third_party/tx8_deps/tx8-yoc-rt-thread-smp/lib/libkcorert.a,ipc.c.o,__rtmsym_rt_event_create,D,Dependency,rtos-board-dependency,RTThread/POSIX/board support dependency; not modeled as TX8 compiler ABI.
third_party/tx8_deps/tx8-yoc-rt-thread-smp/lib/libkcorert.a,ipc.c.o,__rtmsym_rt_event_create_name,R,Dependency,rtos-board-dependency,RTThread/POSIX/board support dependency; not modeled as TX8 compiler ABI.
third_party/tx8_deps/tx8-yoc-rt-thread-smp/lib/libkcorert.a,ipc.c.o,__rtmsym_rt_event_delete,D,Dependency,rtos-board-dependency,RTThread/POSIX/board support dependency; not modeled as TX8 compiler ABI.
third_party/tx8_deps/tx8-yoc-rt-thread-smp/lib/libkcorert.a,ipc.c.o,__rtmsym_rt_event_delete_name,R,Dependency,rtos-board-dependency,RTThread/POSIX/board support dependency; not modeled as TX8 compiler ABI.
third_party/tx8_deps/tx8-yoc-rt-thread-smp/lib/libkcorert.a,ipc.c.o,__rtmsym_rt_event_detach,D,Dependency,rtos-board-dependency,RTThread/POSIX/board support dependency; not modeled as TX8 compiler ABI.
third_party/tx8_deps/tx8-yoc-rt-thread-smp/lib/libkcorert.a,ipc.c.o,__rtmsym_rt_event_detach_name,R,Dependency,rtos-board-dependency,RTThread/POSIX/board support dependency; not modeled as TX8 compiler ABI.
third_party/tx8_deps/tx8-yoc-rt-thread-smp/lib/libkcorert.a,ipc.c.o,__rtmsym_rt_event_init,D,Dependency,rtos-board-dependency,RTThread/POSIX/board support dependency; not modeled as TX8 compiler ABI.
third_party/tx8_deps/tx8-yoc-rt-thread-smp/lib/libkcorert.a,ipc.c.o,__rtmsym_rt_event_init_name,R,Dependency,rtos-board-dependency,RTThread/POSIX/board support dependency; not modeled as TX8 compiler ABI.
third_party/tx8_deps/tx8-yoc-rt-thread-smp/lib/libkcorert.a,ipc.c.o,__rtmsym_rt_event_recv,D,Dependency,rtos-board-dependency,RTThread/POSIX/board support dependency; not modeled as TX8 compiler ABI.
third_party/tx8_deps/tx8-yoc-rt-thread-smp/lib/libkcorert.a,ipc.c.o,__rtmsym_rt_event_recv_interruptible,D,Dependency,rtos-board-dependency,RTThread/POSIX/board support dependency; not modeled as TX8 compiler ABI.
third_party/tx8_deps/tx8-yoc-rt-thread-smp/lib/libkcorert.a,ipc.c.o,__rtmsym_rt_event_recv_interruptible_name,R,Dependency,rtos-board-dependency,RTThread/POSIX/board support dependency; not modeled as TX8 compiler ABI.
third_party/tx8_deps/tx8-yoc-rt-thread-smp/lib/libkcorert.a,ipc.c.o,__rtmsym_rt_event_recv_killable,D,Dependency,rtos-board-dependency,RTThread/POSIX/board support dependency; not modeled as TX8 compiler ABI.
third_party/tx8_deps/tx8-yoc-rt-thread-smp/lib/libkcorert.a,ipc.c.o,__rtmsym_rt_event_recv_killable_name,R,Dependency,rtos-board-dependency,RTThread/POSIX/board support dependency; not modeled as TX8 compiler ABI.
third_party/tx8_deps/tx8-yoc-rt-thread-smp/lib/libkcorert.a,ipc.c.o,__rtmsym_rt_event_recv_name,R,Dependency,rtos-board-dependency,RTThread/POSIX/board support dependency; not modeled as TX8 compiler ABI.
third_party/tx8_deps/tx8-yoc-rt-thread-smp/lib/libkcorert.a,ipc.c.o,__rtmsym_rt_event_send,D,Dependency,rtos-board-dependency,RTThread/POSIX/board support dependency; not modeled as TX8 compiler ABI.
third_party/tx8_deps/tx8-yoc-rt-thread-smp/lib/libkcorert.a,ipc.c.o,__rtmsym_rt_event_send_name,R,Dependency,rtos-board-dependency,RTThread/POSIX/board support dependency; not modeled as TX8 compiler ABI.
third_party/tx8_deps/tx8-yoc-rt-thread-smp/lib/libkcorert.a,ipc.c.o,__rtmsym_rt_mb_control,D,Dependency,rtos-board-dependency,RTThread/POSIX/board support dependency; not modeled as TX8 compiler ABI.
third_party/tx8_deps/tx8-yoc-rt-thread-smp/lib/libkcorert.a,ipc.c.o,__rtmsym_rt_mb_control_name,R,Dependency,rtos-board-dependency,RTThread/POSIX/board support dependency; not modeled as TX8 compiler ABI.
third_party/tx8_deps/tx8-yoc-rt-thread-smp/lib/libkcorert.a,ipc.c.o,__rtmsym_rt_mb_create,D,Dependency,rtos-board-dependency,RTThread/POSIX/board support dependency; not modeled as TX8 compiler ABI.
third_party/tx8_deps/tx8-yoc-rt-thread-smp/lib/libkcorert.a,ipc.c.o,__rtmsym_rt_mb_create_name,R,Dependency,rtos-board-dependency,RTThread/POSIX/board support dependency; not modeled as TX8 compiler ABI.
third_party/tx8_deps/tx8-yoc-rt-thread-smp/lib/libkcorert.a,ipc.c.o,__rtmsym_rt_mb_delete,D,Dependency,rtos-board-dependency,RTThread/POSIX/board support dependency; not modeled as TX8 compiler ABI.
third_party/tx8_deps/tx8-yoc-rt-thread-smp/lib/libkcorert.a,ipc.c.o,__rtmsym_rt_mb_delete_name,R,Dependency,rtos-board-dependency,RTThread/POSIX/board support dependency; not modeled as TX8 compiler ABI.
third_party/tx8_deps/tx8-yoc-rt-thread-smp/lib/libkcorert.a,ipc.c.o,__rtmsym_rt_mb_detach,D,Dependency,rtos-board-dependency,RTThread/POSIX/board support dependency; not modeled as TX8 compiler ABI.
third_party/tx8_deps/tx8-yoc-rt-thread-smp/lib/libkcorert.a,ipc.c.o,__rtmsym_rt_mb_detach_name,R,Dependency,rtos-board-dependency,RTThread/POSIX/board support dependency; not modeled as TX8 compiler ABI.
third_party/tx8_deps/tx8-yoc-rt-thread-smp/lib/libkcorert.a,ipc.c.o,__rtmsym_rt_mb_init,D,Dependency,rtos-board-dependency,RTThread/POSIX/board support dependency; not modeled as TX8 compiler ABI.
third_party/tx8_deps/tx8-yoc-rt-thread-smp/lib/libkcorert.a,ipc.c.o,__rtmsym_rt_mb_init_name,R,Dependency,rtos-board-dependency,RTThread/POSIX/board support dependency; not modeled as TX8 compiler ABI.
third_party/tx8_deps/tx8-yoc-rt-thread-smp/lib/libkcorert.a,ipc.c.o,__rtmsym_rt_mb_recv,D,Dependency,rtos-board-dependency,RTThread/POSIX/board support dependency; not modeled as TX8 compiler ABI.
third_party/tx8_deps/tx8-yoc-rt-thread-smp/lib/libkcorert.a,ipc.c.o,__rtmsym_rt_mb_recv_interruptible,D,Dependency,rtos-board-dependency,RTThread/POSIX/board support dependency; not modeled as TX8 compiler ABI.
third_party/tx8_deps/tx8-yoc-rt-thread-smp/lib/libkcorert.a,ipc.c.o,__rtmsym_rt_mb_recv_interruptible_name,R,Dependency,rtos-board-dependency,RTThread/POSIX/board support dependency; not modeled as TX8 compiler ABI.
third_party/tx8_deps/tx8-yoc-rt-thread-smp/lib/libkcorert.a,ipc.c.o,__rtmsym_rt_mb_recv_killable,D,Dependency,rtos-board-dependency,RTThread/POSIX/board support dependency; not modeled as TX8 compiler ABI.
third_party/tx8_deps/tx8-yoc-rt-thread-smp/lib/libkcorert.a,ipc.c.o,__rtmsym_rt_mb_recv_killable_name,R,Dependency,rtos-board-dependency,RTThread/POSIX/board support dependency; not modeled as TX8 compiler ABI.
third_party/tx8_deps/tx8-yoc-rt-thread-smp/lib/libkcorert.a,ipc.c.o,__rtmsym_rt_mb_recv_name,R,Dependency,rtos-board-dependency,RTThread/POSIX/board support dependency; not modeled as TX8 compiler ABI.
third_party/tx8_deps/tx8-yoc-rt-thread-smp/lib/libkcorert.a,ipc.c.o,__rtmsym_rt_mb_send,D,Dependency,rtos-board-dependency,RTThread/POSIX/board support dependency; not modeled as TX8 compiler ABI.
third_party/tx8_deps/tx8-yoc-rt-thread-smp/lib/libkcorert.a,ipc.c.o,__rtmsym_rt_mb_send_interruptible,D,Dependency,rtos-board-dependency,RTThread/POSIX/board support dependency; not modeled as TX8 compiler ABI.
third_party/tx8_deps/tx8-yoc-rt-thread-smp/lib/libkcorert.a,ipc.c.o,__rtmsym_rt_mb_send_interruptible_name,R,Dependency,rtos-board-dependency,RTThread/POSIX/board support dependency; not modeled as TX8 compiler ABI.
third_party/tx8_deps/tx8-yoc-rt-thread-smp/lib/libkcorert.a,ipc.c.o,__rtmsym_rt_mb_send_killable,D,Dependency,rtos-board-dependency,RTThread/POSIX/board support dependency; not modeled as TX8 compiler ABI.
third_party/tx8_deps/tx8-yoc-rt-thread-smp/lib/libkcorert.a,ipc.c.o,__rtmsym_rt_mb_send_killable_name,R,Dependency,rtos-board-dependency,RTThread/POSIX/board support dependency; not modeled as TX8 compiler ABI.
third_party/tx8_deps/tx8-yoc-rt-thread-smp/lib/libkcorert.a,ipc.c.o,__rtmsym_rt_mb_send_name,R,Dependency,rtos-board-dependency,RTThread/POSIX/board support dependency; not modeled as TX8 compiler ABI.
third_party/tx8_deps/tx8-yoc-rt-thread-smp/lib/libkcorert.a,ipc.c.o,__rtmsym_rt_mb_send_wait,D,Dependency,rtos-board-dependency,RTThread/POSIX/board support dependency; not modeled as TX8 compiler ABI.
third_party/tx8_deps/tx8-yoc-rt-thread-smp/lib/libkcorert.a,ipc.c.o,__rtmsym_rt_mb_send_wait_interruptible,D,Dependency,rtos-board-dependency,RTThread/POSIX/board support dependency; not modeled as TX8 compiler ABI.
third_party/tx8_deps/tx8-yoc-rt-thread-smp/lib/libkcorert.a,ipc.c.o,__rtmsym_rt_mb_send_wait_interruptible_name,R,Dependency,rtos-board-dependency,RTThread/POSIX/board support dependency; not modeled as TX8 compiler ABI.
third_party/tx8_deps/tx8-yoc-rt-thread-smp/lib/libkcorert.a,ipc.c.o,__rtmsym_rt_mb_send_wait_killable,D,Dependency,rtos-board-dependency,RTThread/POSIX/board support dependency; not modeled as TX8 compiler ABI.
third_party/tx8_deps/tx8-yoc-rt-thread-smp/lib/libkcorert.a,ipc.c.o,__rtmsym_rt_mb_send_wait_killable_name,R,Dependency,rtos-board-dependency,RTThread/POSIX/board support dependency; not modeled as TX8 compiler ABI.
third_party/tx8_deps/tx8-yoc-rt-thread-smp/lib/libkcorert.a,ipc.c.o,__rtmsym_rt_mb_send_wait_name,R,Dependency,rtos-board-dependency,RTThread/POSIX/board support dependency; not modeled as TX8 compiler ABI.
third_party/tx8_deps/tx8-yoc-rt-thread-smp/lib/libkcorert.a,ipc.c.o,__rtmsym_rt_mb_urgent,D,Dependency,rtos-board-dependency,RTThread/POSIX/board support dependency; not modeled as TX8 compiler ABI.
third_party/tx8_deps/tx8-yoc-rt-thread-smp/lib/libkcorert.a,ipc.c.o,__rtmsym_rt_mb_urgent_name,R,Dependency,rtos-board-dependency,RTThread/POSIX/board support dependency; not modeled as TX8 compiler ABI.
third_party/tx8_deps/tx8-yoc-rt-thread-smp/lib/libkcorert.a,ipc.c.o,__rtmsym_rt_mq_control,D,Dependency,rtos-board-dependency,RTThread/POSIX/board support dependency; not modeled as TX8 compiler ABI.
third_party/tx8_deps/tx8-yoc-rt-thread-smp/lib/libkcorert.a,ipc.c.o,__rtmsym_rt_mq_control_name,R,Dependency,rtos-board-dependency,RTThread/POSIX/board support dependency; not modeled as TX8 compiler ABI.
third_party/tx8_deps/tx8-yoc-rt-thread-smp/lib/libkcorert.a,ipc.c.o,__rtmsym_rt_mq_create,D,Dependency,rtos-board-dependency,RTThread/POSIX/board support dependency; not modeled as TX8 compiler ABI.
third_party/tx8_deps/tx8-yoc-rt-thread-smp/lib/libkcorert.a,ipc.c.o,__rtmsym_rt_mq_create_name,R,Dependency,rtos-board-dependency,RTThread/POSIX/board support dependency; not modeled as TX8 compiler ABI.
third_party/tx8_deps/tx8-yoc-rt-thread-smp/lib/libkcorert.a,ipc.c.o,__rtmsym_rt_mq_delete,D,Dependency,rtos-board-dependency,RTThread/POSIX/board support dependency; not modeled as TX8 compiler ABI.
third_party/tx8_deps/tx8-yoc-rt-thread-smp/lib/libkcorert.a,ipc.c.o,__rtmsym_rt_mq_delete_name,R,Dependency,rtos-board-dependency,RTThread/POSIX/board support dependency; not modeled as TX8 compiler ABI.
third_party/tx8_deps/tx8-yoc-rt-thread-smp/lib/libkcorert.a,ipc.c.o,__rtmsym_rt_mq_detach,D,Dependency,rtos-board-dependency,RTThread/POSIX/board support dependency; not modeled as TX8 compiler ABI.
third_party/tx8_deps/tx8-yoc-rt-thread-smp/lib/libkcorert.a,ipc.c.o,__rtmsym_rt_mq_detach_name,R,Dependency,rtos-board-dependency,RTThread/POSIX/board support dependency; not modeled as TX8 compiler ABI.
third_party/tx8_deps/tx8-yoc-rt-thread-smp/lib/libkcorert.a,ipc.c.o,__rtmsym_rt_mq_init,D,Dependency,rtos-board-dependency,RTThread/POSIX/board support dependency; not modeled as TX8 compiler ABI.
third_party/tx8_deps/tx8-yoc-rt-thread-smp/lib/libkcorert.a,ipc.c.o,__rtmsym_rt_mq_init_name,R,Dependency,rtos-board-dependency,RTThread/POSIX/board support dependency; not modeled as TX8 compiler ABI.
third_party/tx8_deps/tx8-yoc-rt-thread-smp/lib/libkcorert.a,ipc.c.o,__rtmsym_rt_mq_recv,D,Dependency,rtos-board-dependency,RTThread/POSIX/board support dependency; not modeled as TX8 compiler ABI.
third_party/tx8_deps/tx8-yoc-rt-thread-smp/lib/libkcorert.a,ipc.c.o,__rtmsym_rt_mq_recv_interruptible,D,Dependency,rtos-board-dependency,RTThread/POSIX/board support dependency; not modeled as TX8 compiler ABI.
third_party/tx8_deps/tx8-yoc-rt-thread-smp/lib/libkcorert.a,ipc.c.o,__rtmsym_rt_mq_recv_interruptible_name,R,Dependency,rtos-board-dependency,RTThread/POSIX/board support dependency; not modeled as TX8 compiler ABI.
third_party/tx8_deps/tx8-yoc-rt-thread-smp/lib/libkcorert.a,ipc.c.o,__rtmsym_rt_mq_recv_killable,D,Dependency,rtos-board-dependency,RTThread/POSIX/board support dependency; not modeled as TX8 compiler ABI.
third_party/tx8_deps/tx8-yoc-rt-thread-smp/lib/libkcorert.a,ipc.c.o,__rtmsym_rt_mq_recv_killable_name,R,Dependency,rtos-board-dependency,RTThread/POSIX/board support dependency; not modeled as TX8 compiler ABI.
third_party/tx8_deps/tx8-yoc-rt-thread-smp/lib/libkcorert.a,ipc.c.o,__rtmsym_rt_mq_recv_name,R,Dependency,rtos-board-dependency,RTThread/POSIX/board support dependency; not modeled as TX8 compiler ABI.
third_party/tx8_deps/tx8-yoc-rt-thread-smp/lib/libkcorert.a,ipc.c.o,__rtmsym_rt_mq_send,D,Dependency,rtos-board-dependency,RTThread/POSIX/board support dependency; not modeled as TX8 compiler ABI.
third_party/tx8_deps/tx8-yoc-rt-thread-smp/lib/libkcorert.a,ipc.c.o,__rtmsym_rt_mq_send_interruptible,D,Dependency,rtos-board-dependency,RTThread/POSIX/board support dependency; not modeled as TX8 compiler ABI.
third_party/tx8_deps/tx8-yoc-rt-thread-smp/lib/libkcorert.a,ipc.c.o,__rtmsym_rt_mq_send_interruptible_name,R,Dependency,rtos-board-dependency,RTThread/POSIX/board support dependency; not modeled as TX8 compiler ABI.
third_party/tx8_deps/tx8-yoc-rt-thread-smp/lib/libkcorert.a,ipc.c.o,__rtmsym_rt_mq_send_killable,D,Dependency,rtos-board-dependency,RTThread/POSIX/board support dependency; not modeled as TX8 compiler ABI.
third_party/tx8_deps/tx8-yoc-rt-thread-smp/lib/libkcorert.a,ipc.c.o,__rtmsym_rt_mq_send_killable_name,R,Dependency,rtos-board-dependency,RTThread/POSIX/board support dependency; not modeled as TX8 compiler ABI.
third_party/tx8_deps/tx8-yoc-rt-thread-smp/lib/libkcorert.a,ipc.c.o,__rtmsym_rt_mq_send_name,R,Dependency,rtos-board-dependency,RTThread/POSIX/board support dependency; not modeled as TX8 compiler ABI.
third_party/tx8_deps/tx8-yoc-rt-thread-smp/lib/libkcorert.a,ipc.c.o,__rtmsym_rt_mq_send_wait,D,Dependency,rtos-board-dependency,RTThread/POSIX/board support dependency; not modeled as TX8 compiler ABI.
third_party/tx8_deps/tx8-yoc-rt-thread-smp/lib/libkcorert.a,ipc.c.o,__rtmsym_rt_mq_send_wait_interruptible,D,Dependency,rtos-board-dependency,RTThread/POSIX/board support dependency; not modeled as TX8 compiler ABI.
third_party/tx8_deps/tx8-yoc-rt-thread-smp/lib/libkcorert.a,ipc.c.o,__rtmsym_rt_mq_send_wait_interruptible_name,R,Dependency,rtos-board-dependency,RTThread/POSIX/board support dependency; not modeled as TX8 compiler ABI.
third_party/tx8_deps/tx8-yoc-rt-thread-smp/lib/libkcorert.a,ipc.c.o,__rtmsym_rt_mq_send_wait_killable,D,Dependency,rtos-board-dependency,RTThread/POSIX/board support dependency; not modeled as TX8 compiler ABI.
third_party/tx8_deps/tx8-yoc-rt-thread-smp/lib/libkcorert.a,ipc.c.o,__rtmsym_rt_mq_send_wait_killable_name,R,Dependency,rtos-board-dependency,RTThread/POSIX/board support dependency; not modeled as TX8 compiler ABI.
third_party/tx8_deps/tx8-yoc-rt-thread-smp/lib/libkcorert.a,ipc.c.o,__rtmsym_rt_mq_send_wait_name,R,Dependency,rtos-board-dependency,RTThread/POSIX/board support dependency; not modeled as TX8 compiler ABI.
third_party/tx8_deps/tx8-yoc-rt-thread-smp/lib/libkcorert.a,ipc.c.o,__rtmsym_rt_mq_urgent,D,Dependency,rtos-board-dependency,RTThread/POSIX/board support dependency; not modeled as TX8 compiler ABI.
third_party/tx8_deps/tx8-yoc-rt-thread-smp/lib/libkcorert.a,ipc.c.o,__rtmsym_rt_mq_urgent_name,R,Dependency,rtos-board-dependency,RTThread/POSIX/board support dependency; not modeled as TX8 compiler ABI.
third_party/tx8_deps/tx8-yoc-rt-thread-smp/lib/libkcorert.a,ipc.c.o,__rtmsym_rt_mutex_control,D,Dependency,rtos-board-dependency,RTThread/POSIX/board support dependency; not modeled as TX8 compiler ABI.
third_party/tx8_deps/tx8-yoc-rt-thread-smp/lib/libkcorert.a,ipc.c.o,__rtmsym_rt_mutex_control_name,R,Dependency,rtos-board-dependency,RTThread/POSIX/board support dependency; not modeled as TX8 compiler ABI.
third_party/tx8_deps/tx8-yoc-rt-thread-smp/lib/libkcorert.a,ipc.c.o,__rtmsym_rt_mutex_create,D,Dependency,rtos-board-dependency,RTThread/POSIX/board support dependency; not modeled as TX8 compiler ABI.
third_party/tx8_deps/tx8-yoc-rt-thread-smp/lib/libkcorert.a,ipc.c.o,__rtmsym_rt_mutex_create_name,R,Dependency,rtos-board-dependency,RTThread/POSIX/board support dependency; not modeled as TX8 compiler ABI.
third_party/tx8_deps/tx8-yoc-rt-thread-smp/lib/libkcorert.a,ipc.c.o,__rtmsym_rt_mutex_delete,D,Dependency,rtos-board-dependency,RTThread/POSIX/board support dependency; not modeled as TX8 compiler ABI.
third_party/tx8_deps/tx8-yoc-rt-thread-smp/lib/libkcorert.a,ipc.c.o,__rtmsym_rt_mutex_delete_name,R,Dependency,rtos-board-dependency,RTThread/POSIX/board support dependency; not modeled as TX8 compiler ABI.
third_party/tx8_deps/tx8-yoc-rt-thread-smp/lib/libkcorert.a,ipc.c.o,__rtmsym_rt_mutex_detach,D,Dependency,rtos-board-dependency,RTThread/POSIX/board support dependency; not modeled as TX8 compiler ABI.
third_party/tx8_deps/tx8-yoc-rt-thread-smp/lib/libkcorert.a,ipc.c.o,__rtmsym_rt_mutex_detach_name,R,Dependency,rtos-board-dependency,RTThread/POSIX/board support dependency; not modeled as TX8 compiler ABI.
third_party/tx8_deps/tx8-yoc-rt-thread-smp/lib/libkcorert.a,ipc.c.o,__rtmsym_rt_mutex_getprioceiling,D,Dependency,rtos-board-dependency,RTThread/POSIX/board support dependency; not modeled as TX8 compiler ABI.
third_party/tx8_deps/tx8-yoc-rt-thread-smp/lib/libkcorert.a,ipc.c.o,__rtmsym_rt_mutex_getprioceiling_name,R,Dependency,rtos-board-dependency,RTThread/POSIX/board support dependency; not modeled as TX8 compiler ABI.
third_party/tx8_deps/tx8-yoc-rt-thread-smp/lib/libkcorert.a,ipc.c.o,__rtmsym_rt_mutex_init,D,Dependency,rtos-board-dependency,RTThread/POSIX/board support dependency; not modeled as TX8 compiler ABI.
third_party/tx8_deps/tx8-yoc-rt-thread-smp/lib/libkcorert.a,ipc.c.o,__rtmsym_rt_mutex_init_name,R,Dependency,rtos-board-dependency,RTThread/POSIX/board support dependency; not modeled as TX8 compiler ABI.
third_party/tx8_deps/tx8-yoc-rt-thread-smp/lib/libkcorert.a,ipc.c.o,__rtmsym_rt_mutex_release,D,Dependency,rtos-board-dependency,RTThread/POSIX/board support dependency; not modeled as TX8 compiler ABI.
third_party/tx8_deps/tx8-yoc-rt-thread-smp/lib/libkcorert.a,ipc.c.o,__rtmsym_rt_mutex_release_name,R,Dependency,rtos-board-dependency,RTThread/POSIX/board support dependency; not modeled as TX8 compiler ABI.
third_party/tx8_deps/tx8-yoc-rt-thread-smp/lib/libkcorert.a,ipc.c.o,__rtmsym_rt_mutex_setprioceiling,D,Dependency,rtos-board-dependency,RTThread/POSIX/board support dependency; not modeled as TX8 compiler ABI.
third_party/tx8_deps/tx8-yoc-rt-thread-smp/lib/libkcorert.a,ipc.c.o,__rtmsym_rt_mutex_setprioceiling_name,R,Dependency,rtos-board-dependency,RTThread/POSIX/board support dependency; not modeled as TX8 compiler ABI.
third_party/tx8_deps/tx8-yoc-rt-thread-smp/lib/libkcorert.a,ipc.c.o,__rtmsym_rt_mutex_take,D,Dependency,rtos-board-dependency,RTThread/POSIX/board support dependency; not modeled as TX8 compiler ABI.
third_party/tx8_deps/tx8-yoc-rt-thread-smp/lib/libkcorert.a,ipc.c.o,__rtmsym_rt_mutex_take_interruptible,D,Dependency,rtos-board-dependency,RTThread/POSIX/board support dependency; not modeled as TX8 compiler ABI.
third_party/tx8_deps/tx8-yoc-rt-thread-smp/lib/libkcorert.a,ipc.c.o,__rtmsym_rt_mutex_take_interruptible_name,R,Dependency,rtos-board-dependency,RTThread/POSIX/board support dependency; not modeled as TX8 compiler ABI.
third_party/tx8_deps/tx8-yoc-rt-thread-smp/lib/libkcorert.a,ipc.c.o,__rtmsym_rt_mutex_take_killable,D,Dependency,rtos-board-dependency,RTThread/POSIX/board support dependency; not modeled as TX8 compiler ABI.
third_party/tx8_deps/tx8-yoc-rt-thread-smp/lib/libkcorert.a,ipc.c.o,__rtmsym_rt_mutex_take_killable_name,R,Dependency,rtos-board-dependency,RTThread/POSIX/board support dependency; not modeled as TX8 compiler ABI.
third_party/tx8_deps/tx8-yoc-rt-thread-smp/lib/libkcorert.a,ipc.c.o,__rtmsym_rt_mutex_take_name,R,Dependency,rtos-board-dependency,RTThread/POSIX/board support dependency; not modeled as TX8 compiler ABI.
third_party/tx8_deps/tx8-yoc-rt-thread-smp/lib/libkcorert.a,ipc.c.o,__rtmsym_rt_mutex_trytake,D,Dependency,rtos-board-dependency,RTThread/POSIX/board support dependency; not modeled as TX8 compiler ABI.
third_party/tx8_deps/tx8-yoc-rt-thread-smp/lib/libkcorert.a,ipc.c.o,__rtmsym_rt_mutex_trytake_name,R,Dependency,rtos-board-dependency,RTThread/POSIX/board support dependency; not modeled as TX8 compiler ABI.
third_party/tx8_deps/tx8-yoc-rt-thread-smp/lib/libkcorert.a,ipc.c.o,__rtmsym_rt_sem_control,D,Dependency,rtos-board-dependency,RTThread/POSIX/board support dependency; not modeled as TX8 compiler ABI.
third_party/tx8_deps/tx8-yoc-rt-thread-smp/lib/libkcorert.a,ipc.c.o,__rtmsym_rt_sem_control_name,R,Dependency,rtos-board-dependency,RTThread/POSIX/board support dependency; not modeled as TX8 compiler ABI.
third_party/tx8_deps/tx8-yoc-rt-thread-smp/lib/libkcorert.a,ipc.c.o,__rtmsym_rt_sem_create,D,Dependency,rtos-board-dependency,RTThread/POSIX/board support dependency; not modeled as TX8 compiler ABI.
third_party/tx8_deps/tx8-yoc-rt-thread-smp/lib/libkcorert.a,ipc.c.o,__rtmsym_rt_sem_create_name,R,Dependency,rtos-board-dependency,RTThread/POSIX/board support dependency; not modeled as TX8 compiler ABI.
third_party/tx8_deps/tx8-yoc-rt-thread-smp/lib/libkcorert.a,ipc.c.o,__rtmsym_rt_sem_delete,D,Dependency,rtos-board-dependency,RTThread/POSIX/board support dependency; not modeled as TX8 compiler ABI.
third_party/tx8_deps/tx8-yoc-rt-thread-smp/lib/libkcorert.a,ipc.c.o,__rtmsym_rt_sem_delete_name,R,Dependency,rtos-board-dependency,RTThread/POSIX/board support dependency; not modeled as TX8 compiler ABI.
third_party/tx8_deps/tx8-yoc-rt-thread-smp/lib/libkcorert.a,ipc.c.o,__rtmsym_rt_sem_detach,D,Dependency,rtos-board-dependency,RTThread/POSIX/board support dependency; not modeled as TX8 compiler ABI.
third_party/tx8_deps/tx8-yoc-rt-thread-smp/lib/libkcorert.a,ipc.c.o,__rtmsym_rt_sem_detach_name,R,Dependency,rtos-board-dependency,RTThread/POSIX/board support dependency; not modeled as TX8 compiler ABI.
third_party/tx8_deps/tx8-yoc-rt-thread-smp/lib/libkcorert.a,ipc.c.o,__rtmsym_rt_sem_init,D,Dependency,rtos-board-dependency,RTThread/POSIX/board support dependency; not modeled as TX8 compiler ABI.
third_party/tx8_deps/tx8-yoc-rt-thread-smp/lib/libkcorert.a,ipc.c.o,__rtmsym_rt_sem_init_name,R,Dependency,rtos-board-dependency,RTThread/POSIX/board support dependency; not modeled as TX8 compiler ABI.
third_party/tx8_deps/tx8-yoc-rt-thread-smp/lib/libkcorert.a,ipc.c.o,__rtmsym_rt_sem_release,D,Dependency,rtos-board-dependency,RTThread/POSIX/board support dependency; not modeled as TX8 compiler ABI.
third_party/tx8_deps/tx8-yoc-rt-thread-smp/lib/libkcorert.a,ipc.c.o,__rtmsym_rt_sem_release_name,R,Dependency,rtos-board-dependency,RTThread/POSIX/board support dependency; not modeled as TX8 compiler ABI.
third_party/tx8_deps/tx8-yoc-rt-thread-smp/lib/libkcorert.a,ipc.c.o,__rtmsym_rt_sem_take,D,Dependency,rtos-board-dependency,RTThread/POSIX/board support dependency; not modeled as TX8 compiler ABI.
third_party/tx8_deps/tx8-yoc-rt-thread-smp/lib/libkcorert.a,ipc.c.o,__rtmsym_rt_sem_take_interruptible,D,Dependency,rtos-board-dependency,RTThread/POSIX/board support dependency; not modeled as TX8 compiler ABI.
third_party/tx8_deps/tx8-yoc-rt-thread-smp/lib/libkcorert.a,ipc.c.o,__rtmsym_rt_sem_take_interruptible_name,R,Dependency,rtos-board-dependency,RTThread/POSIX/board support dependency; not modeled as TX8 compiler ABI.
third_party/tx8_deps/tx8-yoc-rt-thread-smp/lib/libkcorert.a,ipc.c.o,__rtmsym_rt_sem_take_killable,D,Dependency,rtos-board-dependency,RTThread/POSIX/board support dependency; not modeled as TX8 compiler ABI.
third_party/tx8_deps/tx8-yoc-rt-thread-smp/lib/libkcorert.a,ipc.c.o,__rtmsym_rt_sem_take_killable_name,R,Dependency,rtos-board-dependency,RTThread/POSIX/board support dependency; not modeled as TX8 compiler ABI.
third_party/tx8_deps/tx8-yoc-rt-thread-smp/lib/libkcorert.a,ipc.c.o,__rtmsym_rt_sem_take_name,R,Dependency,rtos-board-dependency,RTThread/POSIX/board support dependency; not modeled as TX8 compiler ABI.
third_party/tx8_deps/tx8-yoc-rt-thread-smp/lib/libkcorert.a,ipc.c.o,__rtmsym_rt_sem_trytake,D,Dependency,rtos-board-dependency,RTThread/POSIX/board support dependency; not modeled as TX8 compiler ABI.
third_party/tx8_deps/tx8-yoc-rt-thread-smp/lib/libkcorert.a,ipc.c.o,__rtmsym_rt_sem_trytake_name,R,Dependency,rtos-board-dependency,RTThread/POSIX/board support dependency; not modeled as TX8 compiler ABI.
third_party/tx8_deps/tx8-yoc-rt-thread-smp/lib/libkcorert.a,ipc.c.o,_mutex_before_delete_detach,t,Dependency,rtos-board-dependency,RTThread/POSIX/board support dependency; not modeled as TX8 compiler ABI.
third_party/tx8_deps/tx8-yoc-rt-thread-smp/lib/libkcorert.a,ipc.c.o,_rt_event_recv,t,Dependency,rtos-board-dependency,RTThread/POSIX/board support dependency; not modeled as TX8 compiler ABI.
third_party/tx8_deps/tx8-yoc-rt-thread-smp/lib/libkcorert.a,ipc.c.o,_rt_mb_recv,t,Dependency,rtos-board-dependency,RTThread/POSIX/board support dependency; not modeled as TX8 compiler ABI.
third_party/tx8_deps/tx8-yoc-rt-thread-smp/lib/libkcorert.a,ipc.c.o,_rt_mb_send_wait,t,Dependency,rtos-board-dependency,RTThread/POSIX/board support dependency; not modeled as TX8 compiler ABI.
third_party/tx8_deps/tx8-yoc-rt-thread-smp/lib/libkcorert.a,ipc.c.o,_rt_mq_recv.constprop.0,t,Dependency,rtos-board-dependency,RTThread/POSIX/board support dependency; not modeled as TX8 compiler ABI.
third_party/tx8_deps/tx8-yoc-rt-thread-smp/lib/libkcorert.a,ipc.c.o,_rt_mq_send_wait.constprop.0,t,Dependency,rtos-board-dependency,RTThread/POSIX/board support dependency; not modeled as TX8 compiler ABI.
third_party/tx8_deps/tx8-yoc-rt-thread-smp/lib/libkcorert.a,ipc.c.o,_rt_mutex_take,t,Dependency,rtos-board-dependency,RTThread/POSIX/board support dependency; not modeled as TX8 compiler ABI.
third_party/tx8_deps/tx8-yoc-rt-thread-smp/lib/libkcorert.a,ipc.c.o,_rt_sem_take,t,Dependency,rtos-board-dependency,RTThread/POSIX/board support dependency; not modeled as TX8 compiler ABI.
third_party/tx8_deps/tx8-yoc-rt-thread-smp/lib/libkcorert.a,ipc.c.o,rt_event_control,T,Dependency,rtos-board-dependency,RTThread/POSIX/board support dependency; not modeled as TX8 compiler ABI.
third_party/tx8_deps/tx8-yoc-rt-thread-smp/lib/libkcorert.a,ipc.c.o,rt_event_create,T,Dependency,rtos-board-dependency,RTThread/POSIX/board support dependency; not modeled as TX8 compiler ABI.
third_party/tx8_deps/tx8-yoc-rt-thread-smp/lib/libkcorert.a,ipc.c.o,rt_event_delete,T,Dependency,rtos-board-dependency,RTThread/POSIX/board support dependency; not modeled as TX8 compiler ABI.
third_party/tx8_deps/tx8-yoc-rt-thread-smp/lib/libkcorert.a,ipc.c.o,rt_event_detach,T,Dependency,rtos-board-dependency,RTThread/POSIX/board support dependency; not modeled as TX8 compiler ABI.
third_party/tx8_deps/tx8-yoc-rt-thread-smp/lib/libkcorert.a,ipc.c.o,rt_event_init,T,Dependency,rtos-board-dependency,RTThread/POSIX/board support dependency; not modeled as TX8 compiler ABI.
third_party/tx8_deps/tx8-yoc-rt-thread-smp/lib/libkcorert.a,ipc.c.o,rt_event_recv,T,Dependency,rtos-board-dependency,RTThread/POSIX/board support dependency; not modeled as TX8 compiler ABI.
third_party/tx8_deps/tx8-yoc-rt-thread-smp/lib/libkcorert.a,ipc.c.o,rt_event_recv_interruptible,T,Dependency,rtos-board-dependency,RTThread/POSIX/board support dependency; not modeled as TX8 compiler ABI.
third_party/tx8_deps/tx8-yoc-rt-thread-smp/lib/libkcorert.a,ipc.c.o,rt_event_recv_killable,T,Dependency,rtos-board-dependency,RTThread/POSIX/board support dependency; not modeled as TX8 compiler ABI.
third_party/tx8_deps/tx8-yoc-rt-thread-smp/lib/libkcorert.a,ipc.c.o,rt_event_send,T,Dependency,rtos-board-dependency,RTThread/POSIX/board support dependency; not modeled as TX8 compiler ABI.
third_party/tx8_deps/tx8-yoc-rt-thread-smp/lib/libkcorert.a,ipc.c.o,rt_mb_control,T,Dependency,rtos-board-dependency,RTThread/POSIX/board support dependency; not modeled as TX8 compiler ABI.
third_party/tx8_deps/tx8-yoc-rt-thread-smp/lib/libkcorert.a,ipc.c.o,rt_mb_create,T,Dependency,rtos-board-dependency,RTThread/POSIX/board support dependency; not modeled as TX8 compiler ABI.
third_party/tx8_deps/tx8-yoc-rt-thread-smp/lib/libkcorert.a,ipc.c.o,rt_mb_delete,T,Dependency,rtos-board-dependency,RTThread/POSIX/board support dependency; not modeled as TX8 compiler ABI.
third_party/tx8_deps/tx8-yoc-rt-thread-smp/lib/libkcorert.a,ipc.c.o,rt_mb_detach,T,Dependency,rtos-board-dependency,RTThread/POSIX/board support dependency; not modeled as TX8 compiler ABI.
third_party/tx8_deps/tx8-yoc-rt-thread-smp/lib/libkcorert.a,ipc.c.o,rt_mb_init,T,Dependency,rtos-board-dependency,RTThread/POSIX/board support dependency; not modeled as TX8 compiler ABI.
third_party/tx8_deps/tx8-yoc-rt-thread-smp/lib/libkcorert.a,ipc.c.o,rt_mb_recv,T,Dependency,rtos-board-dependency,RTThread/POSIX/board support dependency; not modeled as TX8 compiler ABI.
third_party/tx8_deps/tx8-yoc-rt-thread-smp/lib/libkcorert.a,ipc.c.o,rt_mb_recv_interruptible,T,Dependency,rtos-board-dependency,RTThread/POSIX/board support dependency; not modeled as TX8 compiler ABI.
third_party/tx8_deps/tx8-yoc-rt-thread-smp/lib/libkcorert.a,ipc.c.o,rt_mb_recv_killable,T,Dependency,rtos-board-dependency,RTThread/POSIX/board support dependency; not modeled as TX8 compiler ABI.
third_party/tx8_deps/tx8-yoc-rt-thread-smp/lib/libkcorert.a,ipc.c.o,rt_mb_send,T,Dependency,rtos-board-dependency,RTThread/POSIX/board support dependency; not modeled as TX8 compiler ABI.
third_party/tx8_deps/tx8-yoc-rt-thread-smp/lib/libkcorert.a,ipc.c.o,rt_mb_send_interruptible,T,Dependency,rtos-board-dependency,RTThread/POSIX/board support dependency; not modeled as TX8 compiler ABI.
third_party/tx8_deps/tx8-yoc-rt-thread-smp/lib/libkcorert.a,ipc.c.o,rt_mb_send_killable,T,Dependency,rtos-board-dependency,RTThread/POSIX/board support dependency; not modeled as TX8 compiler ABI.
third_party/tx8_deps/tx8-yoc-rt-thread-smp/lib/libkcorert.a,ipc.c.o,rt_mb_send_wait,T,Dependency,rtos-board-dependency,RTThread/POSIX/board support dependency; not modeled as TX8 compiler ABI.
third_party/tx8_deps/tx8-yoc-rt-thread-smp/lib/libkcorert.a,ipc.c.o,rt_mb_send_wait_interruptible,T,Dependency,rtos-board-dependency,RTThread/POSIX/board support dependency; not modeled as TX8 compiler ABI.
third_party/tx8_deps/tx8-yoc-rt-thread-smp/lib/libkcorert.a,ipc.c.o,rt_mb_send_wait_killable,T,Dependency,rtos-board-dependency,RTThread/POSIX/board support dependency; not modeled as TX8 compiler ABI.
third_party/tx8_deps/tx8-yoc-rt-thread-smp/lib/libkcorert.a,ipc.c.o,rt_mb_urgent,T,Dependency,rtos-board-dependency,RTThread/POSIX/board support dependency; not modeled as TX8 compiler ABI.
third_party/tx8_deps/tx8-yoc-rt-thread-smp/lib/libkcorert.a,ipc.c.o,rt_mq_control,T,Dependency,rtos-board-dependency,RTThread/POSIX/board support dependency; not modeled as TX8 compiler ABI.
third_party/tx8_deps/tx8-yoc-rt-thread-smp/lib/libkcorert.a,ipc.c.o,rt_mq_create,T,Dependency,rtos-board-dependency,RTThread/POSIX/board support dependency; not modeled as TX8 compiler ABI.
third_party/tx8_deps/tx8-yoc-rt-thread-smp/lib/libkcorert.a,ipc.c.o,rt_mq_delete,T,Dependency,rtos-board-dependency,RTThread/POSIX/board support dependency; not modeled as TX8 compiler ABI.
third_party/tx8_deps/tx8-yoc-rt-thread-smp/lib/libkcorert.a,ipc.c.o,rt_mq_detach,T,Dependency,rtos-board-dependency,RTThread/POSIX/board support dependency; not modeled as TX8 compiler ABI.
third_party/tx8_deps/tx8-yoc-rt-thread-smp/lib/libkcorert.a,ipc.c.o,rt_mq_init,T,Dependency,rtos-board-dependency,RTThread/POSIX/board support dependency; not modeled as TX8 compiler ABI.
third_party/tx8_deps/tx8-yoc-rt-thread-smp/lib/libkcorert.a,ipc.c.o,rt_mq_recv,T,Dependency,rtos-board-dependency,RTThread/POSIX/board support dependency; not modeled as TX8 compiler ABI.
third_party/tx8_deps/tx8-yoc-rt-thread-smp/lib/libkcorert.a,ipc.c.o,rt_mq_recv_interruptible,T,Dependency,rtos-board-dependency,RTThread/POSIX/board support dependency; not modeled as TX8 compiler ABI.
third_party/tx8_deps/tx8-yoc-rt-thread-smp/lib/libkcorert.a,ipc.c.o,rt_mq_recv_killable,T,Dependency,rtos-board-dependency,RTThread/POSIX/board support dependency; not modeled as TX8 compiler ABI.
third_party/tx8_deps/tx8-yoc-rt-thread-smp/lib/libkcorert.a,ipc.c.o,rt_mq_send,T,Dependency,rtos-board-dependency,RTThread/POSIX/board support dependency; not modeled as TX8 compiler ABI.
third_party/tx8_deps/tx8-yoc-rt-thread-smp/lib/libkcorert.a,ipc.c.o,rt_mq_send_interruptible,T,Dependency,rtos-board-dependency,RTThread/POSIX/board support dependency; not modeled as TX8 compiler ABI.
third_party/tx8_deps/tx8-yoc-rt-thread-smp/lib/libkcorert.a,ipc.c.o,rt_mq_send_killable,T,Dependency,rtos-board-dependency,RTThread/POSIX/board support dependency; not modeled as TX8 compiler ABI.
third_party/tx8_deps/tx8-yoc-rt-thread-smp/lib/libkcorert.a,ipc.c.o,rt_mq_send_wait,T,Dependency,rtos-board-dependency,RTThread/POSIX/board support dependency; not modeled as TX8 compiler ABI.
third_party/tx8_deps/tx8-yoc-rt-thread-smp/lib/libkcorert.a,ipc.c.o,rt_mq_send_wait_interruptible,T,Dependency,rtos-board-dependency,RTThread/POSIX/board support dependency; not modeled as TX8 compiler ABI.
third_party/tx8_deps/tx8-yoc-rt-thread-smp/lib/libkcorert.a,ipc.c.o,rt_mq_send_wait_killable,T,Dependency,rtos-board-dependency,RTThread/POSIX/board support dependency; not modeled as TX8 compiler ABI.
third_party/tx8_deps/tx8-yoc-rt-thread-smp/lib/libkcorert.a,ipc.c.o,rt_mq_urgent,T,Dependency,rtos-board-dependency,RTThread/POSIX/board support dependency; not modeled as TX8 compiler ABI.
third_party/tx8_deps/tx8-yoc-rt-thread-smp/lib/libkcorert.a,ipc.c.o,rt_mutex_control,T,Dependency,rtos-board-dependency,RTThread/POSIX/board support dependency; not modeled as TX8 compiler ABI.
third_party/tx8_deps/tx8-yoc-rt-thread-smp/lib/libkcorert.a,ipc.c.o,rt_mutex_create,T,Dependency,rtos-board-dependency,RTThread/POSIX/board support dependency; not modeled as TX8 compiler ABI.
third_party/tx8_deps/tx8-yoc-rt-thread-smp/lib/libkcorert.a,ipc.c.o,rt_mutex_delete,T,Dependency,rtos-board-dependency,RTThread/POSIX/board support dependency; not modeled as TX8 compiler ABI.
third_party/tx8_deps/tx8-yoc-rt-thread-smp/lib/libkcorert.a,ipc.c.o,rt_mutex_detach,T,Dependency,rtos-board-dependency,RTThread/POSIX/board support dependency; not modeled as TX8 compiler ABI.
third_party/tx8_deps/tx8-yoc-rt-thread-smp/lib/libkcorert.a,ipc.c.o,rt_mutex_drop_thread,T,Dependency,rtos-board-dependency,RTThread/POSIX/board support dependency; not modeled as TX8 compiler ABI.
third_party/tx8_deps/tx8-yoc-rt-thread-smp/lib/libkcorert.a,ipc.c.o,rt_mutex_getprioceiling,T,Dependency,rtos-board-dependency,RTThread/POSIX/board support dependency; not modeled as TX8 compiler ABI.
third_party/tx8_deps/tx8-yoc-rt-thread-smp/lib/libkcorert.a,ipc.c.o,rt_mutex_init,T,Dependency,rtos-board-dependency,RTThread/POSIX/board support dependency; not modeled as TX8 compiler ABI.
third_party/tx8_deps/tx8-yoc-rt-thread-smp/lib/libkcorert.a,ipc.c.o,rt_mutex_release,T,Dependency,rtos-board-dependency,RTThread/POSIX/board support dependency; not modeled as TX8 compiler ABI.
third_party/tx8_deps/tx8-yoc-rt-thread-smp/lib/libkcorert.a,ipc.c.o,rt_mutex_setprioceiling,T,Dependency,rtos-board-dependency,RTThread/POSIX/board support dependency; not modeled as TX8 compiler ABI.
third_party/tx8_deps/tx8-yoc-rt-thread-smp/lib/libkcorert.a,ipc.c.o,rt_mutex_take,T,Dependency,rtos-board-dependency,RTThread/POSIX/board support dependency; not modeled as TX8 compiler ABI.
third_party/tx8_deps/tx8-yoc-rt-thread-smp/lib/libkcorert.a,ipc.c.o,rt_mutex_take_interruptible,T,Dependency,rtos-board-dependency,RTThread/POSIX/board support dependency; not modeled as TX8 compiler ABI.
third_party/tx8_deps/tx8-yoc-rt-thread-smp/lib/libkcorert.a,ipc.c.o,rt_mutex_take_killable,T,Dependency,rtos-board-dependency,RTThread/POSIX/board support dependency; not modeled as TX8 compiler ABI.
third_party/tx8_deps/tx8-yoc-rt-thread-smp/lib/libkcorert.a,ipc.c.o,rt_mutex_trytake,T,Dependency,rtos-board-dependency,RTThread/POSIX/board support dependency; not modeled as TX8 compiler ABI.
third_party/tx8_deps/tx8-yoc-rt-thread-smp/lib/libkcorert.a,ipc.c.o,rt_sem_control,T,Dependency,rtos-board-dependency,RTThread/POSIX/board support dependency; not modeled as TX8 compiler ABI.
third_party/tx8_deps/tx8-yoc-rt-thread-smp/lib/libkcorert.a,ipc.c.o,rt_sem_create,T,Dependency,rtos-board-dependency,RTThread/POSIX/board support dependency; not modeled as TX8 compiler ABI.
third_party/tx8_deps/tx8-yoc-rt-thread-smp/lib/libkcorert.a,ipc.c.o,rt_sem_delete,T,Dependency,rtos-board-dependency,RTThread/POSIX/board support dependency; not modeled as TX8 compiler ABI.
third_party/tx8_deps/tx8-yoc-rt-thread-smp/lib/libkcorert.a,ipc.c.o,rt_sem_detach,T,Dependency,rtos-board-dependency,RTThread/POSIX/board support dependency; not modeled as TX8 compiler ABI.
third_party/tx8_deps/tx8-yoc-rt-thread-smp/lib/libkcorert.a,ipc.c.o,rt_sem_init,T,Dependency,rtos-board-dependency,RTThread/POSIX/board support dependency; not modeled as TX8 compiler ABI.
third_party/tx8_deps/tx8-yoc-rt-thread-smp/lib/libkcorert.a,ipc.c.o,rt_sem_release,T,Dependency,rtos-board-dependency,RTThread/POSIX/board support dependency; not modeled as TX8 compiler ABI.
third_party/tx8_deps/tx8-yoc-rt-thread-smp/lib/libkcorert.a,ipc.c.o,rt_sem_take,T,Dependency,rtos-board-dependency,RTThread/POSIX/board support dependency; not modeled as TX8 compiler ABI.
third_party/tx8_deps/tx8-yoc-rt-thread-smp/lib/libkcorert.a,ipc.c.o,rt_sem_take_interruptible,T,Dependency,rtos-board-dependency,RTThread/POSIX/board support dependency; not modeled as TX8 compiler ABI.
third_party/tx8_deps/tx8-yoc-rt-thread-smp/lib/libkcorert.a,ipc.c.o,rt_sem_take_killable,T,Dependency,rtos-board-dependency,RTThread/POSIX/board support dependency; not modeled as TX8 compiler ABI.
third_party/tx8_deps/tx8-yoc-rt-thread-smp/lib/libkcorert.a,ipc.c.o,rt_sem_trytake,T,Dependency,rtos-board-dependency,RTThread/POSIX/board support dependency; not modeled as TX8 compiler ABI.
third_party/tx8_deps/tx8-yoc-rt-thread-smp/lib/libkcorert.a,ipc.c.o,rt_susp_list_dequeue,T,Dependency,rtos-board-dependency,RTThread/POSIX/board support dependency; not modeled as TX8 compiler ABI.
third_party/tx8_deps/tx8-yoc-rt-thread-smp/lib/libkcorert.a,ipc.c.o,rt_susp_list_enqueue,T,Dependency,rtos-board-dependency,RTThread/POSIX/board support dependency; not modeled as TX8 compiler ABI.
third_party/tx8_deps/tx8-yoc-rt-thread-smp/lib/libkcorert.a,ipc.c.o,rt_susp_list_print,T,Dependency,rtos-board-dependency,RTThread/POSIX/board support dependency; not modeled as TX8 compiler ABI.
third_party/tx8_deps/tx8-yoc-rt-thread-smp/lib/libkcorert.a,ipc.c.o,rt_susp_list_resume_all,T,Dependency,rtos-board-dependency,RTThread/POSIX/board support dependency; not modeled as TX8 compiler ABI.
third_party/tx8_deps/tx8-yoc-rt-thread-smp/lib/libkcorert.a,ipc.c.o,rt_susp_list_resume_all_irq,T,Dependency,rtos-board-dependency,RTThread/POSIX/board support dependency; not modeled as TX8 compiler ABI.
third_party/tx8_deps/tx8-yoc-rt-thread-smp/lib/libkcorert.a,irq.c.o,CORET_IRQHandler,T,Dependency,rtos-board-dependency,RTThread/POSIX/board support dependency; not modeled as TX8 compiler ABI.
third_party/tx8_deps/tx8-yoc-rt-thread-smp/lib/libkcorert.a,irq.c.o,ECC_L1_IRQHandler,T,Dependency,rtos-board-dependency,RTThread/POSIX/board support dependency; not modeled as TX8 compiler ABI.
third_party/tx8_deps/tx8-yoc-rt-thread-smp/lib/libkcorert.a,irq.c.o,__rtmsym_rt_hw_interrupt_disable,D,Dependency,rtos-board-dependency,RTThread/POSIX/board support dependency; not modeled as TX8 compiler ABI.
third_party/tx8_deps/tx8-yoc-rt-thread-smp/lib/libkcorert.a,irq.c.o,__rtmsym_rt_hw_interrupt_disable_name,R,Dependency,rtos-board-dependency,RTThread/POSIX/board support dependency; not modeled as TX8 compiler ABI.
third_party/tx8_deps/tx8-yoc-rt-thread-smp/lib/libkcorert.a,irq.c.o,__rtmsym_rt_hw_interrupt_enable,D,Dependency,rtos-board-dependency,RTThread/POSIX/board support dependency; not modeled as TX8 compiler ABI.
third_party/tx8_deps/tx8-yoc-rt-thread-smp/lib/libkcorert.a,irq.c.o,__rtmsym_rt_hw_interrupt_enable_name,R,Dependency,rtos-board-dependency,RTThread/POSIX/board support dependency; not modeled as TX8 compiler ABI.
third_party/tx8_deps/tx8-yoc-rt-thread-smp/lib/libkcorert.a,irq.c.o,__rtmsym_rt_hw_interrupt_is_disabled,D,Dependency,rtos-board-dependency,RTThread/POSIX/board support dependency; not modeled as TX8 compiler ABI.
third_party/tx8_deps/tx8-yoc-rt-thread-smp/lib/libkcorert.a,irq.c.o,__rtmsym_rt_hw_interrupt_is_disabled_name,R,Dependency,rtos-board-dependency,RTThread/POSIX/board support dependency; not modeled as TX8 compiler ABI.
third_party/tx8_deps/tx8-yoc-rt-thread-smp/lib/libkcorert.a,irq.c.o,__rtmsym_rt_interrupt_enter,D,Dependency,rtos-board-dependency,RTThread/POSIX/board support dependency; not modeled as TX8 compiler ABI.
third_party/tx8_deps/tx8-yoc-rt-thread-smp/lib/libkcorert.a,irq.c.o,__rtmsym_rt_interrupt_enter_name,R,Dependency,rtos-board-dependency,RTThread/POSIX/board support dependency; not modeled as TX8 compiler ABI.
third_party/tx8_deps/tx8-yoc-rt-thread-smp/lib/libkcorert.a,irq.c.o,__rtmsym_rt_interrupt_get_nest,D,Dependency,rtos-board-dependency,RTThread/POSIX/board support dependency; not modeled as TX8 compiler ABI.
third_party/tx8_deps/tx8-yoc-rt-thread-smp/lib/libkcorert.a,irq.c.o,__rtmsym_rt_interrupt_get_nest_name,R,Dependency,rtos-board-dependency,RTThread/POSIX/board support dependency; not modeled as TX8 compiler ABI.
third_party/tx8_deps/tx8-yoc-rt-thread-smp/lib/libkcorert.a,irq.c.o,__rtmsym_rt_interrupt_leave,D,Dependency,rtos-board-dependency,RTThread/POSIX/board support dependency; not modeled as TX8 compiler ABI.
third_party/tx8_deps/tx8-yoc-rt-thread-smp/lib/libkcorert.a,irq.c.o,__rtmsym_rt_interrupt_leave_name,R,Dependency,rtos-board-dependency,RTThread/POSIX/board support dependency; not modeled as TX8 compiler ABI.
third_party/tx8_deps/tx8-yoc-rt-thread-smp/lib/libkcorert.a,irq.c.o,csi_irq_attach,T,Dependency,rtos-board-dependency,RTThread/POSIX/board support dependency; not modeled as TX8 compiler ABI.
third_party/tx8_deps/tx8-yoc-rt-thread-smp/lib/libkcorert.a,irq.c.o,csi_irq_attach2,T,Dependency,rtos-board-dependency,RTThread/POSIX/board support dependency; not modeled as TX8 compiler ABI.
third_party/tx8_deps/tx8-yoc-rt-thread-smp/lib/libkcorert.a,irq.c.o,csi_irq_context,T,Dependency,rtos-board-dependency,RTThread/POSIX/board support dependency; not modeled as TX8 compiler ABI.
third_party/tx8_deps/tx8-yoc-rt-thread-smp/lib/libkcorert.a,irq.c.o,csi_irq_detach,T,Dependency,rtos-board-dependency,RTThread/POSIX/board support dependency; not modeled as TX8 compiler ABI.
third_party/tx8_deps/tx8-yoc-rt-thread-smp/lib/libkcorert.a,irq.c.o,do_irq,T,Dependency,rtos-board-dependency,RTThread/POSIX/board support dependency; not modeled as TX8 compiler ABI.
third_party/tx8_deps/tx8-yoc-rt-thread-smp/lib/libkcorert.a,irq.c.o,ecc_l1_irqhandler,T,Dependency,rtos-board-dependency,RTThread/POSIX/board support dependency; not modeled as TX8 compiler ABI.
third_party/tx8_deps/tx8-yoc-rt-thread-smp/lib/libkcorert.a,irq.c.o,ecc_l2_irqhandler,T,Dependency,rtos-board-dependency,RTThread/POSIX/board support dependency; not modeled as TX8 compiler ABI.
third_party/tx8_deps/tx8-yoc-rt-thread-smp/lib/libkcorert.a,irq.c.o,g_ecc_stat,b,Dependency,rtos-board-dependency,RTThread/POSIX/board support dependency; not modeled as TX8 compiler ABI.
third_party/tx8_deps/tx8-yoc-rt-thread-smp/lib/libkcorert.a,irq.c.o,g_irq_nested_level,B,Dependency,rtos-board-dependency,RTThread/POSIX/board support dependency; not modeled as TX8 compiler ABI.
third_party/tx8_deps/tx8-yoc-rt-thread-smp/lib/libkcorert.a,irq.c.o,g_irq_table,B,Dependency,rtos-board-dependency,RTThread/POSIX/board support dependency; not modeled as TX8 compiler ABI.
third_party/tx8_deps/tx8-yoc-rt-thread-smp/lib/libkcorert.a,irq.c.o,rt_hw_interrupt_is_disabled,W,Dependency,rtos-board-dependency,RTThread/POSIX/board support dependency; not modeled as TX8 compiler ABI.
third_party/tx8_deps/tx8-yoc-rt-thread-smp/lib/libkcorert.a,irq.c.o,rt_interrupt_enter,W,Dependency,rtos-board-dependency,RTThread/POSIX/board support dependency; not modeled as TX8 compiler ABI.
third_party/tx8_deps/tx8-yoc-rt-thread-smp/lib/libkcorert.a,irq.c.o,rt_interrupt_enter_hook,b,Dependency,rtos-board-dependency,RTThread/POSIX/board support dependency; not modeled as TX8 compiler ABI.
third_party/tx8_deps/tx8-yoc-rt-thread-smp/lib/libkcorert.a,irq.c.o,rt_interrupt_enter_sethook,T,Dependency,rtos-board-dependency,RTThread/POSIX/board support dependency; not modeled as TX8 compiler ABI.
third_party/tx8_deps/tx8-yoc-rt-thread-smp/lib/libkcorert.a,irq.c.o,rt_interrupt_get_nest,W,Dependency,rtos-board-dependency,RTThread/POSIX/board support dependency; not modeled as TX8 compiler ABI.
third_party/tx8_deps/tx8-yoc-rt-thread-smp/lib/libkcorert.a,irq.c.o,rt_interrupt_leave,W,Dependency,rtos-board-dependency,RTThread/POSIX/board support dependency; not modeled as TX8 compiler ABI.
third_party/tx8_deps/tx8-yoc-rt-thread-smp/lib/libkcorert.a,irq.c.o,rt_interrupt_leave_hook,b,Dependency,rtos-board-dependency,RTThread/POSIX/board support dependency; not modeled as TX8 compiler ABI.
third_party/tx8_deps/tx8-yoc-rt-thread-smp/lib/libkcorert.a,irq.c.o,rt_interrupt_leave_sethook,T,Dependency,rtos-board-dependency,RTThread/POSIX/board support dependency; not modeled as TX8 compiler ABI.
third_party/tx8_deps/tx8-yoc-rt-thread-smp/lib/libkcorert.a,irq_port.c.o,soc_irq_disable,T,Dependency,rtos-board-dependency,RTThread/POSIX/board support dependency; not modeled as TX8 compiler ABI.
third_party/tx8_deps/tx8-yoc-rt-thread-smp/lib/libkcorert.a,irq_port.c.o,soc_irq_enable,T,Dependency,rtos-board-dependency,RTThread/POSIX/board support dependency; not modeled as TX8 compiler ABI.
third_party/tx8_deps/tx8-yoc-rt-thread-smp/lib/libkcorert.a,irq_port.c.o,soc_irq_end,T,Dependency,rtos-board-dependency,RTThread/POSIX/board support dependency; not modeled as TX8 compiler ABI.
third_party/tx8_deps/tx8-yoc-rt-thread-smp/lib/libkcorert.a,irq_port.c.o,soc_irq_get_irq_num,T,Dependency,rtos-board-dependency,RTThread/POSIX/board support dependency; not modeled as TX8 compiler ABI.
third_party/tx8_deps/tx8-yoc-rt-thread-smp/lib/libkcorert.a,irq_port.c.o,soc_irq_is_enabled,T,Dependency,rtos-board-dependency,RTThread/POSIX/board support dependency; not modeled as TX8 compiler ABI.
third_party/tx8_deps/tx8-yoc-rt-thread-smp/lib/libkcorert.a,irq_port.c.o,soc_irq_priority,T,Dependency,rtos-board-dependency,RTThread/POSIX/board support dependency; not modeled as TX8 compiler ABI.
third_party/tx8_deps/tx8-yoc-rt-thread-smp/lib/libkcorert.a,kcore_barectf_trace.c.o,__FUNCTION__.0,r,Dependency,rtos-board-dependency,RTThread/POSIX/board support dependency; not modeled as TX8 compiler ABI.
third_party/tx8_deps/tx8-yoc-rt-thread-smp/lib/libkcorert.a,kcore_barectf_trace.c.o,__FUNCTION__.1,r,Dependency,rtos-board-dependency,RTThread/POSIX/board support dependency; not modeled as TX8 compiler ABI.
third_party/tx8_deps/tx8-yoc-rt-thread-smp/lib/libkcorert.a,kcore_barectf_trace.c.o,__cyg_profile_func_enter,T,Dependency,rtos-board-dependency,RTThread/POSIX/board support dependency; not modeled as TX8 compiler ABI.
third_party/tx8_deps/tx8-yoc-rt-thread-smp/lib/libkcorert.a,kcore_barectf_trace.c.o,__cyg_profile_func_exit,T,Dependency,rtos-board-dependency,RTThread/POSIX/board support dependency; not modeled as TX8 compiler ABI.
third_party/tx8_deps/tx8-yoc-rt-thread-smp/lib/libkcorert.a,kcore_barectf_trace.c.o,cbs,d,Dependency,rtos-board-dependency,RTThread/POSIX/board support dependency; not modeled as TX8 compiler ABI.
third_party/tx8_deps/tx8-yoc-rt-thread-smp/lib/libkcorert.a,kcore_barectf_trace.c.o,clock_time,d,Dependency,rtos-board-dependency,RTThread/POSIX/board support dependency; not modeled as TX8 compiler ABI.
third_party/tx8_deps/tx8-yoc-rt-thread-smp/lib/libkcorert.a,kcore_barectf_trace.c.o,close_packet,t,Dependency,rtos-board-dependency,RTThread/POSIX/board support dependency; not modeled as TX8 compiler ABI.
third_party/tx8_deps/tx8-yoc-rt-thread-smp/lib/libkcorert.a,kcore_barectf_trace.c.o,g_tracing_ctx,b,Dependency,rtos-board-dependency,RTThread/POSIX/board support dependency; not modeled as TX8 compiler ABI.
third_party/tx8_deps/tx8-yoc-rt-thread-smp/lib/libkcorert.a,kcore_barectf_trace.c.o,get_clock,t,Dependency,rtos-board-dependency,RTThread/POSIX/board support dependency; not modeled as TX8 compiler ABI.
third_party/tx8_deps/tx8-yoc-rt-thread-smp/lib/libkcorert.a,kcore_barectf_trace.c.o,is_backend_full,t,Dependency,rtos-board-dependency,RTThread/POSIX/board support dependency; not modeled as TX8 compiler ABI.
third_party/tx8_deps/tx8-yoc-rt-thread-smp/lib/libkcorert.a,kcore_barectf_trace.c.o,open_packet,t,Dependency,rtos-board-dependency,RTThread/POSIX/board support dependency; not modeled as TX8 compiler ABI.
third_party/tx8_deps/tx8-yoc-rt-thread-smp/lib/libkcorert.a,kcore_barectf_trace.c.o,tracing_finish,T,Dependency,rtos-board-dependency,RTThread/POSIX/board support dependency; not modeled as TX8 compiler ABI.
third_party/tx8_deps/tx8-yoc-rt-thread-smp/lib/libkcorert.a,kcore_barectf_trace.c.o,tracing_get_barectf_ctx,T,Dependency,rtos-board-dependency,RTThread/POSIX/board support dependency; not modeled as TX8 compiler ABI.
third_party/tx8_deps/tx8-yoc-rt-thread-smp/lib/libkcorert.a,kcore_barectf_trace.c.o,tracing_init,T,Dependency,rtos-board-dependency,RTThread/POSIX/board support dependency; not modeled as TX8 compiler ABI.
third_party/tx8_deps/tx8-yoc-rt-thread-smp/lib/libkcorert.a,key_list.c.o,key_list_add,T,Dependency,rtos-board-dependency,RTThread/POSIX/board support dependency; not modeled as TX8 compiler ABI.
third_party/tx8_deps/tx8-yoc-rt-thread-smp/lib/libkcorert.a,key_list.c.o,key_list_count,T,Dependency,rtos-board-dependency,RTThread/POSIX/board support dependency; not modeled as TX8 compiler ABI.
third_party/tx8_deps/tx8-yoc-rt-thread-smp/lib/libkcorert.a,key_list.c.o,key_list_create,T,Dependency,rtos-board-dependency,RTThread/POSIX/board support dependency; not modeled as TX8 compiler ABI.
third_party/tx8_deps/tx8-yoc-rt-thread-smp/lib/libkcorert.a,key_list.c.o,key_list_delete,T,Dependency,rtos-board-dependency,RTThread/POSIX/board support dependency; not modeled as TX8 compiler ABI.
third_party/tx8_deps/tx8-yoc-rt-thread-smp/lib/libkcorert.a,key_list.c.o,key_list_destroy,T,Dependency,rtos-board-dependency,RTThread/POSIX/board support dependency; not modeled as TX8 compiler ABI.
third_party/tx8_deps/tx8-yoc-rt-thread-smp/lib/libkcorert.a,key_list.c.o,key_list_edit,T,Dependency,rtos-board-dependency,RTThread/POSIX/board support dependency; not modeled as TX8 compiler ABI.
third_party/tx8_deps/tx8-yoc-rt-thread-smp/lib/libkcorert.a,key_list.c.o,key_list_find_key,T,Dependency,rtos-board-dependency,RTThread/POSIX/board support dependency; not modeled as TX8 compiler ABI.
third_party/tx8_deps/tx8-yoc-rt-thread-smp/lib/libkcorert.a,key_list.c.o,key_list_get,T,Dependency,rtos-board-dependency,RTThread/POSIX/board support dependency; not modeled as TX8 compiler ABI.
third_party/tx8_deps/tx8-yoc-rt-thread-smp/lib/libkcorert.a,key_list.c.o,key_list_keyset,T,Dependency,rtos-board-dependency,RTThread/POSIX/board support dependency; not modeled as TX8 compiler ABI.
third_party/tx8_deps/tx8-yoc-rt-thread-smp/lib/libkcorert.a,kservice.c.o,__lowest_bit_bitmap,R,Dependency,rtos-board-dependency,RTThread/POSIX/board support dependency; not modeled as TX8 compiler ABI.
third_party/tx8_deps/tx8-yoc-rt-thread-smp/lib/libkcorert.a,kservice.c.o,__rt_errno,b,Dependency,rtos-board-dependency,RTThread/POSIX/board support dependency; not modeled as TX8 compiler ABI.
third_party/tx8_deps/tx8-yoc-rt-thread-smp/lib/libkcorert.a,kservice.c.o,__rt_ffs,T,Dependency,rtos-board-dependency,RTThread/POSIX/board support dependency; not modeled as TX8 compiler ABI.
third_party/tx8_deps/tx8-yoc-rt-thread-smp/lib/libkcorert.a,kservice.c.o,__rtmsym__rt_errno,D,Dependency,rtos-board-dependency,RTThread/POSIX/board support dependency; not modeled as TX8 compiler ABI.
third_party/tx8_deps/tx8-yoc-rt-thread-smp/lib/libkcorert.a,kservice.c.o,__rtmsym__rt_errno_name,R,Dependency,rtos-board-dependency,RTThread/POSIX/board support dependency; not modeled as TX8 compiler ABI.
third_party/tx8_deps/tx8-yoc-rt-thread-smp/lib/libkcorert.a,kservice.c.o,__rtmsym_rt_calloc,D,Dependency,rtos-board-dependency,RTThread/POSIX/board support dependency; not modeled as TX8 compiler ABI.
third_party/tx8_deps/tx8-yoc-rt-thread-smp/lib/libkcorert.a,kservice.c.o,__rtmsym_rt_calloc_name,R,Dependency,rtos-board-dependency,RTThread/POSIX/board support dependency; not modeled as TX8 compiler ABI.
third_party/tx8_deps/tx8-yoc-rt-thread-smp/lib/libkcorert.a,kservice.c.o,__rtmsym_rt_calloc_with_scope,D,Dependency,rtos-board-dependency,RTThread/POSIX/board support dependency; not modeled as TX8 compiler ABI.
third_party/tx8_deps/tx8-yoc-rt-thread-smp/lib/libkcorert.a,kservice.c.o,__rtmsym_rt_calloc_with_scope_name,R,Dependency,rtos-board-dependency,RTThread/POSIX/board support dependency; not modeled as TX8 compiler ABI.
third_party/tx8_deps/tx8-yoc-rt-thread-smp/lib/libkcorert.a,kservice.c.o,__rtmsym_rt_free,D,Dependency,rtos-board-dependency,RTThread/POSIX/board support dependency; not modeled as TX8 compiler ABI.
third_party/tx8_deps/tx8-yoc-rt-thread-smp/lib/libkcorert.a,kservice.c.o,__rtmsym_rt_free_align,D,Dependency,rtos-board-dependency,RTThread/POSIX/board support dependency; not modeled as TX8 compiler ABI.
third_party/tx8_deps/tx8-yoc-rt-thread-smp/lib/libkcorert.a,kservice.c.o,__rtmsym_rt_free_align_name,R,Dependency,rtos-board-dependency,RTThread/POSIX/board support dependency; not modeled as TX8 compiler ABI.
third_party/tx8_deps/tx8-yoc-rt-thread-smp/lib/libkcorert.a,kservice.c.o,__rtmsym_rt_free_name,R,Dependency,rtos-board-dependency,RTThread/POSIX/board support dependency; not modeled as TX8 compiler ABI.
third_party/tx8_deps/tx8-yoc-rt-thread-smp/lib/libkcorert.a,kservice.c.o,__rtmsym_rt_free_with_scope,D,Dependency,rtos-board-dependency,RTThread/POSIX/board support dependency; not modeled as TX8 compiler ABI.
third_party/tx8_deps/tx8-yoc-rt-thread-smp/lib/libkcorert.a,kservice.c.o,__rtmsym_rt_free_with_scope_name,R,Dependency,rtos-board-dependency,RTThread/POSIX/board support dependency; not modeled as TX8 compiler ABI.
third_party/tx8_deps/tx8-yoc-rt-thread-smp/lib/libkcorert.a,kservice.c.o,__rtmsym_rt_get_errno,D,Dependency,rtos-board-dependency,RTThread/POSIX/board support dependency; not modeled as TX8 compiler ABI.
third_party/tx8_deps/tx8-yoc-rt-thread-smp/lib/libkcorert.a,kservice.c.o,__rtmsym_rt_get_errno_name,R,Dependency,rtos-board-dependency,RTThread/POSIX/board support dependency; not modeled as TX8 compiler ABI.
third_party/tx8_deps/tx8-yoc-rt-thread-smp/lib/libkcorert.a,kservice.c.o,__rtmsym_rt_malloc,D,Dependency,rtos-board-dependency,RTThread/POSIX/board support dependency; not modeled as TX8 compiler ABI.
third_party/tx8_deps/tx8-yoc-rt-thread-smp/lib/libkcorert.a,kservice.c.o,__rtmsym_rt_malloc_align,D,Dependency,rtos-board-dependency,RTThread/POSIX/board support dependency; not modeled as TX8 compiler ABI.
third_party/tx8_deps/tx8-yoc-rt-thread-smp/lib/libkcorert.a,kservice.c.o,__rtmsym_rt_malloc_align_name,R,Dependency,rtos-board-dependency,RTThread/POSIX/board support dependency; not modeled as TX8 compiler ABI.
third_party/tx8_deps/tx8-yoc-rt-thread-smp/lib/libkcorert.a,kservice.c.o,__rtmsym_rt_malloc_name,R,Dependency,rtos-board-dependency,RTThread/POSIX/board support dependency; not modeled as TX8 compiler ABI.
third_party/tx8_deps/tx8-yoc-rt-thread-smp/lib/libkcorert.a,kservice.c.o,__rtmsym_rt_malloc_with_scope,D,Dependency,rtos-board-dependency,RTThread/POSIX/board support dependency; not modeled as TX8 compiler ABI.
third_party/tx8_deps/tx8-yoc-rt-thread-smp/lib/libkcorert.a,kservice.c.o,__rtmsym_rt_malloc_with_scope_name,R,Dependency,rtos-board-dependency,RTThread/POSIX/board support dependency; not modeled as TX8 compiler ABI.
third_party/tx8_deps/tx8-yoc-rt-thread-smp/lib/libkcorert.a,kservice.c.o,__rtmsym_rt_memory_info,D,Dependency,rtos-board-dependency,RTThread/POSIX/board support dependency; not modeled as TX8 compiler ABI.
third_party/tx8_deps/tx8-yoc-rt-thread-smp/lib/libkcorert.a,kservice.c.o,__rtmsym_rt_memory_info_name,R,Dependency,rtos-board-dependency,RTThread/POSIX/board support dependency; not modeled as TX8 compiler ABI.
third_party/tx8_deps/tx8-yoc-rt-thread-smp/lib/libkcorert.a,kservice.c.o,__rtmsym_rt_memory_info_with_scope,D,Dependency,rtos-board-dependency,RTThread/POSIX/board support dependency; not modeled as TX8 compiler ABI.
third_party/tx8_deps/tx8-yoc-rt-thread-smp/lib/libkcorert.a,kservice.c.o,__rtmsym_rt_memory_info_with_scope_name,R,Dependency,rtos-board-dependency,RTThread/POSIX/board support dependency; not modeled as TX8 compiler ABI.
third_party/tx8_deps/tx8-yoc-rt-thread-smp/lib/libkcorert.a,kservice.c.o,__rtmsym_rt_realloc,D,Dependency,rtos-board-dependency,RTThread/POSIX/board support dependency; not modeled as TX8 compiler ABI.
third_party/tx8_deps/tx8-yoc-rt-thread-smp/lib/libkcorert.a,kservice.c.o,__rtmsym_rt_realloc_name,R,Dependency,rtos-board-dependency,RTThread/POSIX/board support dependency; not modeled as TX8 compiler ABI.
third_party/tx8_deps/tx8-yoc-rt-thread-smp/lib/libkcorert.a,kservice.c.o,__rtmsym_rt_realloc_with_scope,D,Dependency,rtos-board-dependency,RTThread/POSIX/board support dependency; not modeled as TX8 compiler ABI.
third_party/tx8_deps/tx8-yoc-rt-thread-smp/lib/libkcorert.a,kservice.c.o,__rtmsym_rt_realloc_with_scope_name,R,Dependency,rtos-board-dependency,RTThread/POSIX/board support dependency; not modeled as TX8 compiler ABI.
third_party/tx8_deps/tx8-yoc-rt-thread-smp/lib/libkcorert.a,kservice.c.o,__rtmsym_rt_set_errno,D,Dependency,rtos-board-dependency,RTThread/POSIX/board support dependency; not modeled as TX8 compiler ABI.
third_party/tx8_deps/tx8-yoc-rt-thread-smp/lib/libkcorert.a,kservice.c.o,__rtmsym_rt_set_errno_name,R,Dependency,rtos-board-dependency,RTThread/POSIX/board support dependency; not modeled as TX8 compiler ABI.
third_party/tx8_deps/tx8-yoc-rt-thread-smp/lib/libkcorert.a,kservice.c.o,__rtmsym_rt_show_version,D,Dependency,rtos-board-dependency,RTThread/POSIX/board support dependency; not modeled as TX8 compiler ABI.
third_party/tx8_deps/tx8-yoc-rt-thread-smp/lib/libkcorert.a,kservice.c.o,__rtmsym_rt_show_version_name,R,Dependency,rtos-board-dependency,RTThread/POSIX/board support dependency; not modeled as TX8 compiler ABI.
third_party/tx8_deps/tx8-yoc-rt-thread-smp/lib/libkcorert.a,kservice.c.o,__rtmsym_rt_strerror,D,Dependency,rtos-board-dependency,RTThread/POSIX/board support dependency; not modeled as TX8 compiler ABI.
third_party/tx8_deps/tx8-yoc-rt-thread-smp/lib/libkcorert.a,kservice.c.o,__rtmsym_rt_strerror_name,R,Dependency,rtos-board-dependency,RTThread/POSIX/board support dependency; not modeled as TX8 compiler ABI.
third_party/tx8_deps/tx8-yoc-rt-thread-smp/lib/libkcorert.a,kservice.c.o,_heap_spinlock,b,Dependency,rtos-board-dependency,RTThread/POSIX/board support dependency; not modeled as TX8 compiler ABI.
third_party/tx8_deps/tx8-yoc-rt-thread-smp/lib/libkcorert.a,kservice.c.o,_rt_errno,T,Dependency,rtos-board-dependency,RTThread/POSIX/board support dependency; not modeled as TX8 compiler ABI.
third_party/tx8_deps/tx8-yoc-rt-thread-smp/lib/libkcorert.a,kservice.c.o,rt_backtrace,W,Dependency,rtos-board-dependency,RTThread/POSIX/board support dependency; not modeled as TX8 compiler ABI.
third_party/tx8_deps/tx8-yoc-rt-thread-smp/lib/libkcorert.a,kservice.c.o,rt_backtrace_frame,T,Dependency,rtos-board-dependency,RTThread/POSIX/board support dependency; not modeled as TX8 compiler ABI.
third_party/tx8_deps/tx8-yoc-rt-thread-smp/lib/libkcorert.a,kservice.c.o,rt_backtrace_thread,T,Dependency,rtos-board-dependency,RTThread/POSIX/board support dependency; not modeled as TX8 compiler ABI.
third_party/tx8_deps/tx8-yoc-rt-thread-smp/lib/libkcorert.a,kservice.c.o,rt_calloc,W,Dependency,rtos-board-dependency,RTThread/POSIX/board support dependency; not modeled as TX8 compiler ABI.
third_party/tx8_deps/tx8-yoc-rt-thread-smp/lib/libkcorert.a,kservice.c.o,rt_calloc_with_scope,W,Dependency,rtos-board-dependency,RTThread/POSIX/board support dependency; not modeled as TX8 compiler ABI.
third_party/tx8_deps/tx8-yoc-rt-thread-smp/lib/libkcorert.a,kservice.c.o,rt_errno_strs,d,Dependency,rtos-board-dependency,RTThread/POSIX/board support dependency; not modeled as TX8 compiler ABI.
third_party/tx8_deps/tx8-yoc-rt-thread-smp/lib/libkcorert.a,kservice.c.o,rt_free,W,Dependency,rtos-board-dependency,RTThread/POSIX/board support dependency; not modeled as TX8 compiler ABI.
third_party/tx8_deps/tx8-yoc-rt-thread-smp/lib/libkcorert.a,kservice.c.o,rt_free_align,W,Dependency,rtos-board-dependency,RTThread/POSIX/board support dependency; not modeled as TX8 compiler ABI.
third_party/tx8_deps/tx8-yoc-rt-thread-smp/lib/libkcorert.a,kservice.c.o,rt_free_hook,b,Dependency,rtos-board-dependency,RTThread/POSIX/board support dependency; not modeled as TX8 compiler ABI.
third_party/tx8_deps/tx8-yoc-rt-thread-smp/lib/libkcorert.a,kservice.c.o,rt_free_sethook,T,Dependency,rtos-board-dependency,RTThread/POSIX/board support dependency; not modeled as TX8 compiler ABI.
third_party/tx8_deps/tx8-yoc-rt-thread-smp/lib/libkcorert.a,kservice.c.o,rt_free_with_scope,W,Dependency,rtos-board-dependency,RTThread/POSIX/board support dependency; not modeled as TX8 compiler ABI.
third_party/tx8_deps/tx8-yoc-rt-thread-smp/lib/libkcorert.a,kservice.c.o,rt_get_errno,T,Dependency,rtos-board-dependency,RTThread/POSIX/board support dependency; not modeled as TX8 compiler ABI.
third_party/tx8_deps/tx8-yoc-rt-thread-smp/lib/libkcorert.a,kservice.c.o,rt_hw_backtrace_frame_get,W,Dependency,rtos-board-dependency,RTThread/POSIX/board support dependency; not modeled as TX8 compiler ABI.
third_party/tx8_deps/tx8-yoc-rt-thread-smp/lib/libkcorert.a,kservice.c.o,rt_hw_backtrace_frame_unwind,W,Dependency,rtos-board-dependency,RTThread/POSIX/board support dependency; not modeled as TX8 compiler ABI.
third_party/tx8_deps/tx8-yoc-rt-thread-smp/lib/libkcorert.a,kservice.c.o,rt_hw_cpu_arch,W,Dependency,rtos-board-dependency,RTThread/POSIX/board support dependency; not modeled as TX8 compiler ABI.
third_party/tx8_deps/tx8-yoc-rt-thread-smp/lib/libkcorert.a,kservice.c.o,rt_hw_cpu_reset,W,Dependency,rtos-board-dependency,RTThread/POSIX/board support dependency; not modeled as TX8 compiler ABI.
third_party/tx8_deps/tx8-yoc-rt-thread-smp/lib/libkcorert.a,kservice.c.o,rt_hw_cpu_shutdown,W,Dependency,rtos-board-dependency,RTThread/POSIX/board support dependency; not modeled as TX8 compiler ABI.
third_party/tx8_deps/tx8-yoc-rt-thread-smp/lib/libkcorert.a,kservice.c.o,rt_hw_us_delay,W,Dependency,rtos-board-dependency,RTThread/POSIX/board support dependency; not modeled as TX8 compiler ABI.
third_party/tx8_deps/tx8-yoc-rt-thread-smp/lib/libkcorert.a,kservice.c.o,rt_malloc,W,Dependency,rtos-board-dependency,RTThread/POSIX/board support dependency; not modeled as TX8 compiler ABI.
third_party/tx8_deps/tx8-yoc-rt-thread-smp/lib/libkcorert.a,kservice.c.o,rt_malloc_align,W,Dependency,rtos-board-dependency,RTThread/POSIX/board support dependency; not modeled as TX8 compiler ABI.
third_party/tx8_deps/tx8-yoc-rt-thread-smp/lib/libkcorert.a,kservice.c.o,rt_malloc_hook,b,Dependency,rtos-board-dependency,RTThread/POSIX/board support dependency; not modeled as TX8 compiler ABI.
third_party/tx8_deps/tx8-yoc-rt-thread-smp/lib/libkcorert.a,kservice.c.o,rt_malloc_sethook,T,Dependency,rtos-board-dependency,RTThread/POSIX/board support dependency; not modeled as TX8 compiler ABI.
third_party/tx8_deps/tx8-yoc-rt-thread-smp/lib/libkcorert.a,kservice.c.o,rt_malloc_with_scope,W,Dependency,rtos-board-dependency,RTThread/POSIX/board support dependency; not modeled as TX8 compiler ABI.
third_party/tx8_deps/tx8-yoc-rt-thread-smp/lib/libkcorert.a,kservice.c.o,rt_memory_info,W,Dependency,rtos-board-dependency,RTThread/POSIX/board support dependency; not modeled as TX8 compiler ABI.
third_party/tx8_deps/tx8-yoc-rt-thread-smp/lib/libkcorert.a,kservice.c.o,rt_memory_info_with_scope,W,Dependency,rtos-board-dependency,RTThread/POSIX/board support dependency; not modeled as TX8 compiler ABI.
third_party/tx8_deps/tx8-yoc-rt-thread-smp/lib/libkcorert.a,kservice.c.o,rt_realloc,W,Dependency,rtos-board-dependency,RTThread/POSIX/board support dependency; not modeled as TX8 compiler ABI.
third_party/tx8_deps/tx8-yoc-rt-thread-smp/lib/libkcorert.a,kservice.c.o,rt_realloc_entry_hook,b,Dependency,rtos-board-dependency,RTThread/POSIX/board support dependency; not modeled as TX8 compiler ABI.
third_party/tx8_deps/tx8-yoc-rt-thread-smp/lib/libkcorert.a,kservice.c.o,rt_realloc_exit_hook,b,Dependency,rtos-board-dependency,RTThread/POSIX/board support dependency; not modeled as TX8 compiler ABI.
third_party/tx8_deps/tx8-yoc-rt-thread-smp/lib/libkcorert.a,kservice.c.o,rt_realloc_set_entry_hook,T,Dependency,rtos-board-dependency,RTThread/POSIX/board support dependency; not modeled as TX8 compiler ABI.
third_party/tx8_deps/tx8-yoc-rt-thread-smp/lib/libkcorert.a,kservice.c.o,rt_realloc_set_exit_hook,T,Dependency,rtos-board-dependency,RTThread/POSIX/board support dependency; not modeled as TX8 compiler ABI.
third_party/tx8_deps/tx8-yoc-rt-thread-smp/lib/libkcorert.a,kservice.c.o,rt_realloc_with_scope,W,Dependency,rtos-board-dependency,RTThread/POSIX/board support dependency; not modeled as TX8 compiler ABI.
third_party/tx8_deps/tx8-yoc-rt-thread-smp/lib/libkcorert.a,kservice.c.o,rt_set_errno,T,Dependency,rtos-board-dependency,RTThread/POSIX/board support dependency; not modeled as TX8 compiler ABI.
third_party/tx8_deps/tx8-yoc-rt-thread-smp/lib/libkcorert.a,kservice.c.o,rt_show_version,T,Dependency,rtos-board-dependency,RTThread/POSIX/board support dependency; not modeled as TX8 compiler ABI.
third_party/tx8_deps/tx8-yoc-rt-thread-smp/lib/libkcorert.a,kservice.c.o,rt_strerror,T,Dependency,rtos-board-dependency,RTThread/POSIX/board support dependency; not modeled as TX8 compiler ABI.
third_party/tx8_deps/tx8-yoc-rt-thread-smp/lib/libkcorert.a,kservice.c.o,rt_system_heap_init,W,Dependency,rtos-board-dependency,RTThread/POSIX/board support dependency; not modeled as TX8 compiler ABI.
third_party/tx8_deps/tx8-yoc-rt-thread-smp/lib/libkcorert.a,kservice.c.o,rt_system_heap_init_with_scope,W,Dependency,rtos-board-dependency,RTThread/POSIX/board support dependency; not modeled as TX8 compiler ABI.
third_party/tx8_deps/tx8-yoc-rt-thread-smp/lib/libkcorert.a,kservice.c.o,rt_system_heap_init_with_scope_ex,T,Dependency,rtos-board-dependency,RTThread/POSIX/board support dependency; not modeled as TX8 compiler ABI.
third_party/tx8_deps/tx8-yoc-rt-thread-smp/lib/libkcorert.a,kservice.c.o,system_heap,b,Dependency,rtos-board-dependency,RTThread/POSIX/board support dependency; not modeled as TX8 compiler ABI.
third_party/tx8_deps/tx8-yoc-rt-thread-smp/lib/libkcorert.a,kservice.c.o,system_heap_with_scope,b,Dependency,rtos-board-dependency,RTThread/POSIX/board support dependency; not modeled as TX8 compiler ABI.
third_party/tx8_deps/tx8-yoc-rt-thread-smp/lib/libkcorert.a,kstdio.c.o,__rtmsym_rt_snprintf,D,Dependency,rtos-board-dependency,RTThread/POSIX/board support dependency; not modeled as TX8 compiler ABI.
third_party/tx8_deps/tx8-yoc-rt-thread-smp/lib/libkcorert.a,kstdio.c.o,__rtmsym_rt_snprintf_name,R,Dependency,rtos-board-dependency,RTThread/POSIX/board support dependency; not modeled as TX8 compiler ABI.
third_party/tx8_deps/tx8-yoc-rt-thread-smp/lib/libkcorert.a,kstdio.c.o,__rtmsym_rt_sprintf,D,Dependency,rtos-board-dependency,RTThread/POSIX/board support dependency; not modeled as TX8 compiler ABI.
third_party/tx8_deps/tx8-yoc-rt-thread-smp/lib/libkcorert.a,kstdio.c.o,__rtmsym_rt_sprintf_name,R,Dependency,rtos-board-dependency,RTThread/POSIX/board support dependency; not modeled as TX8 compiler ABI.
third_party/tx8_deps/tx8-yoc-rt-thread-smp/lib/libkcorert.a,kstdio.c.o,__rtmsym_rt_vsnprintf,D,Dependency,rtos-board-dependency,RTThread/POSIX/board support dependency; not modeled as TX8 compiler ABI.
third_party/tx8_deps/tx8-yoc-rt-thread-smp/lib/libkcorert.a,kstdio.c.o,__rtmsym_rt_vsnprintf_name,R,Dependency,rtos-board-dependency,RTThread/POSIX/board support dependency; not modeled as TX8 compiler ABI.
third_party/tx8_deps/tx8-yoc-rt-thread-smp/lib/libkcorert.a,kstdio.c.o,__rtmsym_rt_vsprintf,D,Dependency,rtos-board-dependency,RTThread/POSIX/board support dependency; not modeled as TX8 compiler ABI.
third_party/tx8_deps/tx8-yoc-rt-thread-smp/lib/libkcorert.a,kstdio.c.o,__rtmsym_rt_vsprintf_name,R,Dependency,rtos-board-dependency,RTThread/POSIX/board support dependency; not modeled as TX8 compiler ABI.
third_party/tx8_deps/tx8-yoc-rt-thread-smp/lib/libkcorert.a,kstdio.c.o,large_digits.1,r,Dependency,rtos-board-dependency,RTThread/POSIX/board support dependency; not modeled as TX8 compiler ABI.
third_party/tx8_deps/tx8-yoc-rt-thread-smp/lib/libkcorert.a,kstdio.c.o,print_number,t,Dependency,rtos-board-dependency,RTThread/POSIX/board support dependency; not modeled as TX8 compiler ABI.
third_party/tx8_deps/tx8-yoc-rt-thread-smp/lib/libkcorert.a,kstdio.c.o,rt_snprintf,T,Dependency,rtos-board-dependency,RTThread/POSIX/board support dependency; not modeled as TX8 compiler ABI.
third_party/tx8_deps/tx8-yoc-rt-thread-smp/lib/libkcorert.a,kstdio.c.o,rt_sprintf,T,Dependency,rtos-board-dependency,RTThread/POSIX/board support dependency; not modeled as TX8 compiler ABI.
third_party/tx8_deps/tx8-yoc-rt-thread-smp/lib/libkcorert.a,kstdio.c.o,rt_vsnprintf,W,Dependency,rtos-board-dependency,RTThread/POSIX/board support dependency; not modeled as TX8 compiler ABI.
third_party/tx8_deps/tx8-yoc-rt-thread-smp/lib/libkcorert.a,kstdio.c.o,rt_vsprintf,T,Dependency,rtos-board-dependency,RTThread/POSIX/board support dependency; not modeled as TX8 compiler ABI.
third_party/tx8_deps/tx8-yoc-rt-thread-smp/lib/libkcorert.a,kstdio.c.o,small_digits.0,r,Dependency,rtos-board-dependency,RTThread/POSIX/board support dependency; not modeled as TX8 compiler ABI.
third_party/tx8_deps/tx8-yoc-rt-thread-smp/lib/libkcorert.a,kstring.c.o,__rtmsym_rt_memcmp,D,Dependency,rtos-board-dependency,RTThread/POSIX/board support dependency; not modeled as TX8 compiler ABI.
third_party/tx8_deps/tx8-yoc-rt-thread-smp/lib/libkcorert.a,kstring.c.o,__rtmsym_rt_memcmp_name,R,Dependency,rtos-board-dependency,RTThread/POSIX/board support dependency; not modeled as TX8 compiler ABI.
third_party/tx8_deps/tx8-yoc-rt-thread-smp/lib/libkcorert.a,kstring.c.o,__rtmsym_rt_memcpy,D,Dependency,rtos-board-dependency,RTThread/POSIX/board support dependency; not modeled as TX8 compiler ABI.
third_party/tx8_deps/tx8-yoc-rt-thread-smp/lib/libkcorert.a,kstring.c.o,__rtmsym_rt_memcpy_name,R,Dependency,rtos-board-dependency,RTThread/POSIX/board support dependency; not modeled as TX8 compiler ABI.
third_party/tx8_deps/tx8-yoc-rt-thread-smp/lib/libkcorert.a,kstring.c.o,__rtmsym_rt_memmove,D,Dependency,rtos-board-dependency,RTThread/POSIX/board support dependency; not modeled as TX8 compiler ABI.
third_party/tx8_deps/tx8-yoc-rt-thread-smp/lib/libkcorert.a,kstring.c.o,__rtmsym_rt_memmove_name,R,Dependency,rtos-board-dependency,RTThread/POSIX/board support dependency; not modeled as TX8 compiler ABI.
third_party/tx8_deps/tx8-yoc-rt-thread-smp/lib/libkcorert.a,kstring.c.o,__rtmsym_rt_memset,D,Dependency,rtos-board-dependency,RTThread/POSIX/board support dependency; not modeled as TX8 compiler ABI.
third_party/tx8_deps/tx8-yoc-rt-thread-smp/lib/libkcorert.a,kstring.c.o,__rtmsym_rt_memset_name,R,Dependency,rtos-board-dependency,RTThread/POSIX/board support dependency; not modeled as TX8 compiler ABI.
third_party/tx8_deps/tx8-yoc-rt-thread-smp/lib/libkcorert.a,kstring.c.o,__rtmsym_rt_strcasecmp,D,Dependency,rtos-board-dependency,RTThread/POSIX/board support dependency; not modeled as TX8 compiler ABI.
third_party/tx8_deps/tx8-yoc-rt-thread-smp/lib/libkcorert.a,kstring.c.o,__rtmsym_rt_strcasecmp_name,R,Dependency,rtos-board-dependency,RTThread/POSIX/board support dependency; not modeled as TX8 compiler ABI.
third_party/tx8_deps/tx8-yoc-rt-thread-smp/lib/libkcorert.a,kstring.c.o,__rtmsym_rt_strcmp,D,Dependency,rtos-board-dependency,RTThread/POSIX/board support dependency; not modeled as TX8 compiler ABI.
third_party/tx8_deps/tx8-yoc-rt-thread-smp/lib/libkcorert.a,kstring.c.o,__rtmsym_rt_strcmp_name,R,Dependency,rtos-board-dependency,RTThread/POSIX/board support dependency; not modeled as TX8 compiler ABI.
third_party/tx8_deps/tx8-yoc-rt-thread-smp/lib/libkcorert.a,kstring.c.o,__rtmsym_rt_strcpy,D,Dependency,rtos-board-dependency,RTThread/POSIX/board support dependency; not modeled as TX8 compiler ABI.
third_party/tx8_deps/tx8-yoc-rt-thread-smp/lib/libkcorert.a,kstring.c.o,__rtmsym_rt_strcpy_name,R,Dependency,rtos-board-dependency,RTThread/POSIX/board support dependency; not modeled as TX8 compiler ABI.
third_party/tx8_deps/tx8-yoc-rt-thread-smp/lib/libkcorert.a,kstring.c.o,__rtmsym_rt_strdup,D,Dependency,rtos-board-dependency,RTThread/POSIX/board support dependency; not modeled as TX8 compiler ABI.
third_party/tx8_deps/tx8-yoc-rt-thread-smp/lib/libkcorert.a,kstring.c.o,__rtmsym_rt_strdup_name,R,Dependency,rtos-board-dependency,RTThread/POSIX/board support dependency; not modeled as TX8 compiler ABI.
third_party/tx8_deps/tx8-yoc-rt-thread-smp/lib/libkcorert.a,kstring.c.o,__rtmsym_rt_strlen,D,Dependency,rtos-board-dependency,RTThread/POSIX/board support dependency; not modeled as TX8 compiler ABI.
third_party/tx8_deps/tx8-yoc-rt-thread-smp/lib/libkcorert.a,kstring.c.o,__rtmsym_rt_strlen_name,R,Dependency,rtos-board-dependency,RTThread/POSIX/board support dependency; not modeled as TX8 compiler ABI.
third_party/tx8_deps/tx8-yoc-rt-thread-smp/lib/libkcorert.a,kstring.c.o,__rtmsym_rt_strncmp,D,Dependency,rtos-board-dependency,RTThread/POSIX/board support dependency; not modeled as TX8 compiler ABI.
third_party/tx8_deps/tx8-yoc-rt-thread-smp/lib/libkcorert.a,kstring.c.o,__rtmsym_rt_strncmp_name,R,Dependency,rtos-board-dependency,RTThread/POSIX/board support dependency; not modeled as TX8 compiler ABI.
third_party/tx8_deps/tx8-yoc-rt-thread-smp/lib/libkcorert.a,kstring.c.o,__rtmsym_rt_strncpy,D,Dependency,rtos-board-dependency,RTThread/POSIX/board support dependency; not modeled as TX8 compiler ABI.
third_party/tx8_deps/tx8-yoc-rt-thread-smp/lib/libkcorert.a,kstring.c.o,__rtmsym_rt_strncpy_name,R,Dependency,rtos-board-dependency,RTThread/POSIX/board support dependency; not modeled as TX8 compiler ABI.
third_party/tx8_deps/tx8-yoc-rt-thread-smp/lib/libkcorert.a,kstring.c.o,__rtmsym_rt_strnlen,D,Dependency,rtos-board-dependency,RTThread/POSIX/board support dependency; not modeled as TX8 compiler ABI.
third_party/tx8_deps/tx8-yoc-rt-thread-smp/lib/libkcorert.a,kstring.c.o,__rtmsym_rt_strnlen_name,R,Dependency,rtos-board-dependency,RTThread/POSIX/board support dependency; not modeled as TX8 compiler ABI.
third_party/tx8_deps/tx8-yoc-rt-thread-smp/lib/libkcorert.a,kstring.c.o,__rtmsym_rt_strstr,D,Dependency,rtos-board-dependency,RTThread/POSIX/board support dependency; not modeled as TX8 compiler ABI.
third_party/tx8_deps/tx8-yoc-rt-thread-smp/lib/libkcorert.a,kstring.c.o,__rtmsym_rt_strstr_name,R,Dependency,rtos-board-dependency,RTThread/POSIX/board support dependency; not modeled as TX8 compiler ABI.
third_party/tx8_deps/tx8-yoc-rt-thread-smp/lib/libkcorert.a,kstring.c.o,rt_memcmp,T,Dependency,rtos-board-dependency,RTThread/POSIX/board support dependency; not modeled as TX8 compiler ABI.
third_party/tx8_deps/tx8-yoc-rt-thread-smp/lib/libkcorert.a,kstring.c.o,rt_memcpy,W,Dependency,rtos-board-dependency,RTThread/POSIX/board support dependency; not modeled as TX8 compiler ABI.
third_party/tx8_deps/tx8-yoc-rt-thread-smp/lib/libkcorert.a,kstring.c.o,rt_memmove,T,Dependency,rtos-board-dependency,RTThread/POSIX/board support dependency; not modeled as TX8 compiler ABI.
third_party/tx8_deps/tx8-yoc-rt-thread-smp/lib/libkcorert.a,kstring.c.o,rt_memset,W,Dependency,rtos-board-dependency,RTThread/POSIX/board support dependency; not modeled as TX8 compiler ABI.
third_party/tx8_deps/tx8-yoc-rt-thread-smp/lib/libkcorert.a,kstring.c.o,rt_strcasecmp,T,Dependency,rtos-board-dependency,RTThread/POSIX/board support dependency; not modeled as TX8 compiler ABI.
third_party/tx8_deps/tx8-yoc-rt-thread-smp/lib/libkcorert.a,kstring.c.o,rt_strcmp,T,Dependency,rtos-board-dependency,RTThread/POSIX/board support dependency; not modeled as TX8 compiler ABI.
third_party/tx8_deps/tx8-yoc-rt-thread-smp/lib/libkcorert.a,kstring.c.o,rt_strcpy,T,Dependency,rtos-board-dependency,RTThread/POSIX/board support dependency; not modeled as TX8 compiler ABI.
third_party/tx8_deps/tx8-yoc-rt-thread-smp/lib/libkcorert.a,kstring.c.o,rt_strdup,T,Dependency,rtos-board-dependency,RTThread/POSIX/board support dependency; not modeled as TX8 compiler ABI.
third_party/tx8_deps/tx8-yoc-rt-thread-smp/lib/libkcorert.a,kstring.c.o,rt_strlen,T,Dependency,rtos-board-dependency,RTThread/POSIX/board support dependency; not modeled as TX8 compiler ABI.
third_party/tx8_deps/tx8-yoc-rt-thread-smp/lib/libkcorert.a,kstring.c.o,rt_strncmp,T,Dependency,rtos-board-dependency,RTThread/POSIX/board support dependency; not modeled as TX8 compiler ABI.
third_party/tx8_deps/tx8-yoc-rt-thread-smp/lib/libkcorert.a,kstring.c.o,rt_strncpy,T,Dependency,rtos-board-dependency,RTThread/POSIX/board support dependency; not modeled as TX8 compiler ABI.
third_party/tx8_deps/tx8-yoc-rt-thread-smp/lib/libkcorert.a,kstring.c.o,rt_strnlen,T,Dependency,rtos-board-dependency,RTThread/POSIX/board support dependency; not modeled as TX8 compiler ABI.
third_party/tx8_deps/tx8-yoc-rt-thread-smp/lib/libkcorert.a,kstring.c.o,rt_strstr,T,Dependency,rtos-board-dependency,RTThread/POSIX/board support dependency; not modeled as TX8 compiler ABI.
third_party/tx8_deps/tx8-yoc-rt-thread-smp/lib/libkcorert.a,kuiper_dte.c.o,kuiper_dte_check_dma_done,T,ABI,kcore-runtime-api,Kcore runtime entry covered as device-side ABI.
third_party/tx8_deps/tx8-yoc-rt-thread-smp/lib/libkcorert.a,kuiper_dte.c.o,kuiper_dte_clear_dma_status,T,ABI,kcore-runtime-api,Kcore runtime entry covered as device-side ABI.
third_party/tx8_deps/tx8-yoc-rt-thread-smp/lib/libkcorert.a,kuiper_dte.c.o,kuiper_dte_init,T,ABI,kcore-runtime-api,Kcore runtime entry covered as device-side ABI.
third_party/tx8_deps/tx8-yoc-rt-thread-smp/lib/libkcorert.a,kuiper_dte.c.o,kuiper_dte_init_reg,T,ABI,kcore-runtime-api,Kcore runtime entry covered as device-side ABI.
third_party/tx8_deps/tx8-yoc-rt-thread-smp/lib/libkcorert.a,kuiper_dte.c.o,kuiper_dte_set_dst_info,T,ABI,kcore-runtime-api,Kcore runtime entry covered as device-side ABI.
third_party/tx8_deps/tx8-yoc-rt-thread-smp/lib/libkcorert.a,kuiper_dte.c.o,kuiper_dte_set_src_mode,T,ABI,kcore-runtime-api,Kcore runtime entry covered as device-side ABI.
third_party/tx8_deps/tx8-yoc-rt-thread-smp/lib/libkcorert.a,kuiper_dte.c.o,kuiper_dte_trig_send,T,ABI,kcore-runtime-api,Kcore runtime entry covered as device-side ABI.
third_party/tx8_deps/tx8-yoc-rt-thread-smp/lib/libkcorert.a,kuiper_dte.c.o,get_dte_reg,T,Dependency,unclassified-dependency,Named dependency/support symbol outside the compiler-facing ABI surface.
third_party/tx8_deps/tx8-yoc-rt-thread-smp/lib/libkcorert.a,kuiper_dte.c.o,kuiper_dte_clear_pmu_reg,T,HardwareVerify,hardware-measured-runtime,Static ABI is documented; timing/state semantics require board verification.
third_party/tx8_deps/tx8-yoc-rt-thread-smp/lib/libkcorert.a,kuiper_dte.c.o,kuiper_dte_get_pmu_en,T,HardwareVerify,hardware-measured-runtime,Static ABI is documented; timing/state semantics require board verification.
third_party/tx8_deps/tx8-yoc-rt-thread-smp/lib/libkcorert.a,kuiper_dte.c.o,kuiper_dte_pmu_get_all_idle_clk_cnts,T,HardwareVerify,hardware-measured-runtime,Static ABI is documented; timing/state semantics require board verification.
third_party/tx8_deps/tx8-yoc-rt-thread-smp/lib/libkcorert.a,kuiper_dte.c.o,kuiper_dte_pmu_get_clk_cnts,T,HardwareVerify,hardware-measured-runtime,Static ABI is documented; timing/state semantics require board verification.
third_party/tx8_deps/tx8-yoc-rt-thread-smp/lib/libkcorert.a,kuiper_dte.c.o,kuiper_dte_pmu_get_clk_cnts_one_channel,T,HardwareVerify,hardware-measured-runtime,Static ABI is documented; timing/state semantics require board verification.
third_party/tx8_deps/tx8-yoc-rt-thread-smp/lib/libkcorert.a,kuiper_dte.c.o,kuiper_dte_pmu_get_cmd_failed_cnts,T,HardwareVerify,hardware-measured-runtime,Static ABI is documented; timing/state semantics require board verification.
third_party/tx8_deps/tx8-yoc-rt-thread-smp/lib/libkcorert.a,kuiper_dte.c.o,kuiper_dte_pmu_get_cmd_success_cnts,T,HardwareVerify,hardware-measured-runtime,Static ABI is documented; timing/state semantics require board verification.
third_party/tx8_deps/tx8-yoc-rt-thread-smp/lib/libkcorert.a,kuiper_dte.c.o,kuiper_dte_pmu_get_idle_clk_cnts,T,HardwareVerify,hardware-measured-runtime,Static ABI is documented; timing/state semantics require board verification.
third_party/tx8_deps/tx8-yoc-rt-thread-smp/lib/libkcorert.a,kuiper_dte.c.o,kuiper_dte_pmu_get_transfer_data_cnts,T,HardwareVerify,hardware-measured-runtime,Static ABI is documented; timing/state semantics require board verification.
third_party/tx8_deps/tx8-yoc-rt-thread-smp/lib/libkcorert.a,kuiper_dte.c.o,kuiper_dte_pmu_get_unalign_burst_cnts,T,HardwareVerify,hardware-measured-runtime,Static ABI is documented; timing/state semantics require board verification.
third_party/tx8_deps/tx8-yoc-rt-thread-smp/lib/libkcorert.a,kuiper_dte.c.o,kuiper_dte_pmu_get_work_status,T,HardwareVerify,hardware-measured-runtime,Static ABI is documented; timing/state semantics require board verification.
third_party/tx8_deps/tx8-yoc-rt-thread-smp/lib/libkcorert.a,kuiper_dte.c.o,kuiper_dte_set_pmu_en,T,HardwareVerify,hardware-measured-runtime,Static ABI is documented; timing/state semantics require board verification.
third_party/tx8_deps/tx8-yoc-rt-thread-smp/lib/libkcorert.a,kuiper_mailbox.c.o,kuiper_mailbox_init,T,ABI,kcore-runtime-api,Kcore runtime entry covered as device-side ABI.
third_party/tx8_deps/tx8-yoc-rt-thread-smp/lib/libkcorert.a,kuiper_mailbox.c.o,kuiper_mailbox_ras_get_rx_miss_count,T,ABI,kcore-runtime-api,Kcore runtime entry covered as device-side ABI.
third_party/tx8_deps/tx8-yoc-rt-thread-smp/lib/libkcorert.a,kuiper_mailbox.c.o,kuiper_mailbox_ras_get_tx_lockfail_count,T,ABI,kcore-runtime-api,Kcore runtime entry covered as device-side ABI.
third_party/tx8_deps/tx8-yoc-rt-thread-smp/lib/libkcorert.a,kuiper_mailbox.c.o,kuiper_mailbox_rx_check_channel_int_status,T,ABI,kcore-runtime-api,Kcore runtime entry covered as device-side ABI.
third_party/tx8_deps/tx8-yoc-rt-thread-smp/lib/libkcorert.a,kuiper_mailbox.c.o,kuiper_mailbox_rx_get_core_int_status,T,ABI,kcore-runtime-api,Kcore runtime entry covered as device-side ABI.
third_party/tx8_deps/tx8-yoc-rt-thread-smp/lib/libkcorert.a,kuiper_mailbox.c.o,kuiper_mailbox_rx_set_intmap,T,ABI,kcore-runtime-api,Kcore runtime entry covered as device-side ABI.
third_party/tx8_deps/tx8-yoc-rt-thread-smp/lib/libkcorert.a,kuiper_streamfsm.c.o,kuiper_streamfsm_alloc,T,ABI,kcore-runtime-api,Kcore runtime entry covered as device-side ABI.
third_party/tx8_deps/tx8-yoc-rt-thread-smp/lib/libkcorert.a,kuiper_streamfsm.c.o,kuiper_streamfsm_check_free_cnts,T,ABI,kcore-runtime-api,Kcore runtime entry covered as device-side ABI.
third_party/tx8_deps/tx8-yoc-rt-thread-smp/lib/libkcorert.a,kuiper_streamfsm.c.o,kuiper_streamfsm_check_packet_ready,T,ABI,kcore-runtime-api,Kcore runtime entry covered as device-side ABI.
third_party/tx8_deps/tx8-yoc-rt-thread-smp/lib/libkcorert.a,kuiper_streamfsm.c.o,kuiper_streamfsm_check_stream_ready,T,ABI,kcore-runtime-api,Kcore runtime entry covered as device-side ABI.
third_party/tx8_deps/tx8-yoc-rt-thread-smp/lib/libkcorert.a,kuiper_streamfsm.c.o,kuiper_streamfsm_clear_packet_receive_len,T,ABI,kcore-runtime-api,Kcore runtime entry covered as device-side ABI.
third_party/tx8_deps/tx8-yoc-rt-thread-smp/lib/libkcorert.a,kuiper_streamfsm.c.o,kuiper_streamfsm_clear_packet_status,T,ABI,kcore-runtime-api,Kcore runtime entry covered as device-side ABI.
third_party/tx8_deps/tx8-yoc-rt-thread-smp/lib/libkcorert.a,kuiper_streamfsm.c.o,kuiper_streamfsm_get_packet_receive_len,T,ABI,kcore-runtime-api,Kcore runtime entry covered as device-side ABI.
third_party/tx8_deps/tx8-yoc-rt-thread-smp/lib/libkcorert.a,kuiper_streamfsm.c.o,kuiper_streamfsm_get_stream_base_addr_check_en,T,ABI,kcore-runtime-api,Kcore runtime entry covered as device-side ABI.
third_party/tx8_deps/tx8-yoc-rt-thread-smp/lib/libkcorert.a,kuiper_streamfsm.c.o,kuiper_streamfsm_release,T,ABI,kcore-runtime-api,Kcore runtime entry covered as device-side ABI.
third_party/tx8_deps/tx8-yoc-rt-thread-smp/lib/libkcorert.a,kuiper_streamfsm.c.o,kuiper_streamfsm_set_stream_base_addr_check_en,T,ABI,kcore-runtime-api,Kcore runtime entry covered as device-side ABI.
third_party/tx8_deps/tx8-yoc-rt-thread-smp/lib/libkcorert.a,kuiper_streamfsm.c.o,fsm_init,T,Dependency,rtos-board-dependency,RTThread/POSIX/board support dependency; not modeled as TX8 compiler ABI.
third_party/tx8_deps/tx8-yoc-rt-thread-smp/lib/libkcorert.a,kuiper_streamfsm.c.o,set_kuiper_streamfsm_addr,T,Dependency,unclassified-dependency,Named dependency/support symbol outside the compiler-facing ABI surface.
third_party/tx8_deps/tx8-yoc-rt-thread-smp/lib/libkcorert.a,kuiper_streamfsm.c.o,set_kuiper_streamfsm_length,T,Dependency,unclassified-dependency,Named dependency/support symbol outside the compiler-facing ABI surface.
third_party/tx8_deps/tx8-yoc-rt-thread-smp/lib/libkcorert.a,kuiper_streamfsm.c.o,streamfsm_ctx,b,Dependency,unclassified-dependency,Named dependency/support symbol outside the compiler-facing ABI surface.
third_party/tx8_deps/tx8-yoc-rt-thread-smp/lib/libkcorert.a,led.c.o,rvm_hal_led_control,T,Dependency,rtos-board-dependency,RTThread/POSIX/board support dependency; not modeled as TX8 compiler ABI.
third_party/tx8_deps/tx8-yoc-rt-thread-smp/lib/libkcorert.a,lib_log.c.o,kcore_write_log,T,ABI,kcore-runtime-api,Kcore runtime entry covered as device-side ABI.
third_party/tx8_deps/tx8-yoc-rt-thread-smp/lib/libkcorert.a,lib_log.c.o,monitor_write_log,T,ABI,kcore-runtime-api,Kcore runtime entry covered as device-side ABI.
third_party/tx8_deps/tx8-yoc-rt-thread-smp/lib/libkcorert.a,lib_log.c.o,tsm_ep_log,T,ABI,kcore-runtime-api,Kcore runtime entry covered as device-side ABI.
third_party/tx8_deps/tx8-yoc-rt-thread-smp/lib/libkcorert.a,lib_log.c.o,tsm_ep_log_init,T,ABI,kcore-runtime-api,Kcore runtime entry covered as device-side ABI.
third_party/tx8_deps/tx8-yoc-rt-thread-smp/lib/libkcorert.a,lib_log.c.o,tx8_log_init,T,ABI,kcore-runtime-api,Kcore runtime entry covered as device-side ABI.
third_party/tx8_deps/tx8-yoc-rt-thread-smp/lib/libkcorert.a,lib_log.c.o,_tsm_ep_log,T,Dependency,rtos-board-dependency,RTThread/POSIX/board support dependency; not modeled as TX8 compiler ABI.
third_party/tx8_deps/tx8-yoc-rt-thread-smp/lib/libkcorert.a,lib_log.c.o,g_log_ctx,b,Dependency,rtos-board-dependency,RTThread/POSIX/board support dependency; not modeled as TX8 compiler ABI.
third_party/tx8_deps/tx8-yoc-rt-thread-smp/lib/libkcorert.a,lib_log.c.o,get_log_level,T,Dependency,rtos-board-dependency,RTThread/POSIX/board support dependency; not modeled as TX8 compiler ABI.
third_party/tx8_deps/tx8-yoc-rt-thread-smp/lib/libkcorert.a,lib_log.c.o,severity_to_name,d,Dependency,rtos-board-dependency,RTThread/POSIX/board support dependency; not modeled as TX8 compiler ABI.
third_party/tx8_deps/tx8-yoc-rt-thread-smp/lib/libkcorert.a,lib_log.c.o,g_pmu_buf_addr,b,HardwareVerify,hardware-measured-runtime,Static ABI is documented; timing/state semantics require board verification.
third_party/tx8_deps/tx8-yoc-rt-thread-smp/lib/libkcorert.a,lib_log.c.o,g_pmu_buf_size,b,HardwareVerify,hardware-measured-runtime,Static ABI is documented; timing/state semantics require board verification.
third_party/tx8_deps/tx8-yoc-rt-thread-smp/lib/libkcorert.a,lib_log.c.o,g_pmu_buf_wptr,b,HardwareVerify,hardware-measured-runtime,Static ABI is documented; timing/state semantics require board verification.
third_party/tx8_deps/tx8-yoc-rt-thread-smp/lib/libkcorert.a,lib_log.c.o,g_pmu_prof_type,b,HardwareVerify,hardware-measured-runtime,Static ABI is documented; timing/state semantics require board verification.
third_party/tx8_deps/tx8-yoc-rt-thread-smp/lib/libkcorert.a,lib_msleep.c.o,msleep,W,Dependency,rtos-board-dependency,RTThread/POSIX/board support dependency; not modeled as TX8 compiler ABI.
third_party/tx8_deps/tx8-yoc-rt-thread-smp/lib/libkcorert.a,lib_sleep.c.o,sleep,W,Dependency,rtos-board-dependency,RTThread/POSIX/board support dependency; not modeled as TX8 compiler ABI.
third_party/tx8_deps/tx8-yoc-rt-thread-smp/lib/libkcorert.a,lib_usleep.c.o,usleep,W,Dependency,rtos-board-dependency,RTThread/POSIX/board support dependency; not modeled as TX8 compiler ABI.
third_party/tx8_deps/tx8-yoc-rt-thread-smp/lib/libkcorert.a,list.c.o,dlist_entry_number,T,Dependency,rtos-board-dependency,RTThread/POSIX/board support dependency; not modeled as TX8 compiler ABI.
third_party/tx8_deps/tx8-yoc-rt-thread-smp/lib/libkcorert.a,list.c.o,slist_add_tail,T,Dependency,rtos-board-dependency,RTThread/POSIX/board support dependency; not modeled as TX8 compiler ABI.
third_party/tx8_deps/tx8-yoc-rt-thread-smp/lib/libkcorert.a,list.c.o,slist_del,T,Dependency,rtos-board-dependency,RTThread/POSIX/board support dependency; not modeled as TX8 compiler ABI.
third_party/tx8_deps/tx8-yoc-rt-thread-smp/lib/libkcorert.a,list.c.o,slist_entry_number,T,Dependency,rtos-board-dependency,RTThread/POSIX/board support dependency; not modeled as TX8 compiler ABI.
third_party/tx8_deps/tx8-yoc-rt-thread-smp/lib/libkcorert.a,lpm.c.o,g_pm_ctx,b,Dependency,rtos-board-dependency,RTThread/POSIX/board support dependency; not modeled as TX8 compiler ABI.
third_party/tx8_deps/tx8-yoc-rt-thread-smp/lib/libkcorert.a,lpm.c.o,lpm_entry,T,Dependency,rtos-board-dependency,RTThread/POSIX/board support dependency; not modeled as TX8 compiler ABI.
third_party/tx8_deps/tx8-yoc-rt-thread-smp/lib/libkcorert.a,lpm.c.o,lpm_handle,t,Dependency,rtos-board-dependency,RTThread/POSIX/board support dependency; not modeled as TX8 compiler ABI.
third_party/tx8_deps/tx8-yoc-rt-thread-smp/lib/libkcorert.a,lpm.c.o,lpm_idle_hook,T,Dependency,rtos-board-dependency,RTThread/POSIX/board support dependency; not modeled as TX8 compiler ABI.
third_party/tx8_deps/tx8-yoc-rt-thread-smp/lib/libkcorert.a,lpm.c.o,pm_agree_halt,T,Dependency,rtos-board-dependency,RTThread/POSIX/board support dependency; not modeled as TX8 compiler ABI.
third_party/tx8_deps/tx8-yoc-rt-thread-smp/lib/libkcorert.a,lpm.c.o,pm_config_mask,T,Dependency,rtos-board-dependency,RTThread/POSIX/board support dependency; not modeled as TX8 compiler ABI.
third_party/tx8_deps/tx8-yoc-rt-thread-smp/lib/libkcorert.a,lpm.c.o,pm_config_policy,T,Dependency,rtos-board-dependency,RTThread/POSIX/board support dependency; not modeled as TX8 compiler ABI.
third_party/tx8_deps/tx8-yoc-rt-thread-smp/lib/libkcorert.a,lpm.c.o,pm_get_policy,T,Dependency,rtos-board-dependency,RTThread/POSIX/board support dependency; not modeled as TX8 compiler ABI.
third_party/tx8_deps/tx8-yoc-rt-thread-smp/lib/libkcorert.a,lpm.c.o,pm_init,T,Dependency,rtos-board-dependency,RTThread/POSIX/board support dependency; not modeled as TX8 compiler ABI.
third_party/tx8_deps/tx8-yoc-rt-thread-smp/lib/libkcorert.a,main.c.o,__FUNCTION__.0,r,Dependency,rtos-board-dependency,RTThread/POSIX/board support dependency; not modeled as TX8 compiler ABI.
third_party/tx8_deps/tx8-yoc-rt-thread-smp/lib/libkcorert.a,main.c.o,__FUNCTION__.1,r,Dependency,rtos-board-dependency,RTThread/POSIX/board support dependency; not modeled as TX8 compiler ABI.
third_party/tx8_deps/tx8-yoc-rt-thread-smp/lib/libkcorert.a,main.c.o,app_task_handle,b,Dependency,rtos-board-dependency,RTThread/POSIX/board support dependency; not modeled as TX8 compiler ABI.
third_party/tx8_deps/tx8-yoc-rt-thread-smp/lib/libkcorert.a,main.c.o,application_task_entry,t,Dependency,rtos-board-dependency,RTThread/POSIX/board support dependency; not modeled as TX8 compiler ABI.
third_party/tx8_deps/tx8-yoc-rt-thread-smp/lib/libkcorert.a,main.c.o,base_init,T,Dependency,rtos-board-dependency,RTThread/POSIX/board support dependency; not modeled as TX8 compiler ABI.
third_party/tx8_deps/tx8-yoc-rt-thread-smp/lib/libkcorert.a,main.c.o,pre_main,T,Dependency,rtos-board-dependency,RTThread/POSIX/board support dependency; not modeled as TX8 compiler ABI.
third_party/tx8_deps/tx8-yoc-rt-thread-smp/lib/libkcorert.a,mem.c.o,__rtmsym_rt_smem_alloc,D,Dependency,rtos-board-dependency,RTThread/POSIX/board support dependency; not modeled as TX8 compiler ABI.
third_party/tx8_deps/tx8-yoc-rt-thread-smp/lib/libkcorert.a,mem.c.o,__rtmsym_rt_smem_alloc_name,R,Dependency,rtos-board-dependency,RTThread/POSIX/board support dependency; not modeled as TX8 compiler ABI.
third_party/tx8_deps/tx8-yoc-rt-thread-smp/lib/libkcorert.a,mem.c.o,__rtmsym_rt_smem_detach,D,Dependency,rtos-board-dependency,RTThread/POSIX/board support dependency; not modeled as TX8 compiler ABI.
third_party/tx8_deps/tx8-yoc-rt-thread-smp/lib/libkcorert.a,mem.c.o,__rtmsym_rt_smem_detach_name,R,Dependency,rtos-board-dependency,RTThread/POSIX/board support dependency; not modeled as TX8 compiler ABI.
third_party/tx8_deps/tx8-yoc-rt-thread-smp/lib/libkcorert.a,mem.c.o,__rtmsym_rt_smem_free,D,Dependency,rtos-board-dependency,RTThread/POSIX/board support dependency; not modeled as TX8 compiler ABI.
third_party/tx8_deps/tx8-yoc-rt-thread-smp/lib/libkcorert.a,mem.c.o,__rtmsym_rt_smem_free_name,R,Dependency,rtos-board-dependency,RTThread/POSIX/board support dependency; not modeled as TX8 compiler ABI.
third_party/tx8_deps/tx8-yoc-rt-thread-smp/lib/libkcorert.a,mem.c.o,__rtmsym_rt_smem_init,D,Dependency,rtos-board-dependency,RTThread/POSIX/board support dependency; not modeled as TX8 compiler ABI.
third_party/tx8_deps/tx8-yoc-rt-thread-smp/lib/libkcorert.a,mem.c.o,__rtmsym_rt_smem_init_name,R,Dependency,rtos-board-dependency,RTThread/POSIX/board support dependency; not modeled as TX8 compiler ABI.
third_party/tx8_deps/tx8-yoc-rt-thread-smp/lib/libkcorert.a,mem.c.o,__rtmsym_rt_smem_realloc,D,Dependency,rtos-board-dependency,RTThread/POSIX/board support dependency; not modeled as TX8 compiler ABI.
third_party/tx8_deps/tx8-yoc-rt-thread-smp/lib/libkcorert.a,mem.c.o,__rtmsym_rt_smem_realloc_name,R,Dependency,rtos-board-dependency,RTThread/POSIX/board support dependency; not modeled as TX8 compiler ABI.
third_party/tx8_deps/tx8-yoc-rt-thread-smp/lib/libkcorert.a,mem.c.o,rt_smem_alloc,T,Dependency,rtos-board-dependency,RTThread/POSIX/board support dependency; not modeled as TX8 compiler ABI.
third_party/tx8_deps/tx8-yoc-rt-thread-smp/lib/libkcorert.a,mem.c.o,rt_smem_detach,T,Dependency,rtos-board-dependency,RTThread/POSIX/board support dependency; not modeled as TX8 compiler ABI.
third_party/tx8_deps/tx8-yoc-rt-thread-smp/lib/libkcorert.a,mem.c.o,rt_smem_free,T,Dependency,rtos-board-dependency,RTThread/POSIX/board support dependency; not modeled as TX8 compiler ABI.
third_party/tx8_deps/tx8-yoc-rt-thread-smp/lib/libkcorert.a,mem.c.o,rt_smem_init,T,Dependency,rtos-board-dependency,RTThread/POSIX/board support dependency; not modeled as TX8 compiler ABI.
third_party/tx8_deps/tx8-yoc-rt-thread-smp/lib/libkcorert.a,mem.c.o,rt_smem_realloc,T,Dependency,rtos-board-dependency,RTThread/POSIX/board support dependency; not modeled as TX8 compiler ABI.
third_party/tx8_deps/tx8-yoc-rt-thread-smp/lib/libkcorert.a,mem_tx81.c.o,__rtmsym_rt_smem_alloc_tx81,D,Dependency,rtos-board-dependency,RTThread/POSIX/board support dependency; not modeled as TX8 compiler ABI.
third_party/tx8_deps/tx8-yoc-rt-thread-smp/lib/libkcorert.a,mem_tx81.c.o,__rtmsym_rt_smem_alloc_tx81_name,R,Dependency,rtos-board-dependency,RTThread/POSIX/board support dependency; not modeled as TX8 compiler ABI.
third_party/tx8_deps/tx8-yoc-rt-thread-smp/lib/libkcorert.a,mem_tx81.c.o,__rtmsym_rt_smem_free_tx81,D,Dependency,rtos-board-dependency,RTThread/POSIX/board support dependency; not modeled as TX8 compiler ABI.
third_party/tx8_deps/tx8-yoc-rt-thread-smp/lib/libkcorert.a,mem_tx81.c.o,__rtmsym_rt_smem_free_tx81_name,R,Dependency,rtos-board-dependency,RTThread/POSIX/board support dependency; not modeled as TX8 compiler ABI.
third_party/tx8_deps/tx8-yoc-rt-thread-smp/lib/libkcorert.a,mem_tx81.c.o,__rtmsym_rt_smem_init_tx81,D,Dependency,rtos-board-dependency,RTThread/POSIX/board support dependency; not modeled as TX8 compiler ABI.
third_party/tx8_deps/tx8-yoc-rt-thread-smp/lib/libkcorert.a,mem_tx81.c.o,__rtmsym_rt_smem_init_tx81_name,R,Dependency,rtos-board-dependency,RTThread/POSIX/board support dependency; not modeled as TX8 compiler ABI.
third_party/tx8_deps/tx8-yoc-rt-thread-smp/lib/libkcorert.a,mem_tx81.c.o,__rtmsym_rt_smem_realloc_tx81,D,Dependency,rtos-board-dependency,RTThread/POSIX/board support dependency; not modeled as TX8 compiler ABI.
third_party/tx8_deps/tx8-yoc-rt-thread-smp/lib/libkcorert.a,mem_tx81.c.o,__rtmsym_rt_smem_realloc_tx81_name,R,Dependency,rtos-board-dependency,RTThread/POSIX/board support dependency; not modeled as TX8 compiler ABI.
third_party/tx8_deps/tx8-yoc-rt-thread-smp/lib/libkcorert.a,mem_tx81.c.o,rt_smem_alloc_tx81,T,Dependency,rtos-board-dependency,RTThread/POSIX/board support dependency; not modeled as TX8 compiler ABI.
third_party/tx8_deps/tx8-yoc-rt-thread-smp/lib/libkcorert.a,mem_tx81.c.o,rt_smem_free_tx81,T,Dependency,rtos-board-dependency,RTThread/POSIX/board support dependency; not modeled as TX8 compiler ABI.
third_party/tx8_deps/tx8-yoc-rt-thread-smp/lib/libkcorert.a,mem_tx81.c.o,rt_smem_init_tx81,T,Dependency,rtos-board-dependency,RTThread/POSIX/board support dependency; not modeled as TX8 compiler ABI.
third_party/tx8_deps/tx8-yoc-rt-thread-smp/lib/libkcorert.a,mem_tx81.c.o,rt_smem_realloc_tx81,T,Dependency,rtos-board-dependency,RTThread/POSIX/board support dependency; not modeled as TX8 compiler ABI.
third_party/tx8_deps/tx8-yoc-rt-thread-smp/lib/libkcorert.a,memheap.c.o,__rtmsym_rt_memheap_alloc,D,Dependency,rtos-board-dependency,RTThread/POSIX/board support dependency; not modeled as TX8 compiler ABI.
third_party/tx8_deps/tx8-yoc-rt-thread-smp/lib/libkcorert.a,memheap.c.o,__rtmsym_rt_memheap_alloc_name,R,Dependency,rtos-board-dependency,RTThread/POSIX/board support dependency; not modeled as TX8 compiler ABI.
third_party/tx8_deps/tx8-yoc-rt-thread-smp/lib/libkcorert.a,memheap.c.o,__rtmsym_rt_memheap_detach,D,Dependency,rtos-board-dependency,RTThread/POSIX/board support dependency; not modeled as TX8 compiler ABI.
third_party/tx8_deps/tx8-yoc-rt-thread-smp/lib/libkcorert.a,memheap.c.o,__rtmsym_rt_memheap_detach_name,R,Dependency,rtos-board-dependency,RTThread/POSIX/board support dependency; not modeled as TX8 compiler ABI.
third_party/tx8_deps/tx8-yoc-rt-thread-smp/lib/libkcorert.a,memheap.c.o,__rtmsym_rt_memheap_free,D,Dependency,rtos-board-dependency,RTThread/POSIX/board support dependency; not modeled as TX8 compiler ABI.
third_party/tx8_deps/tx8-yoc-rt-thread-smp/lib/libkcorert.a,memheap.c.o,__rtmsym_rt_memheap_free_name,R,Dependency,rtos-board-dependency,RTThread/POSIX/board support dependency; not modeled as TX8 compiler ABI.
third_party/tx8_deps/tx8-yoc-rt-thread-smp/lib/libkcorert.a,memheap.c.o,__rtmsym_rt_memheap_init,D,Dependency,rtos-board-dependency,RTThread/POSIX/board support dependency; not modeled as TX8 compiler ABI.
third_party/tx8_deps/tx8-yoc-rt-thread-smp/lib/libkcorert.a,memheap.c.o,__rtmsym_rt_memheap_init_name,R,Dependency,rtos-board-dependency,RTThread/POSIX/board support dependency; not modeled as TX8 compiler ABI.
third_party/tx8_deps/tx8-yoc-rt-thread-smp/lib/libkcorert.a,memheap.c.o,__rtmsym_rt_memheap_realloc,D,Dependency,rtos-board-dependency,RTThread/POSIX/board support dependency; not modeled as TX8 compiler ABI.
third_party/tx8_deps/tx8-yoc-rt-thread-smp/lib/libkcorert.a,memheap.c.o,__rtmsym_rt_memheap_realloc_name,R,Dependency,rtos-board-dependency,RTThread/POSIX/board support dependency; not modeled as TX8 compiler ABI.
third_party/tx8_deps/tx8-yoc-rt-thread-smp/lib/libkcorert.a,memheap.c.o,rt_memheap_alloc,T,Dependency,rtos-board-dependency,RTThread/POSIX/board support dependency; not modeled as TX8 compiler ABI.
third_party/tx8_deps/tx8-yoc-rt-thread-smp/lib/libkcorert.a,memheap.c.o,rt_memheap_detach,T,Dependency,rtos-board-dependency,RTThread/POSIX/board support dependency; not modeled as TX8 compiler ABI.
third_party/tx8_deps/tx8-yoc-rt-thread-smp/lib/libkcorert.a,memheap.c.o,rt_memheap_free,T,Dependency,rtos-board-dependency,RTThread/POSIX/board support dependency; not modeled as TX8 compiler ABI.
third_party/tx8_deps/tx8-yoc-rt-thread-smp/lib/libkcorert.a,memheap.c.o,rt_memheap_info,T,Dependency,rtos-board-dependency,RTThread/POSIX/board support dependency; not modeled as TX8 compiler ABI.
third_party/tx8_deps/tx8-yoc-rt-thread-smp/lib/libkcorert.a,memheap.c.o,rt_memheap_init,T,Dependency,rtos-board-dependency,RTThread/POSIX/board support dependency; not modeled as TX8 compiler ABI.
third_party/tx8_deps/tx8-yoc-rt-thread-smp/lib/libkcorert.a,memheap.c.o,rt_memheap_realloc,T,Dependency,rtos-board-dependency,RTThread/POSIX/board support dependency; not modeled as TX8 compiler ABI.
third_party/tx8_deps/tx8-yoc-rt-thread-smp/lib/libkcorert.a,mempool.c.o,__rtmsym_rt_mp_alloc,D,Dependency,rtos-board-dependency,RTThread/POSIX/board support dependency; not modeled as TX8 compiler ABI.
third_party/tx8_deps/tx8-yoc-rt-thread-smp/lib/libkcorert.a,mempool.c.o,__rtmsym_rt_mp_alloc_name,R,Dependency,rtos-board-dependency,RTThread/POSIX/board support dependency; not modeled as TX8 compiler ABI.
third_party/tx8_deps/tx8-yoc-rt-thread-smp/lib/libkcorert.a,mempool.c.o,__rtmsym_rt_mp_create,D,Dependency,rtos-board-dependency,RTThread/POSIX/board support dependency; not modeled as TX8 compiler ABI.
third_party/tx8_deps/tx8-yoc-rt-thread-smp/lib/libkcorert.a,mempool.c.o,__rtmsym_rt_mp_create_name,R,Dependency,rtos-board-dependency,RTThread/POSIX/board support dependency; not modeled as TX8 compiler ABI.
third_party/tx8_deps/tx8-yoc-rt-thread-smp/lib/libkcorert.a,mempool.c.o,__rtmsym_rt_mp_delete,D,Dependency,rtos-board-dependency,RTThread/POSIX/board support dependency; not modeled as TX8 compiler ABI.
third_party/tx8_deps/tx8-yoc-rt-thread-smp/lib/libkcorert.a,mempool.c.o,__rtmsym_rt_mp_delete_name,R,Dependency,rtos-board-dependency,RTThread/POSIX/board support dependency; not modeled as TX8 compiler ABI.
third_party/tx8_deps/tx8-yoc-rt-thread-smp/lib/libkcorert.a,mempool.c.o,__rtmsym_rt_mp_detach,D,Dependency,rtos-board-dependency,RTThread/POSIX/board support dependency; not modeled as TX8 compiler ABI.
third_party/tx8_deps/tx8-yoc-rt-thread-smp/lib/libkcorert.a,mempool.c.o,__rtmsym_rt_mp_detach_name,R,Dependency,rtos-board-dependency,RTThread/POSIX/board support dependency; not modeled as TX8 compiler ABI.
third_party/tx8_deps/tx8-yoc-rt-thread-smp/lib/libkcorert.a,mempool.c.o,__rtmsym_rt_mp_free,D,Dependency,rtos-board-dependency,RTThread/POSIX/board support dependency; not modeled as TX8 compiler ABI.
third_party/tx8_deps/tx8-yoc-rt-thread-smp/lib/libkcorert.a,mempool.c.o,__rtmsym_rt_mp_free_name,R,Dependency,rtos-board-dependency,RTThread/POSIX/board support dependency; not modeled as TX8 compiler ABI.
third_party/tx8_deps/tx8-yoc-rt-thread-smp/lib/libkcorert.a,mempool.c.o,__rtmsym_rt_mp_init,D,Dependency,rtos-board-dependency,RTThread/POSIX/board support dependency; not modeled as TX8 compiler ABI.
third_party/tx8_deps/tx8-yoc-rt-thread-smp/lib/libkcorert.a,mempool.c.o,__rtmsym_rt_mp_init_name,R,Dependency,rtos-board-dependency,RTThread/POSIX/board support dependency; not modeled as TX8 compiler ABI.
third_party/tx8_deps/tx8-yoc-rt-thread-smp/lib/libkcorert.a,mempool.c.o,rt_mp_alloc,T,Dependency,rtos-board-dependency,RTThread/POSIX/board support dependency; not modeled as TX8 compiler ABI.
third_party/tx8_deps/tx8-yoc-rt-thread-smp/lib/libkcorert.a,mempool.c.o,rt_mp_alloc_hook,b,Dependency,rtos-board-dependency,RTThread/POSIX/board support dependency; not modeled as TX8 compiler ABI.
third_party/tx8_deps/tx8-yoc-rt-thread-smp/lib/libkcorert.a,mempool.c.o,rt_mp_alloc_sethook,T,Dependency,rtos-board-dependency,RTThread/POSIX/board support dependency; not modeled as TX8 compiler ABI.
third_party/tx8_deps/tx8-yoc-rt-thread-smp/lib/libkcorert.a,mempool.c.o,rt_mp_create,T,Dependency,rtos-board-dependency,RTThread/POSIX/board support dependency; not modeled as TX8 compiler ABI.
third_party/tx8_deps/tx8-yoc-rt-thread-smp/lib/libkcorert.a,mempool.c.o,rt_mp_delete,T,Dependency,rtos-board-dependency,RTThread/POSIX/board support dependency; not modeled as TX8 compiler ABI.
third_party/tx8_deps/tx8-yoc-rt-thread-smp/lib/libkcorert.a,mempool.c.o,rt_mp_detach,T,Dependency,rtos-board-dependency,RTThread/POSIX/board support dependency; not modeled as TX8 compiler ABI.
third_party/tx8_deps/tx8-yoc-rt-thread-smp/lib/libkcorert.a,mempool.c.o,rt_mp_free,T,Dependency,rtos-board-dependency,RTThread/POSIX/board support dependency; not modeled as TX8 compiler ABI.
third_party/tx8_deps/tx8-yoc-rt-thread-smp/lib/libkcorert.a,mempool.c.o,rt_mp_free_hook,b,Dependency,rtos-board-dependency,RTThread/POSIX/board support dependency; not modeled as TX8 compiler ABI.
third_party/tx8_deps/tx8-yoc-rt-thread-smp/lib/libkcorert.a,mempool.c.o,rt_mp_free_sethook,T,Dependency,rtos-board-dependency,RTThread/POSIX/board support dependency; not modeled as TX8 compiler ABI.
third_party/tx8_deps/tx8-yoc-rt-thread-smp/lib/libkcorert.a,mempool.c.o,rt_mp_init,T,Dependency,rtos-board-dependency,RTThread/POSIX/board support dependency; not modeled as TX8 compiler ABI.
third_party/tx8_deps/tx8-yoc-rt-thread-smp/lib/libkcorert.a,mini_printf.c.o,_etoa.part.0,t,Dependency,rtos-board-dependency,RTThread/POSIX/board support dependency; not modeled as TX8 compiler ABI.
third_party/tx8_deps/tx8-yoc-rt-thread-smp/lib/libkcorert.a,mini_printf.c.o,_ftoa.part.0,t,Dependency,rtos-board-dependency,RTThread/POSIX/board support dependency; not modeled as TX8 compiler ABI.
third_party/tx8_deps/tx8-yoc-rt-thread-smp/lib/libkcorert.a,mini_printf.c.o,_ntoa_long,t,Dependency,rtos-board-dependency,RTThread/POSIX/board support dependency; not modeled as TX8 compiler ABI.
third_party/tx8_deps/tx8-yoc-rt-thread-smp/lib/libkcorert.a,mini_printf.c.o,_ntoa_long_long,t,Dependency,rtos-board-dependency,RTThread/POSIX/board support dependency; not modeled as TX8 compiler ABI.
third_party/tx8_deps/tx8-yoc-rt-thread-smp/lib/libkcorert.a,mini_printf.c.o,_out_buffer,t,Dependency,rtos-board-dependency,RTThread/POSIX/board support dependency; not modeled as TX8 compiler ABI.
third_party/tx8_deps/tx8-yoc-rt-thread-smp/lib/libkcorert.a,mini_printf.c.o,_out_char,t,Dependency,rtos-board-dependency,RTThread/POSIX/board support dependency; not modeled as TX8 compiler ABI.
third_party/tx8_deps/tx8-yoc-rt-thread-smp/lib/libkcorert.a,mini_printf.c.o,_out_fct,t,Dependency,rtos-board-dependency,RTThread/POSIX/board support dependency; not modeled as TX8 compiler ABI.
third_party/tx8_deps/tx8-yoc-rt-thread-smp/lib/libkcorert.a,mini_printf.c.o,_out_null,t,Dependency,rtos-board-dependency,RTThread/POSIX/board support dependency; not modeled as TX8 compiler ABI.
third_party/tx8_deps/tx8-yoc-rt-thread-smp/lib/libkcorert.a,mini_printf.c.o,_out_rev,t,Dependency,rtos-board-dependency,RTThread/POSIX/board support dependency; not modeled as TX8 compiler ABI.
third_party/tx8_deps/tx8-yoc-rt-thread-smp/lib/libkcorert.a,mini_printf.c.o,_tx8_kernel___putchar,T,Dependency,rtos-board-dependency,RTThread/POSIX/board support dependency; not modeled as TX8 compiler ABI.
third_party/tx8_deps/tx8-yoc-rt-thread-smp/lib/libkcorert.a,mini_printf.c.o,_tx8_kernel__vsnprintf,t,Dependency,rtos-board-dependency,RTThread/POSIX/board support dependency; not modeled as TX8 compiler ABI.
third_party/tx8_deps/tx8-yoc-rt-thread-smp/lib/libkcorert.a,mini_printf.c.o,kprintf_init_flag.1,b,Dependency,rtos-board-dependency,RTThread/POSIX/board support dependency; not modeled as TX8 compiler ABI.
third_party/tx8_deps/tx8-yoc-rt-thread-smp/lib/libkcorert.a,mini_printf.c.o,kprintf_mutex.0,b,Dependency,rtos-board-dependency,RTThread/POSIX/board support dependency; not modeled as TX8 compiler ABI.
third_party/tx8_deps/tx8-yoc-rt-thread-smp/lib/libkcorert.a,mini_printf.c.o,pow10.2,r,Dependency,rtos-board-dependency,RTThread/POSIX/board support dependency; not modeled as TX8 compiler ABI.
third_party/tx8_deps/tx8-yoc-rt-thread-smp/lib/libkcorert.a,mini_printf.c.o,tx8_kernel_fctprintf,T,Dependency,rtos-board-dependency,RTThread/POSIX/board support dependency; not modeled as TX8 compiler ABI.
third_party/tx8_deps/tx8-yoc-rt-thread-smp/lib/libkcorert.a,mini_printf.c.o,tx8_kernel_fprintf,T,Dependency,rtos-board-dependency,RTThread/POSIX/board support dependency; not modeled as TX8 compiler ABI.
third_party/tx8_deps/tx8-yoc-rt-thread-smp/lib/libkcorert.a,mini_printf.c.o,tx8_kernel_printf,T,Dependency,rtos-board-dependency,RTThread/POSIX/board support dependency; not modeled as TX8 compiler ABI.
third_party/tx8_deps/tx8-yoc-rt-thread-smp/lib/libkcorert.a,mini_printf.c.o,tx8_kernel_putc,T,Dependency,rtos-board-dependency,RTThread/POSIX/board support dependency; not modeled as TX8 compiler ABI.
third_party/tx8_deps/tx8-yoc-rt-thread-smp/lib/libkcorert.a,mini_printf.c.o,tx8_kernel_putchar,T,Dependency,rtos-board-dependency,RTThread/POSIX/board support dependency; not modeled as TX8 compiler ABI.
third_party/tx8_deps/tx8-yoc-rt-thread-smp/lib/libkcorert.a,mini_printf.c.o,tx8_kernel_puts,T,Dependency,rtos-board-dependency,RTThread/POSIX/board support dependency; not modeled as TX8 compiler ABI.
third_party/tx8_deps/tx8-yoc-rt-thread-smp/lib/libkcorert.a,mini_printf.c.o,tx8_kernel_snprintf,T,Dependency,rtos-board-dependency,RTThread/POSIX/board support dependency; not modeled as TX8 compiler ABI.
third_party/tx8_deps/tx8-yoc-rt-thread-smp/lib/libkcorert.a,mini_printf.c.o,tx8_kernel_sprintf,T,Dependency,rtos-board-dependency,RTThread/POSIX/board support dependency; not modeled as TX8 compiler ABI.
third_party/tx8_deps/tx8-yoc-rt-thread-smp/lib/libkcorert.a,mini_printf.c.o,tx8_kernel_vprintf,T,Dependency,rtos-board-dependency,RTThread/POSIX/board support dependency; not modeled as TX8 compiler ABI.
third_party/tx8_deps/tx8-yoc-rt-thread-smp/lib/libkcorert.a,mini_printf.c.o,tx8_kernel_vsnprintf,T,Dependency,rtos-board-dependency,RTThread/POSIX/board support dependency; not modeled as TX8 compiler ABI.
third_party/tx8_deps/tx8-yoc-rt-thread-smp/lib/libkcorert.a,mod_dte.c.o,mod_kuiper_dte_alloc,T,ABI,kcore-runtime-api,Kcore runtime entry covered as device-side ABI.
third_party/tx8_deps/tx8-yoc-rt-thread-smp/lib/libkcorert.a,mod_dte.c.o,mod_kuiper_dte_auto_update_packet_cnt,T,ABI,kcore-runtime-api,Kcore runtime entry covered as device-side ABI.
third_party/tx8_deps/tx8-yoc-rt-thread-smp/lib/libkcorert.a,mod_dte.c.o,mod_kuiper_dte_check_free_cnt,T,ABI,kcore-runtime-api,Kcore runtime entry covered as device-side ABI.
third_party/tx8_deps/tx8-yoc-rt-thread-smp/lib/libkcorert.a,mod_dte.c.o,mod_kuiper_dte_check_send_status,T,ABI,kcore-runtime-api,Kcore runtime entry covered as device-side ABI.
third_party/tx8_deps/tx8-yoc-rt-thread-smp/lib/libkcorert.a,mod_dte.c.o,mod_kuiper_dte_clear_dma_status,T,ABI,kcore-runtime-api,Kcore runtime entry covered as device-side ABI.
third_party/tx8_deps/tx8-yoc-rt-thread-smp/lib/libkcorert.a,mod_dte.c.o,mod_kuiper_dte_config_src_and_dst,T,ABI,kcore-runtime-api,Kcore runtime entry covered as device-side ABI.
third_party/tx8_deps/tx8-yoc-rt-thread-smp/lib/libkcorert.a,mod_dte.c.o,mod_kuiper_dte_find_finished_block,T,ABI,kcore-runtime-api,Kcore runtime entry covered as device-side ABI.
third_party/tx8_deps/tx8-yoc-rt-thread-smp/lib/libkcorert.a,mod_dte.c.o,mod_kuiper_dte_release,T,ABI,kcore-runtime-api,Kcore runtime entry covered as device-side ABI.
third_party/tx8_deps/tx8-yoc-rt-thread-smp/lib/libkcorert.a,mod_dte.c.o,mod_kuiper_dte_trig_send,T,ABI,kcore-runtime-api,Kcore runtime entry covered as device-side ABI.
third_party/tx8_deps/tx8-yoc-rt-thread-smp/lib/libkcorert.a,mod_dte.c.o,dte_ctx,b,Dependency,unclassified-dependency,Named dependency/support symbol outside the compiler-facing ABI surface.
third_party/tx8_deps/tx8-yoc-rt-thread-smp/lib/libkcorert.a,mod_dte.c.o,dte_init,T,Dependency,unclassified-dependency,Named dependency/support symbol outside the compiler-facing ABI surface.
third_party/tx8_deps/tx8-yoc-rt-thread-smp/lib/libkcorert.a,mod_dte.c.o,mod_kuiper_dte_clear_pmu_reg,T,HardwareVerify,hardware-measured-runtime,Static ABI is documented; timing/state semantics require board verification.
third_party/tx8_deps/tx8-yoc-rt-thread-smp/lib/libkcorert.a,mod_dte.c.o,mod_kuiper_dte_get_pmu_en,T,HardwareVerify,hardware-measured-runtime,Static ABI is documented; timing/state semantics require board verification.
third_party/tx8_deps/tx8-yoc-rt-thread-smp/lib/libkcorert.a,mod_dte.c.o,mod_kuiper_dte_pmu_get_all_idle_clk_cnts,T,HardwareVerify,hardware-measured-runtime,Static ABI is documented; timing/state semantics require board verification.
third_party/tx8_deps/tx8-yoc-rt-thread-smp/lib/libkcorert.a,mod_dte.c.o,mod_kuiper_dte_pmu_get_clk_cnts,T,HardwareVerify,hardware-measured-runtime,Static ABI is documented; timing/state semantics require board verification.
third_party/tx8_deps/tx8-yoc-rt-thread-smp/lib/libkcorert.a,mod_dte.c.o,mod_kuiper_dte_pmu_get_clk_cnts_one_channel,T,HardwareVerify,hardware-measured-runtime,Static ABI is documented; timing/state semantics require board verification.
third_party/tx8_deps/tx8-yoc-rt-thread-smp/lib/libkcorert.a,mod_dte.c.o,mod_kuiper_dte_pmu_get_cmd_failed_cnts,T,HardwareVerify,hardware-measured-runtime,Static ABI is documented; timing/state semantics require board verification.
third_party/tx8_deps/tx8-yoc-rt-thread-smp/lib/libkcorert.a,mod_dte.c.o,mod_kuiper_dte_pmu_get_cmd_success_cnts,T,HardwareVerify,hardware-measured-runtime,Static ABI is documented; timing/state semantics require board verification.
third_party/tx8_deps/tx8-yoc-rt-thread-smp/lib/libkcorert.a,mod_dte.c.o,mod_kuiper_dte_pmu_get_idle_clk_cnts,T,HardwareVerify,hardware-measured-runtime,Static ABI is documented; timing/state semantics require board verification.
third_party/tx8_deps/tx8-yoc-rt-thread-smp/lib/libkcorert.a,mod_dte.c.o,mod_kuiper_dte_pmu_get_transfer_data_cnts,T,HardwareVerify,hardware-measured-runtime,Static ABI is documented; timing/state semantics require board verification.
third_party/tx8_deps/tx8-yoc-rt-thread-smp/lib/libkcorert.a,mod_dte.c.o,mod_kuiper_dte_pmu_get_unalign_burst_cnts,T,HardwareVerify,hardware-measured-runtime,Static ABI is documented; timing/state semantics require board verification.
third_party/tx8_deps/tx8-yoc-rt-thread-smp/lib/libkcorert.a,mod_dte.c.o,mod_kuiper_dte_pmu_get_work_status,T,HardwareVerify,hardware-measured-runtime,Static ABI is documented; timing/state semantics require board verification.
third_party/tx8_deps/tx8-yoc-rt-thread-smp/lib/libkcorert.a,mod_dte.c.o,mod_kuiper_dte_set_pmu_en,T,HardwareVerify,hardware-measured-runtime,Static ABI is documented; timing/state semantics require board verification.
third_party/tx8_deps/tx8-yoc-rt-thread-smp/lib/libkcorert.a,mod_mailbox.c.o,__func__.0,r,Dependency,rtos-board-dependency,RTThread/POSIX/board support dependency; not modeled as TX8 compiler ABI.
third_party/tx8_deps/tx8-yoc-rt-thread-smp/lib/libkcorert.a,mod_mailbox.c.o,mod_mailbox_aquire_tx_win,T,Dependency,unclassified-dependency,Named dependency/support symbol outside the compiler-facing ABI surface.
third_party/tx8_deps/tx8-yoc-rt-thread-smp/lib/libkcorert.a,mod_mailbox.c.o,mod_mailbox_release_tx_win,T,Dependency,unclassified-dependency,Named dependency/support symbol outside the compiler-facing ABI surface.
third_party/tx8_deps/tx8-yoc-rt-thread-smp/lib/libkcorert.a,mod_mailbox.c.o,mod_mailbox_rx_check_msg_cnt,T,Dependency,unclassified-dependency,Named dependency/support symbol outside the compiler-facing ABI surface.
third_party/tx8_deps/tx8-yoc-rt-thread-smp/lib/libkcorert.a,mod_mailbox.c.o,mod_mailbox_rx_pop_msg,T,Dependency,unclassified-dependency,Named dependency/support symbol outside the compiler-facing ABI surface.
third_party/tx8_deps/tx8-yoc-rt-thread-smp/lib/libkcorert.a,mod_mailbox.c.o,mod_mailbox_tx_msg,T,Dependency,unclassified-dependency,Named dependency/support symbol outside the compiler-facing ABI surface.
third_party/tx8_deps/tx8-yoc-rt-thread-smp/lib/libkcorert.a,mod_streamfsm.c.o,mod_kuiper_streamfsm_check_free_cnts,T,ABI,kcore-runtime-api,Kcore runtime entry covered as device-side ABI.
third_party/tx8_deps/tx8-yoc-rt-thread-smp/lib/libkcorert.a,mod_streamfsm.c.o,mod_kuiper_streamfsm_clear_packet_receive_len,T,ABI,kcore-runtime-api,Kcore runtime entry covered as device-side ABI.
third_party/tx8_deps/tx8-yoc-rt-thread-smp/lib/libkcorert.a,mod_streamfsm.c.o,mod_kuiper_streamfsm_clear_packet_status,T,ABI,kcore-runtime-api,Kcore runtime entry covered as device-side ABI.
third_party/tx8_deps/tx8-yoc-rt-thread-smp/lib/libkcorert.a,mod_streamfsm.c.o,mod_kuiper_streamfsm_get_packet_receive_len,T,ABI,kcore-runtime-api,Kcore runtime entry covered as device-side ABI.
third_party/tx8_deps/tx8-yoc-rt-thread-smp/lib/libkcorert.a,mod_streamfsm.c.o,mod_kuiper_streamfsm_get_stream_base_addr_check_en,T,ABI,kcore-runtime-api,Kcore runtime entry covered as device-side ABI.
third_party/tx8_deps/tx8-yoc-rt-thread-smp/lib/libkcorert.a,mod_streamfsm.c.o,mod_kuiper_streamfsm_offline,T,ABI,kcore-runtime-api,Kcore runtime entry covered as device-side ABI.
third_party/tx8_deps/tx8-yoc-rt-thread-smp/lib/libkcorert.a,mod_streamfsm.c.o,mod_kuiper_streamfsm_online,T,ABI,kcore-runtime-api,Kcore runtime entry covered as device-side ABI.
third_party/tx8_deps/tx8-yoc-rt-thread-smp/lib/libkcorert.a,mod_streamfsm.c.o,mod_kuiper_streamfsm_packet_ready_bitmap,T,ABI,kcore-runtime-api,Kcore runtime entry covered as device-side ABI.
third_party/tx8_deps/tx8-yoc-rt-thread-smp/lib/libkcorert.a,mod_streamfsm.c.o,mod_kuiper_streamfsm_ready_bitmap,T,ABI,kcore-runtime-api,Kcore runtime entry covered as device-side ABI.
third_party/tx8_deps/tx8-yoc-rt-thread-smp/lib/libkcorert.a,mod_streamfsm.c.o,mod_kuiper_streamfsm_set_stream_base_addr_check_en,T,ABI,kcore-runtime-api,Kcore runtime entry covered as device-side ABI.
third_party/tx8_deps/tx8-yoc-rt-thread-smp/lib/libkcorert.a,mqueue.c.o,g_mq_cb,b,Dependency,rtos-board-dependency,RTThread/POSIX/board support dependency; not modeled as TX8 compiler ABI.
third_party/tx8_deps/tx8-yoc-rt-thread-smp/lib/libkcorert.a,mqueue.c.o,mq_close,T,Dependency,rtos-board-dependency,RTThread/POSIX/board support dependency; not modeled as TX8 compiler ABI.
third_party/tx8_deps/tx8-yoc-rt-thread-smp/lib/libkcorert.a,mqueue.c.o,mq_getattr,T,Dependency,rtos-board-dependency,RTThread/POSIX/board support dependency; not modeled as TX8 compiler ABI.
third_party/tx8_deps/tx8-yoc-rt-thread-smp/lib/libkcorert.a,mqueue.c.o,mq_open,T,Dependency,rtos-board-dependency,RTThread/POSIX/board support dependency; not modeled as TX8 compiler ABI.
third_party/tx8_deps/tx8-yoc-rt-thread-smp/lib/libkcorert.a,mqueue.c.o,mq_receive,T,Dependency,rtos-board-dependency,RTThread/POSIX/board support dependency; not modeled as TX8 compiler ABI.
third_party/tx8_deps/tx8-yoc-rt-thread-smp/lib/libkcorert.a,mqueue.c.o,mq_send,T,Dependency,rtos-board-dependency,RTThread/POSIX/board support dependency; not modeled as TX8 compiler ABI.
third_party/tx8_deps/tx8-yoc-rt-thread-smp/lib/libkcorert.a,mqueue.c.o,mq_setattr,T,Dependency,rtos-board-dependency,RTThread/POSIX/board support dependency; not modeled as TX8 compiler ABI.
third_party/tx8_deps/tx8-yoc-rt-thread-smp/lib/libkcorert.a,mqueue.c.o,mq_timedreceive,T,Dependency,rtos-board-dependency,RTThread/POSIX/board support dependency; not modeled as TX8 compiler ABI.
third_party/tx8_deps/tx8-yoc-rt-thread-smp/lib/libkcorert.a,mqueue.c.o,mq_timedsend,T,Dependency,rtos-board-dependency,RTThread/POSIX/board support dependency; not modeled as TX8 compiler ABI.
third_party/tx8_deps/tx8-yoc-rt-thread-smp/lib/libkcorert.a,mqueue.c.o,mq_unlink,T,Dependency,rtos-board-dependency,RTThread/POSIX/board support dependency; not modeled as TX8 compiler ABI.
third_party/tx8_deps/tx8-yoc-rt-thread-smp/lib/libkcorert.a,newlib_stub.c.o,_calloc_r,T,Dependency,rtos-board-dependency,RTThread/POSIX/board support dependency; not modeled as TX8 compiler ABI.
third_party/tx8_deps/tx8-yoc-rt-thread-smp/lib/libkcorert.a,newlib_stub.c.o,_close_r,T,Dependency,rtos-board-dependency,RTThread/POSIX/board support dependency; not modeled as TX8 compiler ABI.
third_party/tx8_deps/tx8-yoc-rt-thread-smp/lib/libkcorert.a,newlib_stub.c.o,_execve_r,T,Dependency,rtos-board-dependency,RTThread/POSIX/board support dependency; not modeled as TX8 compiler ABI.
third_party/tx8_deps/tx8-yoc-rt-thread-smp/lib/libkcorert.a,newlib_stub.c.o,_exit,T,Dependency,rtos-board-dependency,RTThread/POSIX/board support dependency; not modeled as TX8 compiler ABI.
third_party/tx8_deps/tx8-yoc-rt-thread-smp/lib/libkcorert.a,newlib_stub.c.o,_fcntl_r,T,Dependency,rtos-board-dependency,RTThread/POSIX/board support dependency; not modeled as TX8 compiler ABI.
third_party/tx8_deps/tx8-yoc-rt-thread-smp/lib/libkcorert.a,newlib_stub.c.o,_fini,W,Dependency,rtos-board-dependency,RTThread/POSIX/board support dependency; not modeled as TX8 compiler ABI.
third_party/tx8_deps/tx8-yoc-rt-thread-smp/lib/libkcorert.a,newlib_stub.c.o,_fork_r,T,Dependency,rtos-board-dependency,RTThread/POSIX/board support dependency; not modeled as TX8 compiler ABI.
third_party/tx8_deps/tx8-yoc-rt-thread-smp/lib/libkcorert.a,newlib_stub.c.o,_free_r,T,Dependency,rtos-board-dependency,RTThread/POSIX/board support dependency; not modeled as TX8 compiler ABI.
third_party/tx8_deps/tx8-yoc-rt-thread-smp/lib/libkcorert.a,newlib_stub.c.o,_fstat_r,T,Dependency,rtos-board-dependency,RTThread/POSIX/board support dependency; not modeled as TX8 compiler ABI.
third_party/tx8_deps/tx8-yoc-rt-thread-smp/lib/libkcorert.a,newlib_stub.c.o,_getpid_r,T,Dependency,rtos-board-dependency,RTThread/POSIX/board support dependency; not modeled as TX8 compiler ABI.
third_party/tx8_deps/tx8-yoc-rt-thread-smp/lib/libkcorert.a,newlib_stub.c.o,_gettimeofday_r,T,Dependency,rtos-board-dependency,RTThread/POSIX/board support dependency; not modeled as TX8 compiler ABI.
third_party/tx8_deps/tx8-yoc-rt-thread-smp/lib/libkcorert.a,newlib_stub.c.o,_isatty_r,T,Dependency,rtos-board-dependency,RTThread/POSIX/board support dependency; not modeled as TX8 compiler ABI.
third_party/tx8_deps/tx8-yoc-rt-thread-smp/lib/libkcorert.a,newlib_stub.c.o,_kill_r,T,Dependency,rtos-board-dependency,RTThread/POSIX/board support dependency; not modeled as TX8 compiler ABI.
third_party/tx8_deps/tx8-yoc-rt-thread-smp/lib/libkcorert.a,newlib_stub.c.o,_link_r,T,Dependency,rtos-board-dependency,RTThread/POSIX/board support dependency; not modeled as TX8 compiler ABI.
third_party/tx8_deps/tx8-yoc-rt-thread-smp/lib/libkcorert.a,newlib_stub.c.o,_lseek_r,T,Dependency,rtos-board-dependency,RTThread/POSIX/board support dependency; not modeled as TX8 compiler ABI.
third_party/tx8_deps/tx8-yoc-rt-thread-smp/lib/libkcorert.a,newlib_stub.c.o,_malloc_r,T,Dependency,rtos-board-dependency,RTThread/POSIX/board support dependency; not modeled as TX8 compiler ABI.
third_party/tx8_deps/tx8-yoc-rt-thread-smp/lib/libkcorert.a,newlib_stub.c.o,_memalign_r,T,Dependency,rtos-board-dependency,RTThread/POSIX/board support dependency; not modeled as TX8 compiler ABI.
third_party/tx8_deps/tx8-yoc-rt-thread-smp/lib/libkcorert.a,newlib_stub.c.o,_mkdir_r,T,Dependency,rtos-board-dependency,RTThread/POSIX/board support dependency; not modeled as TX8 compiler ABI.
third_party/tx8_deps/tx8-yoc-rt-thread-smp/lib/libkcorert.a,newlib_stub.c.o,_open_r,T,Dependency,rtos-board-dependency,RTThread/POSIX/board support dependency; not modeled as TX8 compiler ABI.
third_party/tx8_deps/tx8-yoc-rt-thread-smp/lib/libkcorert.a,newlib_stub.c.o,_read_r,T,Dependency,rtos-board-dependency,RTThread/POSIX/board support dependency; not modeled as TX8 compiler ABI.
third_party/tx8_deps/tx8-yoc-rt-thread-smp/lib/libkcorert.a,newlib_stub.c.o,_realloc_r,T,Dependency,rtos-board-dependency,RTThread/POSIX/board support dependency; not modeled as TX8 compiler ABI.
third_party/tx8_deps/tx8-yoc-rt-thread-smp/lib/libkcorert.a,newlib_stub.c.o,_rename_r,T,Dependency,rtos-board-dependency,RTThread/POSIX/board support dependency; not modeled as TX8 compiler ABI.
third_party/tx8_deps/tx8-yoc-rt-thread-smp/lib/libkcorert.a,newlib_stub.c.o,_sbrk_r,T,Dependency,rtos-board-dependency,RTThread/POSIX/board support dependency; not modeled as TX8 compiler ABI.
third_party/tx8_deps/tx8-yoc-rt-thread-smp/lib/libkcorert.a,newlib_stub.c.o,_stat_r,T,Dependency,rtos-board-dependency,RTThread/POSIX/board support dependency; not modeled as TX8 compiler ABI.
third_party/tx8_deps/tx8-yoc-rt-thread-smp/lib/libkcorert.a,newlib_stub.c.o,_system,T,Dependency,rtos-board-dependency,RTThread/POSIX/board support dependency; not modeled as TX8 compiler ABI.
third_party/tx8_deps/tx8-yoc-rt-thread-smp/lib/libkcorert.a,newlib_stub.c.o,_times_r,T,Dependency,rtos-board-dependency,RTThread/POSIX/board support dependency; not modeled as TX8 compiler ABI.
third_party/tx8_deps/tx8-yoc-rt-thread-smp/lib/libkcorert.a,newlib_stub.c.o,_unlink_r,T,Dependency,rtos-board-dependency,RTThread/POSIX/board support dependency; not modeled as TX8 compiler ABI.
third_party/tx8_deps/tx8-yoc-rt-thread-smp/lib/libkcorert.a,newlib_stub.c.o,_wait_r,T,Dependency,rtos-board-dependency,RTThread/POSIX/board support dependency; not modeled as TX8 compiler ABI.
third_party/tx8_deps/tx8-yoc-rt-thread-smp/lib/libkcorert.a,newlib_stub.c.o,_write_r,T,Dependency,rtos-board-dependency,RTThread/POSIX/board support dependency; not modeled as TX8 compiler ABI.
third_party/tx8_deps/tx8-yoc-rt-thread-smp/lib/libkcorert.a,newlib_stub.c.o,abort,T,Dependency,rtos-board-dependency,RTThread/POSIX/board support dependency; not modeled as TX8 compiler ABI.
third_party/tx8_deps/tx8-yoc-rt-thread-smp/lib/libkcorert.a,newlib_stub.c.o,exit,T,Dependency,rtos-board-dependency,RTThread/POSIX/board support dependency; not modeled as TX8 compiler ABI.
third_party/tx8_deps/tx8-yoc-rt-thread-smp/lib/libkcorert.a,newlib_stub.c.o,ioctl,T,Dependency,rtos-board-dependency,RTThread/POSIX/board support dependency; not modeled as TX8 compiler ABI.
third_party/tx8_deps/tx8-yoc-rt-thread-smp/lib/libkcorert.a,newlib_stub.c.o,isatty,T,Dependency,rtos-board-dependency,RTThread/POSIX/board support dependency; not modeled as TX8 compiler ABI.
third_party/tx8_deps/tx8-yoc-rt-thread-smp/lib/libkcorert.a,newlib_stub.c.o,localtime,T,Dependency,rtos-board-dependency,RTThread/POSIX/board support dependency; not modeled as TX8 compiler ABI.
third_party/tx8_deps/tx8-yoc-rt-thread-smp/lib/libkcorert.a,newlib_stub.c.o,localtime_r,T,Dependency,rtos-board-dependency,RTThread/POSIX/board support dependency; not modeled as TX8 compiler ABI.
third_party/tx8_deps/tx8-yoc-rt-thread-smp/lib/libkcorert.a,newlib_stub.c.o,timezone,D,Dependency,rtos-board-dependency,RTThread/POSIX/board support dependency; not modeled as TX8 compiler ABI.
third_party/tx8_deps/tx8-yoc-rt-thread-smp/lib/libkcorert.a,newlib_stub.c.o,tm_tmp.0,b,Dependency,rtos-board-dependency,RTThread/POSIX/board support dependency; not modeled as TX8 compiler ABI.
third_party/tx8_deps/tx8-yoc-rt-thread-smp/lib/libkcorert.a,object.c.o,__rtmsym_rt_object_get_information,D,Dependency,rtos-board-dependency,RTThread/POSIX/board support dependency; not modeled as TX8 compiler ABI.
third_party/tx8_deps/tx8-yoc-rt-thread-smp/lib/libkcorert.a,object.c.o,__rtmsym_rt_object_get_information_name,R,Dependency,rtos-board-dependency,RTThread/POSIX/board support dependency; not modeled as TX8 compiler ABI.
third_party/tx8_deps/tx8-yoc-rt-thread-smp/lib/libkcorert.a,object.c.o,__rtmsym_rt_object_get_length,D,Dependency,rtos-board-dependency,RTThread/POSIX/board support dependency; not modeled as TX8 compiler ABI.
third_party/tx8_deps/tx8-yoc-rt-thread-smp/lib/libkcorert.a,object.c.o,__rtmsym_rt_object_get_length_name,R,Dependency,rtos-board-dependency,RTThread/POSIX/board support dependency; not modeled as TX8 compiler ABI.
third_party/tx8_deps/tx8-yoc-rt-thread-smp/lib/libkcorert.a,object.c.o,__rtmsym_rt_object_get_pointers,D,Dependency,rtos-board-dependency,RTThread/POSIX/board support dependency; not modeled as TX8 compiler ABI.
third_party/tx8_deps/tx8-yoc-rt-thread-smp/lib/libkcorert.a,object.c.o,__rtmsym_rt_object_get_pointers_name,R,Dependency,rtos-board-dependency,RTThread/POSIX/board support dependency; not modeled as TX8 compiler ABI.
third_party/tx8_deps/tx8-yoc-rt-thread-smp/lib/libkcorert.a,object.c.o,_object_container,d,Dependency,rtos-board-dependency,RTThread/POSIX/board support dependency; not modeled as TX8 compiler ABI.
third_party/tx8_deps/tx8-yoc-rt-thread-smp/lib/libkcorert.a,object.c.o,rt_custom_object_create,T,Dependency,rtos-board-dependency,RTThread/POSIX/board support dependency; not modeled as TX8 compiler ABI.
third_party/tx8_deps/tx8-yoc-rt-thread-smp/lib/libkcorert.a,object.c.o,rt_custom_object_destroy,T,Dependency,rtos-board-dependency,RTThread/POSIX/board support dependency; not modeled as TX8 compiler ABI.
third_party/tx8_deps/tx8-yoc-rt-thread-smp/lib/libkcorert.a,object.c.o,rt_object_allocate,T,Dependency,rtos-board-dependency,RTThread/POSIX/board support dependency; not modeled as TX8 compiler ABI.
third_party/tx8_deps/tx8-yoc-rt-thread-smp/lib/libkcorert.a,object.c.o,rt_object_attach_hook,b,Dependency,rtos-board-dependency,RTThread/POSIX/board support dependency; not modeled as TX8 compiler ABI.
third_party/tx8_deps/tx8-yoc-rt-thread-smp/lib/libkcorert.a,object.c.o,rt_object_attach_sethook,T,Dependency,rtos-board-dependency,RTThread/POSIX/board support dependency; not modeled as TX8 compiler ABI.
third_party/tx8_deps/tx8-yoc-rt-thread-smp/lib/libkcorert.a,object.c.o,rt_object_delete,T,Dependency,rtos-board-dependency,RTThread/POSIX/board support dependency; not modeled as TX8 compiler ABI.
third_party/tx8_deps/tx8-yoc-rt-thread-smp/lib/libkcorert.a,object.c.o,rt_object_detach,T,Dependency,rtos-board-dependency,RTThread/POSIX/board support dependency; not modeled as TX8 compiler ABI.
third_party/tx8_deps/tx8-yoc-rt-thread-smp/lib/libkcorert.a,object.c.o,rt_object_detach_hook,b,Dependency,rtos-board-dependency,RTThread/POSIX/board support dependency; not modeled as TX8 compiler ABI.
third_party/tx8_deps/tx8-yoc-rt-thread-smp/lib/libkcorert.a,object.c.o,rt_object_detach_sethook,T,Dependency,rtos-board-dependency,RTThread/POSIX/board support dependency; not modeled as TX8 compiler ABI.
third_party/tx8_deps/tx8-yoc-rt-thread-smp/lib/libkcorert.a,object.c.o,rt_object_find,T,Dependency,rtos-board-dependency,RTThread/POSIX/board support dependency; not modeled as TX8 compiler ABI.
third_party/tx8_deps/tx8-yoc-rt-thread-smp/lib/libkcorert.a,object.c.o,rt_object_get_information,T,Dependency,rtos-board-dependency,RTThread/POSIX/board support dependency; not modeled as TX8 compiler ABI.
third_party/tx8_deps/tx8-yoc-rt-thread-smp/lib/libkcorert.a,object.c.o,rt_object_get_length,T,Dependency,rtos-board-dependency,RTThread/POSIX/board support dependency; not modeled as TX8 compiler ABI.
third_party/tx8_deps/tx8-yoc-rt-thread-smp/lib/libkcorert.a,object.c.o,rt_object_get_name,T,Dependency,rtos-board-dependency,RTThread/POSIX/board support dependency; not modeled as TX8 compiler ABI.
third_party/tx8_deps/tx8-yoc-rt-thread-smp/lib/libkcorert.a,object.c.o,rt_object_get_pointers,T,Dependency,rtos-board-dependency,RTThread/POSIX/board support dependency; not modeled as TX8 compiler ABI.
third_party/tx8_deps/tx8-yoc-rt-thread-smp/lib/libkcorert.a,object.c.o,rt_object_get_type,T,Dependency,rtos-board-dependency,RTThread/POSIX/board support dependency; not modeled as TX8 compiler ABI.
third_party/tx8_deps/tx8-yoc-rt-thread-smp/lib/libkcorert.a,object.c.o,rt_object_init,T,Dependency,rtos-board-dependency,RTThread/POSIX/board support dependency; not modeled as TX8 compiler ABI.
third_party/tx8_deps/tx8-yoc-rt-thread-smp/lib/libkcorert.a,object.c.o,rt_object_is_systemobject,T,Dependency,rtos-board-dependency,RTThread/POSIX/board support dependency; not modeled as TX8 compiler ABI.
third_party/tx8_deps/tx8-yoc-rt-thread-smp/lib/libkcorert.a,object.c.o,rt_object_put_hook,B,Dependency,rtos-board-dependency,RTThread/POSIX/board support dependency; not modeled as TX8 compiler ABI.
third_party/tx8_deps/tx8-yoc-rt-thread-smp/lib/libkcorert.a,object.c.o,rt_object_put_sethook,T,Dependency,rtos-board-dependency,RTThread/POSIX/board support dependency; not modeled as TX8 compiler ABI.
third_party/tx8_deps/tx8-yoc-rt-thread-smp/lib/libkcorert.a,object.c.o,rt_object_take_hook,B,Dependency,rtos-board-dependency,RTThread/POSIX/board support dependency; not modeled as TX8 compiler ABI.
third_party/tx8_deps/tx8-yoc-rt-thread-smp/lib/libkcorert.a,object.c.o,rt_object_take_sethook,T,Dependency,rtos-board-dependency,RTThread/POSIX/board support dependency; not modeled as TX8 compiler ABI.
third_party/tx8_deps/tx8-yoc-rt-thread-smp/lib/libkcorert.a,object.c.o,rt_object_trytake_hook,B,Dependency,rtos-board-dependency,RTThread/POSIX/board support dependency; not modeled as TX8 compiler ABI.
third_party/tx8_deps/tx8-yoc-rt-thread-smp/lib/libkcorert.a,object.c.o,rt_object_trytake_sethook,T,Dependency,rtos-board-dependency,RTThread/POSIX/board support dependency; not modeled as TX8 compiler ABI.
third_party/tx8_deps/tx8-yoc-rt-thread-smp/lib/libkcorert.a,pinmux.c.o,csi_pin_drive,T,Dependency,rtos-board-dependency,RTThread/POSIX/board support dependency; not modeled as TX8 compiler ABI.
third_party/tx8_deps/tx8-yoc-rt-thread-smp/lib/libkcorert.a,pinmux.c.o,csi_pin_get_mux,T,Dependency,rtos-board-dependency,RTThread/POSIX/board support dependency; not modeled as TX8 compiler ABI.
third_party/tx8_deps/tx8-yoc-rt-thread-smp/lib/libkcorert.a,pinmux.c.o,csi_pin_mode,T,Dependency,rtos-board-dependency,RTThread/POSIX/board support dependency; not modeled as TX8 compiler ABI.
third_party/tx8_deps/tx8-yoc-rt-thread-smp/lib/libkcorert.a,pinmux.c.o,csi_pin_set_mux,T,Dependency,rtos-board-dependency,RTThread/POSIX/board support dependency; not modeled as TX8 compiler ABI.
third_party/tx8_deps/tx8-yoc-rt-thread-smp/lib/libkcorert.a,pinmux.c.o,csi_pin_speed,T,Dependency,rtos-board-dependency,RTThread/POSIX/board support dependency; not modeled as TX8 compiler ABI.
third_party/tx8_deps/tx8-yoc-rt-thread-smp/lib/libkcorert.a,pipe.c.o,rt_pipe_close,T,Dependency,rtos-board-dependency,RTThread/POSIX/board support dependency; not modeled as TX8 compiler ABI.
third_party/tx8_deps/tx8-yoc-rt-thread-smp/lib/libkcorert.a,pipe.c.o,rt_pipe_control,T,Dependency,rtos-board-dependency,RTThread/POSIX/board support dependency; not modeled as TX8 compiler ABI.
third_party/tx8_deps/tx8-yoc-rt-thread-smp/lib/libkcorert.a,pipe.c.o,rt_pipe_create,T,Dependency,rtos-board-dependency,RTThread/POSIX/board support dependency; not modeled as TX8 compiler ABI.
third_party/tx8_deps/tx8-yoc-rt-thread-smp/lib/libkcorert.a,pipe.c.o,rt_pipe_delete,T,Dependency,rtos-board-dependency,RTThread/POSIX/board support dependency; not modeled as TX8 compiler ABI.
third_party/tx8_deps/tx8-yoc-rt-thread-smp/lib/libkcorert.a,pipe.c.o,rt_pipe_open,T,Dependency,rtos-board-dependency,RTThread/POSIX/board support dependency; not modeled as TX8 compiler ABI.
third_party/tx8_deps/tx8-yoc-rt-thread-smp/lib/libkcorert.a,pipe.c.o,rt_pipe_read,T,Dependency,rtos-board-dependency,RTThread/POSIX/board support dependency; not modeled as TX8 compiler ABI.
third_party/tx8_deps/tx8-yoc-rt-thread-smp/lib/libkcorert.a,pipe.c.o,rt_pipe_write,T,Dependency,rtos-board-dependency,RTThread/POSIX/board support dependency; not modeled as TX8 compiler ABI.
third_party/tx8_deps/tx8-yoc-rt-thread-smp/lib/libkcorert.a,pmp_helper.c.o,__dynsym_krt_clean_all_pmp_config_in_so,D,Dependency,rtos-board-dependency,RTThread/POSIX/board support dependency; not modeled as TX8 compiler ABI.
third_party/tx8_deps/tx8-yoc-rt-thread-smp/lib/libkcorert.a,pmp_helper.c.o,__dynsym_krt_clean_all_pmp_config_in_so_name,R,Dependency,rtos-board-dependency,RTThread/POSIX/board support dependency; not modeled as TX8 compiler ABI.
third_party/tx8_deps/tx8-yoc-rt-thread-smp/lib/libkcorert.a,pmp_helper.c.o,__dynsym_krt_pmp_init_addr,D,Dependency,rtos-board-dependency,RTThread/POSIX/board support dependency; not modeled as TX8 compiler ABI.
third_party/tx8_deps/tx8-yoc-rt-thread-smp/lib/libkcorert.a,pmp_helper.c.o,__dynsym_krt_pmp_init_addr_name,R,Dependency,rtos-board-dependency,RTThread/POSIX/board support dependency; not modeled as TX8 compiler ABI.
third_party/tx8_deps/tx8-yoc-rt-thread-smp/lib/libkcorert.a,pmp_helper.c.o,krt_clean_all_pmp_config_in_so,T,Dependency,rtos-board-dependency,RTThread/POSIX/board support dependency; not modeled as TX8 compiler ABI.
third_party/tx8_deps/tx8-yoc-rt-thread-smp/lib/libkcorert.a,pmp_helper.c.o,krt_pmp_init_addr,T,Dependency,rtos-board-dependency,RTThread/POSIX/board support dependency; not modeled as TX8 compiler ABI.
third_party/tx8_deps/tx8-yoc-rt-thread-smp/lib/libkcorert.a,pmp_helper.c.o,pmp_addr_dynamic_start_idx_array,b,Dependency,rtos-board-dependency,RTThread/POSIX/board support dependency; not modeled as TX8 compiler ABI.
third_party/tx8_deps/tx8-yoc-rt-thread-smp/lib/libkcorert.a,pmp_helper.c.o,pmp_addr_idx_array,b,Dependency,rtos-board-dependency,RTThread/POSIX/board support dependency; not modeled as TX8 compiler ABI.
third_party/tx8_deps/tx8-yoc-rt-thread-smp/lib/libkcorert.a,pmp_helper.c.o,pmp_csr_read_dynamic,T,Dependency,rtos-board-dependency,RTThread/POSIX/board support dependency; not modeled as TX8 compiler ABI.
third_party/tx8_deps/tx8-yoc-rt-thread-smp/lib/libkcorert.a,pmp_helper.c.o,pmp_csr_write_dynamic,T,Dependency,rtos-board-dependency,RTThread/POSIX/board support dependency; not modeled as TX8 compiler ABI.
third_party/tx8_deps/tx8-yoc-rt-thread-smp/lib/libkcorert.a,pmp_helper.c.o,set_PMPxCFG,T,Dependency,rtos-board-dependency,RTThread/POSIX/board support dependency; not modeled as TX8 compiler ABI.
third_party/tx8_deps/tx8-yoc-rt-thread-smp/lib/libkcorert.a,pmp_helper.c.o,set_rest_pmp_item_to_dynamic_pmp_addr_for_so,T,Dependency,rtos-board-dependency,RTThread/POSIX/board support dependency; not modeled as TX8 compiler ABI.
third_party/tx8_deps/tx8-yoc-rt-thread-smp/lib/libkcorert.a,pmp_helper.c.o,syn_pmp_addr_idx_for_smp,T,Dependency,rtos-board-dependency,RTThread/POSIX/board support dependency; not modeled as TX8 compiler ABI.
third_party/tx8_deps/tx8-yoc-rt-thread-smp/lib/libkcorert.a,pmu.c.o,__func__.0,r,Dependency,rtos-board-dependency,RTThread/POSIX/board support dependency; not modeled as TX8 compiler ABI.
third_party/tx8_deps/tx8-yoc-rt-thread-smp/lib/libkcorert.a,pmu.c.o,__func__.1,r,Dependency,rtos-board-dependency,RTThread/POSIX/board support dependency; not modeled as TX8 compiler ABI.
third_party/tx8_deps/tx8-yoc-rt-thread-smp/lib/libkcorert.a,pmu.c.o,__func__.10,r,Dependency,rtos-board-dependency,RTThread/POSIX/board support dependency; not modeled as TX8 compiler ABI.
third_party/tx8_deps/tx8-yoc-rt-thread-smp/lib/libkcorert.a,pmu.c.o,__func__.11,r,Dependency,rtos-board-dependency,RTThread/POSIX/board support dependency; not modeled as TX8 compiler ABI.
third_party/tx8_deps/tx8-yoc-rt-thread-smp/lib/libkcorert.a,pmu.c.o,__func__.12,r,Dependency,rtos-board-dependency,RTThread/POSIX/board support dependency; not modeled as TX8 compiler ABI.
third_party/tx8_deps/tx8-yoc-rt-thread-smp/lib/libkcorert.a,pmu.c.o,__func__.13,r,Dependency,rtos-board-dependency,RTThread/POSIX/board support dependency; not modeled as TX8 compiler ABI.
third_party/tx8_deps/tx8-yoc-rt-thread-smp/lib/libkcorert.a,pmu.c.o,__func__.14,r,Dependency,rtos-board-dependency,RTThread/POSIX/board support dependency; not modeled as TX8 compiler ABI.
third_party/tx8_deps/tx8-yoc-rt-thread-smp/lib/libkcorert.a,pmu.c.o,__func__.15,r,Dependency,rtos-board-dependency,RTThread/POSIX/board support dependency; not modeled as TX8 compiler ABI.
third_party/tx8_deps/tx8-yoc-rt-thread-smp/lib/libkcorert.a,pmu.c.o,__func__.16,r,Dependency,rtos-board-dependency,RTThread/POSIX/board support dependency; not modeled as TX8 compiler ABI.
third_party/tx8_deps/tx8-yoc-rt-thread-smp/lib/libkcorert.a,pmu.c.o,__func__.17,r,Dependency,rtos-board-dependency,RTThread/POSIX/board support dependency; not modeled as TX8 compiler ABI.
third_party/tx8_deps/tx8-yoc-rt-thread-smp/lib/libkcorert.a,pmu.c.o,__func__.18,r,Dependency,rtos-board-dependency,RTThread/POSIX/board support dependency; not modeled as TX8 compiler ABI.
third_party/tx8_deps/tx8-yoc-rt-thread-smp/lib/libkcorert.a,pmu.c.o,__func__.19,r,Dependency,rtos-board-dependency,RTThread/POSIX/board support dependency; not modeled as TX8 compiler ABI.
third_party/tx8_deps/tx8-yoc-rt-thread-smp/lib/libkcorert.a,pmu.c.o,__func__.2,r,Dependency,rtos-board-dependency,RTThread/POSIX/board support dependency; not modeled as TX8 compiler ABI.
third_party/tx8_deps/tx8-yoc-rt-thread-smp/lib/libkcorert.a,pmu.c.o,__func__.20,r,Dependency,rtos-board-dependency,RTThread/POSIX/board support dependency; not modeled as TX8 compiler ABI.
third_party/tx8_deps/tx8-yoc-rt-thread-smp/lib/libkcorert.a,pmu.c.o,__func__.21,r,Dependency,rtos-board-dependency,RTThread/POSIX/board support dependency; not modeled as TX8 compiler ABI.
third_party/tx8_deps/tx8-yoc-rt-thread-smp/lib/libkcorert.a,pmu.c.o,__func__.22,r,Dependency,rtos-board-dependency,RTThread/POSIX/board support dependency; not modeled as TX8 compiler ABI.
third_party/tx8_deps/tx8-yoc-rt-thread-smp/lib/libkcorert.a,pmu.c.o,__func__.23,r,Dependency,rtos-board-dependency,RTThread/POSIX/board support dependency; not modeled as TX8 compiler ABI.
third_party/tx8_deps/tx8-yoc-rt-thread-smp/lib/libkcorert.a,pmu.c.o,__func__.24,r,Dependency,rtos-board-dependency,RTThread/POSIX/board support dependency; not modeled as TX8 compiler ABI.
third_party/tx8_deps/tx8-yoc-rt-thread-smp/lib/libkcorert.a,pmu.c.o,__func__.25,r,Dependency,rtos-board-dependency,RTThread/POSIX/board support dependency; not modeled as TX8 compiler ABI.
third_party/tx8_deps/tx8-yoc-rt-thread-smp/lib/libkcorert.a,pmu.c.o,__func__.26,r,Dependency,rtos-board-dependency,RTThread/POSIX/board support dependency; not modeled as TX8 compiler ABI.
third_party/tx8_deps/tx8-yoc-rt-thread-smp/lib/libkcorert.a,pmu.c.o,__func__.3,r,Dependency,rtos-board-dependency,RTThread/POSIX/board support dependency; not modeled as TX8 compiler ABI.
third_party/tx8_deps/tx8-yoc-rt-thread-smp/lib/libkcorert.a,pmu.c.o,__func__.4,r,Dependency,rtos-board-dependency,RTThread/POSIX/board support dependency; not modeled as TX8 compiler ABI.
third_party/tx8_deps/tx8-yoc-rt-thread-smp/lib/libkcorert.a,pmu.c.o,__func__.5,r,Dependency,rtos-board-dependency,RTThread/POSIX/board support dependency; not modeled as TX8 compiler ABI.
third_party/tx8_deps/tx8-yoc-rt-thread-smp/lib/libkcorert.a,pmu.c.o,__func__.6,r,Dependency,rtos-board-dependency,RTThread/POSIX/board support dependency; not modeled as TX8 compiler ABI.
third_party/tx8_deps/tx8-yoc-rt-thread-smp/lib/libkcorert.a,pmu.c.o,__func__.7,r,Dependency,rtos-board-dependency,RTThread/POSIX/board support dependency; not modeled as TX8 compiler ABI.
third_party/tx8_deps/tx8-yoc-rt-thread-smp/lib/libkcorert.a,pmu.c.o,__func__.8,r,Dependency,rtos-board-dependency,RTThread/POSIX/board support dependency; not modeled as TX8 compiler ABI.
third_party/tx8_deps/tx8-yoc-rt-thread-smp/lib/libkcorert.a,pmu.c.o,__func__.9,r,Dependency,rtos-board-dependency,RTThread/POSIX/board support dependency; not modeled as TX8 compiler ABI.
third_party/tx8_deps/tx8-yoc-rt-thread-smp/lib/libkcorert.a,pmu.c.o,g_prof_addr_stack,b,Dependency,rtos-board-dependency,RTThread/POSIX/board support dependency; not modeled as TX8 compiler ABI.
third_party/tx8_deps/tx8-yoc-rt-thread-smp/lib/libkcorert.a,pmu.c.o,profiling_start,T,Dependency,rtos-board-dependency,RTThread/POSIX/board support dependency; not modeled as TX8 compiler ABI.
third_party/tx8_deps/tx8-yoc-rt-thread-smp/lib/libkcorert.a,pmu.c.o,profiling_stop,T,Dependency,rtos-board-dependency,RTThread/POSIX/board support dependency; not modeled as TX8 compiler ABI.
third_party/tx8_deps/tx8-yoc-rt-thread-smp/lib/libkcorert.a,pmu.c.o,PMU_END,T,HardwareVerify,hardware-measured-runtime,Static ABI is documented; timing/state semantics require board verification.
third_party/tx8_deps/tx8-yoc-rt-thread-smp/lib/libkcorert.a,pmu.c.o,PMU_START,T,HardwareVerify,hardware-measured-runtime,Static ABI is documented; timing/state semantics require board verification.
third_party/tx8_deps/tx8-yoc-rt-thread-smp/lib/libkcorert.a,pmu.c.o,g_pmu_buf_addr,b,HardwareVerify,hardware-measured-runtime,Static ABI is documented; timing/state semantics require board verification.
third_party/tx8_deps/tx8-yoc-rt-thread-smp/lib/libkcorert.a,pmu.c.o,g_pmu_buf_size,b,HardwareVerify,hardware-measured-runtime,Static ABI is documented; timing/state semantics require board verification.
third_party/tx8_deps/tx8-yoc-rt-thread-smp/lib/libkcorert.a,pmu.c.o,g_pmu_buf_wptr,b,HardwareVerify,hardware-measured-runtime,Static ABI is documented; timing/state semantics require board verification.
third_party/tx8_deps/tx8-yoc-rt-thread-smp/lib/libkcorert.a,pmu.c.o,g_pmu_prof_type,b,HardwareVerify,hardware-measured-runtime,Static ABI is documented; timing/state semantics require board verification.
third_party/tx8_deps/tx8-yoc-rt-thread-smp/lib/libkcorert.a,pmu.c.o,get_pmu_dte_status,T,HardwareVerify,hardware-measured-runtime,Static ABI is documented; timing/state semantics require board verification.
third_party/tx8_deps/tx8-yoc-rt-thread-smp/lib/libkcorert.a,pmu.c.o,get_pmu_dte_trans_data,T,HardwareVerify,hardware-measured-runtime,Static ABI is documented; timing/state semantics require board verification.
third_party/tx8_deps/tx8-yoc-rt-thread-smp/lib/libkcorert.a,pmu.c.o,get_pmu_dte_trans_time,T,HardwareVerify,hardware-measured-runtime,Static ABI is documented; timing/state semantics require board verification.
third_party/tx8_deps/tx8-yoc-rt-thread-smp/lib/libkcorert.a,pmu.c.o,pmu_check_engine_status,T,HardwareVerify,hardware-measured-runtime,Static ABI is documented; timing/state semantics require board verification.
third_party/tx8_deps/tx8-yoc-rt-thread-smp/lib/libkcorert.a,pmu.c.o,pmu_dte_print,T,HardwareVerify,hardware-measured-runtime,Static ABI is documented; timing/state semantics require board verification.
third_party/tx8_deps/tx8-yoc-rt-thread-smp/lib/libkcorert.a,pmu.c.o,pmu_dte_print_chn0,T,HardwareVerify,hardware-measured-runtime,Static ABI is documented; timing/state semantics require board verification.
third_party/tx8_deps/tx8-yoc-rt-thread-smp/lib/libkcorert.a,pmu.c.o,pmu_dte_print_chn1,T,HardwareVerify,hardware-measured-runtime,Static ABI is documented; timing/state semantics require board verification.
third_party/tx8_deps/tx8-yoc-rt-thread-smp/lib/libkcorert.a,pmu.c.o,pmu_get_exetime,T,HardwareVerify,hardware-measured-runtime,Static ABI is documented; timing/state semantics require board verification.
third_party/tx8_deps/tx8-yoc-rt-thread-smp/lib/libkcorert.a,pmu.c.o,pmu_ncc_print,T,HardwareVerify,hardware-measured-runtime,Static ABI is documented; timing/state semantics require board verification.
third_party/tx8_deps/tx8-yoc-rt-thread-smp/lib/libkcorert.a,pmu.c.o,pmu_ncc_unit_print,t,HardwareVerify,hardware-measured-runtime,Static ABI is documented; timing/state semantics require board verification.
third_party/tx8_deps/tx8-yoc-rt-thread-smp/lib/libkcorert.a,pmu.c.o,pmu_spm_dte_print,T,HardwareVerify,hardware-measured-runtime,Static ABI is documented; timing/state semantics require board verification.
third_party/tx8_deps/tx8-yoc-rt-thread-smp/lib/libkcorert.a,pmu.c.o,pmu_spm_lsu_print,T,HardwareVerify,hardware-measured-runtime,Static ABI is documented; timing/state semantics require board verification.
third_party/tx8_deps/tx8-yoc-rt-thread-smp/lib/libkcorert.a,pmu.c.o,pmu_wait_finish,T,HardwareVerify,hardware-measured-runtime,Static ABI is documented; timing/state semantics require board verification.
third_party/tx8_deps/tx8-yoc-rt-thread-smp/lib/libkcorert.a,poll.c.o,aos_poll,T,Dependency,rtos-board-dependency,RTThread/POSIX/board support dependency; not modeled as TX8 compiler ABI.
third_party/tx8_deps/tx8-yoc-rt-thread-smp/lib/libkcorert.a,poll.c.o,poll,T,Dependency,rtos-board-dependency,RTThread/POSIX/board support dependency; not modeled as TX8 compiler ABI.
third_party/tx8_deps/tx8-yoc-rt-thread-smp/lib/libkcorert.a,poll.c.o,vfs_poll_notify,t,Dependency,rtos-board-dependency,RTThread/POSIX/board support dependency; not modeled as TX8 compiler ABI.
third_party/tx8_deps/tx8-yoc-rt-thread-smp/lib/libkcorert.a,prctl.c.o,prctl,T,Dependency,rtos-board-dependency,RTThread/POSIX/board support dependency; not modeled as TX8 compiler ABI.
third_party/tx8_deps/tx8-yoc-rt-thread-smp/lib/libkcorert.a,pre_main.c.o,pre_main,W,Dependency,rtos-board-dependency,RTThread/POSIX/board support dependency; not modeled as TX8 compiler ABI.
third_party/tx8_deps/tx8-yoc-rt-thread-smp/lib/libkcorert.a,pre_main.c.o,section_bss_clear,T,Dependency,rtos-board-dependency,RTThread/POSIX/board support dependency; not modeled as TX8 compiler ABI.
third_party/tx8_deps/tx8-yoc-rt-thread-smp/lib/libkcorert.a,pre_main.c.o,section_data_copy,T,Dependency,rtos-board-dependency,RTThread/POSIX/board support dependency; not modeled as TX8 compiler ABI.
third_party/tx8_deps/tx8-yoc-rt-thread-smp/lib/libkcorert.a,pre_main.c.o,section_ram_code_copy,T,Dependency,rtos-board-dependency,RTThread/POSIX/board support dependency; not modeled as TX8 compiler ABI.
third_party/tx8_deps/tx8-yoc-rt-thread-smp/lib/libkcorert.a,protocol_with_score.c.o,StartProfilingOnScore0,T,Dependency,rtos-board-dependency,RTThread/POSIX/board support dependency; not modeled as TX8 compiler ABI.
third_party/tx8_deps/tx8-yoc-rt-thread-smp/lib/libkcorert.a,protocol_with_score.c.o,StartProfilingOnScore1,T,Dependency,rtos-board-dependency,RTThread/POSIX/board support dependency; not modeled as TX8 compiler ABI.
third_party/tx8_deps/tx8-yoc-rt-thread-smp/lib/libkcorert.a,protocol_with_score.c.o,StopProfilingOnScore0,T,Dependency,rtos-board-dependency,RTThread/POSIX/board support dependency; not modeled as TX8 compiler ABI.
third_party/tx8_deps/tx8-yoc-rt-thread-smp/lib/libkcorert.a,protocol_with_score.c.o,StopProfilingOnScore1,T,Dependency,rtos-board-dependency,RTThread/POSIX/board support dependency; not modeled as TX8 compiler ABI.
third_party/tx8_deps/tx8-yoc-rt-thread-smp/lib/libkcorert.a,protocol_with_score.c.o,tileXLen,V,Dependency,rtos-board-dependency,RTThread/POSIX/board support dependency; not modeled as TX8 compiler ABI.
third_party/tx8_deps/tx8-yoc-rt-thread-smp/lib/libkcorert.a,protocol_with_score.c.o,tileYLen,V,Dependency,rtos-board-dependency,RTThread/POSIX/board support dependency; not modeled as TX8 compiler ABI.
third_party/tx8_deps/tx8-yoc-rt-thread-smp/lib/libkcorert.a,protocol_with_score.c.o,uid_state,b,Dependency,rtos-board-dependency,RTThread/POSIX/board support dependency; not modeled as TX8 compiler ABI.
third_party/tx8_deps/tx8-yoc-rt-thread-smp/lib/libkcorert.a,protocol_with_score.c.o,wait_score_response,T,Dependency,rtos-board-dependency,RTThread/POSIX/board support dependency; not modeled as TX8 compiler ABI.
third_party/tx8_deps/tx8-yoc-rt-thread-smp/lib/libkcorert.a,pthread.c.o,g_pthread_lock,D,Dependency,rtos-board-dependency,RTThread/POSIX/board support dependency; not modeled as TX8 compiler ABI.
third_party/tx8_deps/tx8-yoc-rt-thread-smp/lib/libkcorert.a,pthread.c.o,pthread_atfork,T,Dependency,rtos-board-dependency,RTThread/POSIX/board support dependency; not modeled as TX8 compiler ABI.
third_party/tx8_deps/tx8-yoc-rt-thread-smp/lib/libkcorert.a,pthread.c.o,pthread_cancel,T,Dependency,rtos-board-dependency,RTThread/POSIX/board support dependency; not modeled as TX8 compiler ABI.
third_party/tx8_deps/tx8-yoc-rt-thread-smp/lib/libkcorert.a,pthread.c.o,pthread_cleanup_pop,T,Dependency,rtos-board-dependency,RTThread/POSIX/board support dependency; not modeled as TX8 compiler ABI.
third_party/tx8_deps/tx8-yoc-rt-thread-smp/lib/libkcorert.a,pthread.c.o,pthread_cleanup_push,T,Dependency,rtos-board-dependency,RTThread/POSIX/board support dependency; not modeled as TX8 compiler ABI.
third_party/tx8_deps/tx8-yoc-rt-thread-smp/lib/libkcorert.a,pthread.c.o,pthread_create,T,Dependency,rtos-board-dependency,RTThread/POSIX/board support dependency; not modeled as TX8 compiler ABI.
third_party/tx8_deps/tx8-yoc-rt-thread-smp/lib/libkcorert.a,pthread.c.o,pthread_detach,T,Dependency,rtos-board-dependency,RTThread/POSIX/board support dependency; not modeled as TX8 compiler ABI.
third_party/tx8_deps/tx8-yoc-rt-thread-smp/lib/libkcorert.a,pthread.c.o,pthread_equal,T,Dependency,rtos-board-dependency,RTThread/POSIX/board support dependency; not modeled as TX8 compiler ABI.
third_party/tx8_deps/tx8-yoc-rt-thread-smp/lib/libkcorert.a,pthread.c.o,pthread_exit,T,Dependency,rtos-board-dependency,RTThread/POSIX/board support dependency; not modeled as TX8 compiler ABI.
third_party/tx8_deps/tx8-yoc-rt-thread-smp/lib/libkcorert.a,pthread.c.o,pthread_getconcurrency,T,Dependency,rtos-board-dependency,RTThread/POSIX/board support dependency; not modeled as TX8 compiler ABI.
third_party/tx8_deps/tx8-yoc-rt-thread-smp/lib/libkcorert.a,pthread.c.o,pthread_getcpuclockid,T,Dependency,rtos-board-dependency,RTThread/POSIX/board support dependency; not modeled as TX8 compiler ABI.
third_party/tx8_deps/tx8-yoc-rt-thread-smp/lib/libkcorert.a,pthread.c.o,pthread_getname_np,T,Dependency,rtos-board-dependency,RTThread/POSIX/board support dependency; not modeled as TX8 compiler ABI.
third_party/tx8_deps/tx8-yoc-rt-thread-smp/lib/libkcorert.a,pthread.c.o,pthread_getschedparam,T,Dependency,rtos-board-dependency,RTThread/POSIX/board support dependency; not modeled as TX8 compiler ABI.
third_party/tx8_deps/tx8-yoc-rt-thread-smp/lib/libkcorert.a,pthread.c.o,pthread_join,T,Dependency,rtos-board-dependency,RTThread/POSIX/board support dependency; not modeled as TX8 compiler ABI.
third_party/tx8_deps/tx8-yoc-rt-thread-smp/lib/libkcorert.a,pthread.c.o,pthread_kill,T,Dependency,rtos-board-dependency,RTThread/POSIX/board support dependency; not modeled as TX8 compiler ABI.
third_party/tx8_deps/tx8-yoc-rt-thread-smp/lib/libkcorert.a,pthread.c.o,pthread_once,T,Dependency,rtos-board-dependency,RTThread/POSIX/board support dependency; not modeled as TX8 compiler ABI.
third_party/tx8_deps/tx8-yoc-rt-thread-smp/lib/libkcorert.a,pthread.c.o,pthread_self,T,Dependency,rtos-board-dependency,RTThread/POSIX/board support dependency; not modeled as TX8 compiler ABI.
third_party/tx8_deps/tx8-yoc-rt-thread-smp/lib/libkcorert.a,pthread.c.o,pthread_setcancelstate,T,Dependency,rtos-board-dependency,RTThread/POSIX/board support dependency; not modeled as TX8 compiler ABI.
third_party/tx8_deps/tx8-yoc-rt-thread-smp/lib/libkcorert.a,pthread.c.o,pthread_setcanceltype,T,Dependency,rtos-board-dependency,RTThread/POSIX/board support dependency; not modeled as TX8 compiler ABI.
third_party/tx8_deps/tx8-yoc-rt-thread-smp/lib/libkcorert.a,pthread.c.o,pthread_setconcurrency,T,Dependency,rtos-board-dependency,RTThread/POSIX/board support dependency; not modeled as TX8 compiler ABI.
third_party/tx8_deps/tx8-yoc-rt-thread-smp/lib/libkcorert.a,pthread.c.o,pthread_setname_np,T,Dependency,rtos-board-dependency,RTThread/POSIX/board support dependency; not modeled as TX8 compiler ABI.
third_party/tx8_deps/tx8-yoc-rt-thread-smp/lib/libkcorert.a,pthread.c.o,pthread_setschedparam,T,Dependency,rtos-board-dependency,RTThread/POSIX/board support dependency; not modeled as TX8 compiler ABI.
third_party/tx8_deps/tx8-yoc-rt-thread-smp/lib/libkcorert.a,pthread.c.o,pthread_setschedprio,T,Dependency,rtos-board-dependency,RTThread/POSIX/board support dependency; not modeled as TX8 compiler ABI.
third_party/tx8_deps/tx8-yoc-rt-thread-smp/lib/libkcorert.a,pthread.c.o,pthread_testcancel,T,Dependency,rtos-board-dependency,RTThread/POSIX/board support dependency; not modeled as TX8 compiler ABI.
third_party/tx8_deps/tx8-yoc-rt-thread-smp/lib/libkcorert.a,pthread.c.o,pthread_timedjoin_np,T,Dependency,rtos-board-dependency,RTThread/POSIX/board support dependency; not modeled as TX8 compiler ABI.
third_party/tx8_deps/tx8-yoc-rt-thread-smp/lib/libkcorert.a,pthread.c.o,start_pthread,t,Dependency,rtos-board-dependency,RTThread/POSIX/board support dependency; not modeled as TX8 compiler ABI.
third_party/tx8_deps/tx8-yoc-rt-thread-smp/lib/libkcorert.a,pthread_attr.c.o,pthread_attr_destroy,T,Dependency,rtos-board-dependency,RTThread/POSIX/board support dependency; not modeled as TX8 compiler ABI.
third_party/tx8_deps/tx8-yoc-rt-thread-smp/lib/libkcorert.a,pthread_attr.c.o,pthread_attr_getdetachstate,T,Dependency,rtos-board-dependency,RTThread/POSIX/board support dependency; not modeled as TX8 compiler ABI.
third_party/tx8_deps/tx8-yoc-rt-thread-smp/lib/libkcorert.a,pthread_attr.c.o,pthread_attr_getguardsize,T,Dependency,rtos-board-dependency,RTThread/POSIX/board support dependency; not modeled as TX8 compiler ABI.
third_party/tx8_deps/tx8-yoc-rt-thread-smp/lib/libkcorert.a,pthread_attr.c.o,pthread_attr_getinheritsched,T,Dependency,rtos-board-dependency,RTThread/POSIX/board support dependency; not modeled as TX8 compiler ABI.
third_party/tx8_deps/tx8-yoc-rt-thread-smp/lib/libkcorert.a,pthread_attr.c.o,pthread_attr_getschedparam,T,Dependency,rtos-board-dependency,RTThread/POSIX/board support dependency; not modeled as TX8 compiler ABI.
third_party/tx8_deps/tx8-yoc-rt-thread-smp/lib/libkcorert.a,pthread_attr.c.o,pthread_attr_getschedpolicy,T,Dependency,rtos-board-dependency,RTThread/POSIX/board support dependency; not modeled as TX8 compiler ABI.
third_party/tx8_deps/tx8-yoc-rt-thread-smp/lib/libkcorert.a,pthread_attr.c.o,pthread_attr_getscope,T,Dependency,rtos-board-dependency,RTThread/POSIX/board support dependency; not modeled as TX8 compiler ABI.
third_party/tx8_deps/tx8-yoc-rt-thread-smp/lib/libkcorert.a,pthread_attr.c.o,pthread_attr_getstack,T,Dependency,rtos-board-dependency,RTThread/POSIX/board support dependency; not modeled as TX8 compiler ABI.
third_party/tx8_deps/tx8-yoc-rt-thread-smp/lib/libkcorert.a,pthread_attr.c.o,pthread_attr_getstackaddr,T,Dependency,rtos-board-dependency,RTThread/POSIX/board support dependency; not modeled as TX8 compiler ABI.
third_party/tx8_deps/tx8-yoc-rt-thread-smp/lib/libkcorert.a,pthread_attr.c.o,pthread_attr_getstacksize,T,Dependency,rtos-board-dependency,RTThread/POSIX/board support dependency; not modeled as TX8 compiler ABI.
third_party/tx8_deps/tx8-yoc-rt-thread-smp/lib/libkcorert.a,pthread_attr.c.o,pthread_attr_init,T,Dependency,rtos-board-dependency,RTThread/POSIX/board support dependency; not modeled as TX8 compiler ABI.
third_party/tx8_deps/tx8-yoc-rt-thread-smp/lib/libkcorert.a,pthread_attr.c.o,pthread_attr_setdetachstate,T,Dependency,rtos-board-dependency,RTThread/POSIX/board support dependency; not modeled as TX8 compiler ABI.
third_party/tx8_deps/tx8-yoc-rt-thread-smp/lib/libkcorert.a,pthread_attr.c.o,pthread_attr_setguardsize,T,Dependency,rtos-board-dependency,RTThread/POSIX/board support dependency; not modeled as TX8 compiler ABI.
third_party/tx8_deps/tx8-yoc-rt-thread-smp/lib/libkcorert.a,pthread_attr.c.o,pthread_attr_setinheritsched,T,Dependency,rtos-board-dependency,RTThread/POSIX/board support dependency; not modeled as TX8 compiler ABI.
third_party/tx8_deps/tx8-yoc-rt-thread-smp/lib/libkcorert.a,pthread_attr.c.o,pthread_attr_setschedparam,T,Dependency,rtos-board-dependency,RTThread/POSIX/board support dependency; not modeled as TX8 compiler ABI.
third_party/tx8_deps/tx8-yoc-rt-thread-smp/lib/libkcorert.a,pthread_attr.c.o,pthread_attr_setschedpolicy,T,Dependency,rtos-board-dependency,RTThread/POSIX/board support dependency; not modeled as TX8 compiler ABI.
third_party/tx8_deps/tx8-yoc-rt-thread-smp/lib/libkcorert.a,pthread_attr.c.o,pthread_attr_setscope,T,Dependency,rtos-board-dependency,RTThread/POSIX/board support dependency; not modeled as TX8 compiler ABI.
third_party/tx8_deps/tx8-yoc-rt-thread-smp/lib/libkcorert.a,pthread_attr.c.o,pthread_attr_setstack,T,Dependency,rtos-board-dependency,RTThread/POSIX/board support dependency; not modeled as TX8 compiler ABI.
third_party/tx8_deps/tx8-yoc-rt-thread-smp/lib/libkcorert.a,pthread_attr.c.o,pthread_attr_setstackaddr,T,Dependency,rtos-board-dependency,RTThread/POSIX/board support dependency; not modeled as TX8 compiler ABI.
third_party/tx8_deps/tx8-yoc-rt-thread-smp/lib/libkcorert.a,pthread_attr.c.o,pthread_attr_setstacksize,T,Dependency,rtos-board-dependency,RTThread/POSIX/board support dependency; not modeled as TX8 compiler ABI.
third_party/tx8_deps/tx8-yoc-rt-thread-smp/lib/libkcorert.a,pthread_cond.c.o,pthread_cond_broadcast,T,Dependency,rtos-board-dependency,RTThread/POSIX/board support dependency; not modeled as TX8 compiler ABI.
third_party/tx8_deps/tx8-yoc-rt-thread-smp/lib/libkcorert.a,pthread_cond.c.o,pthread_cond_destroy,T,Dependency,rtos-board-dependency,RTThread/POSIX/board support dependency; not modeled as TX8 compiler ABI.
third_party/tx8_deps/tx8-yoc-rt-thread-smp/lib/libkcorert.a,pthread_cond.c.o,pthread_cond_init,T,Dependency,rtos-board-dependency,RTThread/POSIX/board support dependency; not modeled as TX8 compiler ABI.
third_party/tx8_deps/tx8-yoc-rt-thread-smp/lib/libkcorert.a,pthread_cond.c.o,pthread_cond_signal,T,Dependency,rtos-board-dependency,RTThread/POSIX/board support dependency; not modeled as TX8 compiler ABI.
third_party/tx8_deps/tx8-yoc-rt-thread-smp/lib/libkcorert.a,pthread_cond.c.o,pthread_cond_timedwait,T,Dependency,rtos-board-dependency,RTThread/POSIX/board support dependency; not modeled as TX8 compiler ABI.
third_party/tx8_deps/tx8-yoc-rt-thread-smp/lib/libkcorert.a,pthread_cond.c.o,pthread_cond_timedwait_ms,t,Dependency,rtos-board-dependency,RTThread/POSIX/board support dependency; not modeled as TX8 compiler ABI.
third_party/tx8_deps/tx8-yoc-rt-thread-smp/lib/libkcorert.a,pthread_cond.c.o,pthread_cond_timedwait_relative_np,T,Dependency,rtos-board-dependency,RTThread/POSIX/board support dependency; not modeled as TX8 compiler ABI.
third_party/tx8_deps/tx8-yoc-rt-thread-smp/lib/libkcorert.a,pthread_cond.c.o,pthread_cond_wait,T,Dependency,rtos-board-dependency,RTThread/POSIX/board support dependency; not modeled as TX8 compiler ABI.
third_party/tx8_deps/tx8-yoc-rt-thread-smp/lib/libkcorert.a,pthread_cond.c.o,pthread_condattr_destroy,T,Dependency,rtos-board-dependency,RTThread/POSIX/board support dependency; not modeled as TX8 compiler ABI.
third_party/tx8_deps/tx8-yoc-rt-thread-smp/lib/libkcorert.a,pthread_cond.c.o,pthread_condattr_getclock,T,Dependency,rtos-board-dependency,RTThread/POSIX/board support dependency; not modeled as TX8 compiler ABI.
third_party/tx8_deps/tx8-yoc-rt-thread-smp/lib/libkcorert.a,pthread_cond.c.o,pthread_condattr_init,T,Dependency,rtos-board-dependency,RTThread/POSIX/board support dependency; not modeled as TX8 compiler ABI.
third_party/tx8_deps/tx8-yoc-rt-thread-smp/lib/libkcorert.a,pthread_cond.c.o,pthread_condattr_setclock,T,Dependency,rtos-board-dependency,RTThread/POSIX/board support dependency; not modeled as TX8 compiler ABI.
third_party/tx8_deps/tx8-yoc-rt-thread-smp/lib/libkcorert.a,pthread_mutex.c.o,pthread_mutex_destroy,T,Dependency,rtos-board-dependency,RTThread/POSIX/board support dependency; not modeled as TX8 compiler ABI.
third_party/tx8_deps/tx8-yoc-rt-thread-smp/lib/libkcorert.a,pthread_mutex.c.o,pthread_mutex_getprioceiling,T,Dependency,rtos-board-dependency,RTThread/POSIX/board support dependency; not modeled as TX8 compiler ABI.
third_party/tx8_deps/tx8-yoc-rt-thread-smp/lib/libkcorert.a,pthread_mutex.c.o,pthread_mutex_init,T,Dependency,rtos-board-dependency,RTThread/POSIX/board support dependency; not modeled as TX8 compiler ABI.
third_party/tx8_deps/tx8-yoc-rt-thread-smp/lib/libkcorert.a,pthread_mutex.c.o,pthread_mutex_lock,T,Dependency,rtos-board-dependency,RTThread/POSIX/board support dependency; not modeled as TX8 compiler ABI.
third_party/tx8_deps/tx8-yoc-rt-thread-smp/lib/libkcorert.a,pthread_mutex.c.o,pthread_mutex_setprioceiling,T,Dependency,rtos-board-dependency,RTThread/POSIX/board support dependency; not modeled as TX8 compiler ABI.
third_party/tx8_deps/tx8-yoc-rt-thread-smp/lib/libkcorert.a,pthread_mutex.c.o,pthread_mutex_timedlock,T,Dependency,rtos-board-dependency,RTThread/POSIX/board support dependency; not modeled as TX8 compiler ABI.
third_party/tx8_deps/tx8-yoc-rt-thread-smp/lib/libkcorert.a,pthread_mutex.c.o,pthread_mutex_trylock,T,Dependency,rtos-board-dependency,RTThread/POSIX/board support dependency; not modeled as TX8 compiler ABI.
third_party/tx8_deps/tx8-yoc-rt-thread-smp/lib/libkcorert.a,pthread_mutex.c.o,pthread_mutex_unlock,T,Dependency,rtos-board-dependency,RTThread/POSIX/board support dependency; not modeled as TX8 compiler ABI.
third_party/tx8_deps/tx8-yoc-rt-thread-smp/lib/libkcorert.a,pthread_mutex.c.o,pthread_mutexattr_destroy,T,Dependency,rtos-board-dependency,RTThread/POSIX/board support dependency; not modeled as TX8 compiler ABI.
third_party/tx8_deps/tx8-yoc-rt-thread-smp/lib/libkcorert.a,pthread_mutex.c.o,pthread_mutexattr_getprioceiling,T,Dependency,rtos-board-dependency,RTThread/POSIX/board support dependency; not modeled as TX8 compiler ABI.
third_party/tx8_deps/tx8-yoc-rt-thread-smp/lib/libkcorert.a,pthread_mutex.c.o,pthread_mutexattr_getprotocol,T,Dependency,rtos-board-dependency,RTThread/POSIX/board support dependency; not modeled as TX8 compiler ABI.
third_party/tx8_deps/tx8-yoc-rt-thread-smp/lib/libkcorert.a,pthread_mutex.c.o,pthread_mutexattr_getpshared,T,Dependency,rtos-board-dependency,RTThread/POSIX/board support dependency; not modeled as TX8 compiler ABI.
third_party/tx8_deps/tx8-yoc-rt-thread-smp/lib/libkcorert.a,pthread_mutex.c.o,pthread_mutexattr_gettype,T,Dependency,rtos-board-dependency,RTThread/POSIX/board support dependency; not modeled as TX8 compiler ABI.
third_party/tx8_deps/tx8-yoc-rt-thread-smp/lib/libkcorert.a,pthread_mutex.c.o,pthread_mutexattr_init,T,Dependency,rtos-board-dependency,RTThread/POSIX/board support dependency; not modeled as TX8 compiler ABI.
third_party/tx8_deps/tx8-yoc-rt-thread-smp/lib/libkcorert.a,pthread_mutex.c.o,pthread_mutexattr_setprioceiling,T,Dependency,rtos-board-dependency,RTThread/POSIX/board support dependency; not modeled as TX8 compiler ABI.
third_party/tx8_deps/tx8-yoc-rt-thread-smp/lib/libkcorert.a,pthread_mutex.c.o,pthread_mutexattr_setprotocol,T,Dependency,rtos-board-dependency,RTThread/POSIX/board support dependency; not modeled as TX8 compiler ABI.
third_party/tx8_deps/tx8-yoc-rt-thread-smp/lib/libkcorert.a,pthread_mutex.c.o,pthread_mutexattr_setpshared,T,Dependency,rtos-board-dependency,RTThread/POSIX/board support dependency; not modeled as TX8 compiler ABI.
third_party/tx8_deps/tx8-yoc-rt-thread-smp/lib/libkcorert.a,pthread_mutex.c.o,pthread_mutexattr_settype,T,Dependency,rtos-board-dependency,RTThread/POSIX/board support dependency; not modeled as TX8 compiler ABI.
third_party/tx8_deps/tx8-yoc-rt-thread-smp/lib/libkcorert.a,pthread_tsd.c.o,g_pthread_key_lock,D,Dependency,rtos-board-dependency,RTThread/POSIX/board support dependency; not modeled as TX8 compiler ABI.
third_party/tx8_deps/tx8-yoc-rt-thread-smp/lib/libkcorert.a,pthread_tsd.c.o,pthread_getspecific,T,Dependency,rtos-board-dependency,RTThread/POSIX/board support dependency; not modeled as TX8 compiler ABI.
third_party/tx8_deps/tx8-yoc-rt-thread-smp/lib/libkcorert.a,pthread_tsd.c.o,pthread_key_create,T,Dependency,rtos-board-dependency,RTThread/POSIX/board support dependency; not modeled as TX8 compiler ABI.
third_party/tx8_deps/tx8-yoc-rt-thread-smp/lib/libkcorert.a,pthread_tsd.c.o,pthread_key_delete,T,Dependency,rtos-board-dependency,RTThread/POSIX/board support dependency; not modeled as TX8 compiler ABI.
third_party/tx8_deps/tx8-yoc-rt-thread-smp/lib/libkcorert.a,pthread_tsd.c.o,pthread_key_list_head,B,Dependency,rtos-board-dependency,RTThread/POSIX/board support dependency; not modeled as TX8 compiler ABI.
third_party/tx8_deps/tx8-yoc-rt-thread-smp/lib/libkcorert.a,pthread_tsd.c.o,pthread_setspecific,T,Dependency,rtos-board-dependency,RTThread/POSIX/board support dependency; not modeled as TX8 compiler ABI.
third_party/tx8_deps/tx8-yoc-rt-thread-smp/lib/libkcorert.a,pthread_tsd.c.o,pthread_tsd_dtors,T,Dependency,rtos-board-dependency,RTThread/POSIX/board support dependency; not modeled as TX8 compiler ABI.
third_party/tx8_deps/tx8-yoc-rt-thread-smp/lib/libkcorert.a,pwm.c.o,rvm_hal_pwm_config,T,Dependency,rtos-board-dependency,RTThread/POSIX/board support dependency; not modeled as TX8 compiler ABI.
third_party/tx8_deps/tx8-yoc-rt-thread-smp/lib/libkcorert.a,pwm.c.o,rvm_hal_pwm_config_get,T,Dependency,rtos-board-dependency,RTThread/POSIX/board support dependency; not modeled as TX8 compiler ABI.
third_party/tx8_deps/tx8-yoc-rt-thread-smp/lib/libkcorert.a,pwm.c.o,rvm_hal_pwm_start,T,Dependency,rtos-board-dependency,RTThread/POSIX/board support dependency; not modeled as TX8 compiler ABI.
third_party/tx8_deps/tx8-yoc-rt-thread-smp/lib/libkcorert.a,pwm.c.o,rvm_hal_pwm_stop,T,Dependency,rtos-board-dependency,RTThread/POSIX/board support dependency; not modeled as TX8 compiler ABI.
third_party/tx8_deps/tx8-yoc-rt-thread-smp/lib/libkcorert.a,qspi.c.o,rvm_hal_qspi_config,T,Dependency,rtos-board-dependency,RTThread/POSIX/board support dependency; not modeled as TX8 compiler ABI.
third_party/tx8_deps/tx8-yoc-rt-thread-smp/lib/libkcorert.a,qspi.c.o,rvm_hal_qspi_config_get,T,Dependency,rtos-board-dependency,RTThread/POSIX/board support dependency; not modeled as TX8 compiler ABI.
third_party/tx8_deps/tx8-yoc-rt-thread-smp/lib/libkcorert.a,qspi.c.o,rvm_hal_qspi_recv,T,Dependency,rtos-board-dependency,RTThread/POSIX/board support dependency; not modeled as TX8 compiler ABI.
third_party/tx8_deps/tx8-yoc-rt-thread-smp/lib/libkcorert.a,qspi.c.o,rvm_hal_qspi_send,T,Dependency,rtos-board-dependency,RTThread/POSIX/board support dependency; not modeled as TX8 compiler ABI.
third_party/tx8_deps/tx8-yoc-rt-thread-smp/lib/libkcorert.a,qspi.c.o,rvm_hal_qspi_send_recv,T,Dependency,rtos-board-dependency,RTThread/POSIX/board support dependency; not modeled as TX8 compiler ABI.
third_party/tx8_deps/tx8-yoc-rt-thread-smp/lib/libkcorert.a,random.c.o,getrandom,T,Dependency,rtos-board-dependency,RTThread/POSIX/board support dependency; not modeled as TX8 compiler ABI.
third_party/tx8_deps/tx8-yoc-rt-thread-smp/lib/libkcorert.a,random.c.o,rnd.0,d,Dependency,rtos-board-dependency,RTThread/POSIX/board support dependency; not modeled as TX8 compiler ABI.
third_party/tx8_deps/tx8-yoc-rt-thread-smp/lib/libkcorert.a,reboot.c.o,drv_reboot,T,Dependency,rtos-board-dependency,RTThread/POSIX/board support dependency; not modeled as TX8 compiler ABI.
third_party/tx8_deps/tx8-yoc-rt-thread-smp/lib/libkcorert.a,ringblk_buf.c.o,__rtmsym_rt_rbb_blk_alloc,D,Dependency,rtos-board-dependency,RTThread/POSIX/board support dependency; not modeled as TX8 compiler ABI.
third_party/tx8_deps/tx8-yoc-rt-thread-smp/lib/libkcorert.a,ringblk_buf.c.o,__rtmsym_rt_rbb_blk_alloc_name,R,Dependency,rtos-board-dependency,RTThread/POSIX/board support dependency; not modeled as TX8 compiler ABI.
third_party/tx8_deps/tx8-yoc-rt-thread-smp/lib/libkcorert.a,ringblk_buf.c.o,__rtmsym_rt_rbb_blk_buf,D,Dependency,rtos-board-dependency,RTThread/POSIX/board support dependency; not modeled as TX8 compiler ABI.
third_party/tx8_deps/tx8-yoc-rt-thread-smp/lib/libkcorert.a,ringblk_buf.c.o,__rtmsym_rt_rbb_blk_buf_name,R,Dependency,rtos-board-dependency,RTThread/POSIX/board support dependency; not modeled as TX8 compiler ABI.
third_party/tx8_deps/tx8-yoc-rt-thread-smp/lib/libkcorert.a,ringblk_buf.c.o,__rtmsym_rt_rbb_blk_free,D,Dependency,rtos-board-dependency,RTThread/POSIX/board support dependency; not modeled as TX8 compiler ABI.
third_party/tx8_deps/tx8-yoc-rt-thread-smp/lib/libkcorert.a,ringblk_buf.c.o,__rtmsym_rt_rbb_blk_free_name,R,Dependency,rtos-board-dependency,RTThread/POSIX/board support dependency; not modeled as TX8 compiler ABI.
third_party/tx8_deps/tx8-yoc-rt-thread-smp/lib/libkcorert.a,ringblk_buf.c.o,__rtmsym_rt_rbb_blk_get,D,Dependency,rtos-board-dependency,RTThread/POSIX/board support dependency; not modeled as TX8 compiler ABI.
third_party/tx8_deps/tx8-yoc-rt-thread-smp/lib/libkcorert.a,ringblk_buf.c.o,__rtmsym_rt_rbb_blk_get_name,R,Dependency,rtos-board-dependency,RTThread/POSIX/board support dependency; not modeled as TX8 compiler ABI.
third_party/tx8_deps/tx8-yoc-rt-thread-smp/lib/libkcorert.a,ringblk_buf.c.o,__rtmsym_rt_rbb_blk_put,D,Dependency,rtos-board-dependency,RTThread/POSIX/board support dependency; not modeled as TX8 compiler ABI.
third_party/tx8_deps/tx8-yoc-rt-thread-smp/lib/libkcorert.a,ringblk_buf.c.o,__rtmsym_rt_rbb_blk_put_name,R,Dependency,rtos-board-dependency,RTThread/POSIX/board support dependency; not modeled as TX8 compiler ABI.
third_party/tx8_deps/tx8-yoc-rt-thread-smp/lib/libkcorert.a,ringblk_buf.c.o,__rtmsym_rt_rbb_blk_queue_buf,D,Dependency,rtos-board-dependency,RTThread/POSIX/board support dependency; not modeled as TX8 compiler ABI.
third_party/tx8_deps/tx8-yoc-rt-thread-smp/lib/libkcorert.a,ringblk_buf.c.o,__rtmsym_rt_rbb_blk_queue_buf_name,R,Dependency,rtos-board-dependency,RTThread/POSIX/board support dependency; not modeled as TX8 compiler ABI.
third_party/tx8_deps/tx8-yoc-rt-thread-smp/lib/libkcorert.a,ringblk_buf.c.o,__rtmsym_rt_rbb_blk_queue_free,D,Dependency,rtos-board-dependency,RTThread/POSIX/board support dependency; not modeled as TX8 compiler ABI.
third_party/tx8_deps/tx8-yoc-rt-thread-smp/lib/libkcorert.a,ringblk_buf.c.o,__rtmsym_rt_rbb_blk_queue_free_name,R,Dependency,rtos-board-dependency,RTThread/POSIX/board support dependency; not modeled as TX8 compiler ABI.
third_party/tx8_deps/tx8-yoc-rt-thread-smp/lib/libkcorert.a,ringblk_buf.c.o,__rtmsym_rt_rbb_blk_queue_get,D,Dependency,rtos-board-dependency,RTThread/POSIX/board support dependency; not modeled as TX8 compiler ABI.
third_party/tx8_deps/tx8-yoc-rt-thread-smp/lib/libkcorert.a,ringblk_buf.c.o,__rtmsym_rt_rbb_blk_queue_get_name,R,Dependency,rtos-board-dependency,RTThread/POSIX/board support dependency; not modeled as TX8 compiler ABI.
third_party/tx8_deps/tx8-yoc-rt-thread-smp/lib/libkcorert.a,ringblk_buf.c.o,__rtmsym_rt_rbb_blk_queue_len,D,Dependency,rtos-board-dependency,RTThread/POSIX/board support dependency; not modeled as TX8 compiler ABI.
third_party/tx8_deps/tx8-yoc-rt-thread-smp/lib/libkcorert.a,ringblk_buf.c.o,__rtmsym_rt_rbb_blk_queue_len_name,R,Dependency,rtos-board-dependency,RTThread/POSIX/board support dependency; not modeled as TX8 compiler ABI.
third_party/tx8_deps/tx8-yoc-rt-thread-smp/lib/libkcorert.a,ringblk_buf.c.o,__rtmsym_rt_rbb_blk_size,D,Dependency,rtos-board-dependency,RTThread/POSIX/board support dependency; not modeled as TX8 compiler ABI.
third_party/tx8_deps/tx8-yoc-rt-thread-smp/lib/libkcorert.a,ringblk_buf.c.o,__rtmsym_rt_rbb_blk_size_name,R,Dependency,rtos-board-dependency,RTThread/POSIX/board support dependency; not modeled as TX8 compiler ABI.
third_party/tx8_deps/tx8-yoc-rt-thread-smp/lib/libkcorert.a,ringblk_buf.c.o,__rtmsym_rt_rbb_create,D,Dependency,rtos-board-dependency,RTThread/POSIX/board support dependency; not modeled as TX8 compiler ABI.
third_party/tx8_deps/tx8-yoc-rt-thread-smp/lib/libkcorert.a,ringblk_buf.c.o,__rtmsym_rt_rbb_create_name,R,Dependency,rtos-board-dependency,RTThread/POSIX/board support dependency; not modeled as TX8 compiler ABI.
third_party/tx8_deps/tx8-yoc-rt-thread-smp/lib/libkcorert.a,ringblk_buf.c.o,__rtmsym_rt_rbb_destroy,D,Dependency,rtos-board-dependency,RTThread/POSIX/board support dependency; not modeled as TX8 compiler ABI.
third_party/tx8_deps/tx8-yoc-rt-thread-smp/lib/libkcorert.a,ringblk_buf.c.o,__rtmsym_rt_rbb_destroy_name,R,Dependency,rtos-board-dependency,RTThread/POSIX/board support dependency; not modeled as TX8 compiler ABI.
third_party/tx8_deps/tx8-yoc-rt-thread-smp/lib/libkcorert.a,ringblk_buf.c.o,__rtmsym_rt_rbb_get_buf_size,D,Dependency,rtos-board-dependency,RTThread/POSIX/board support dependency; not modeled as TX8 compiler ABI.
third_party/tx8_deps/tx8-yoc-rt-thread-smp/lib/libkcorert.a,ringblk_buf.c.o,__rtmsym_rt_rbb_get_buf_size_name,R,Dependency,rtos-board-dependency,RTThread/POSIX/board support dependency; not modeled as TX8 compiler ABI.
third_party/tx8_deps/tx8-yoc-rt-thread-smp/lib/libkcorert.a,ringblk_buf.c.o,__rtmsym_rt_rbb_init,D,Dependency,rtos-board-dependency,RTThread/POSIX/board support dependency; not modeled as TX8 compiler ABI.
third_party/tx8_deps/tx8-yoc-rt-thread-smp/lib/libkcorert.a,ringblk_buf.c.o,__rtmsym_rt_rbb_init_name,R,Dependency,rtos-board-dependency,RTThread/POSIX/board support dependency; not modeled as TX8 compiler ABI.
third_party/tx8_deps/tx8-yoc-rt-thread-smp/lib/libkcorert.a,ringblk_buf.c.o,__rtmsym_rt_rbb_next_blk_queue_len,D,Dependency,rtos-board-dependency,RTThread/POSIX/board support dependency; not modeled as TX8 compiler ABI.
third_party/tx8_deps/tx8-yoc-rt-thread-smp/lib/libkcorert.a,ringblk_buf.c.o,__rtmsym_rt_rbb_next_blk_queue_len_name,R,Dependency,rtos-board-dependency,RTThread/POSIX/board support dependency; not modeled as TX8 compiler ABI.
third_party/tx8_deps/tx8-yoc-rt-thread-smp/lib/libkcorert.a,ringblk_buf.c.o,rt_rbb_blk_alloc,T,Dependency,rtos-board-dependency,RTThread/POSIX/board support dependency; not modeled as TX8 compiler ABI.
third_party/tx8_deps/tx8-yoc-rt-thread-smp/lib/libkcorert.a,ringblk_buf.c.o,rt_rbb_blk_buf,T,Dependency,rtos-board-dependency,RTThread/POSIX/board support dependency; not modeled as TX8 compiler ABI.
third_party/tx8_deps/tx8-yoc-rt-thread-smp/lib/libkcorert.a,ringblk_buf.c.o,rt_rbb_blk_free,T,Dependency,rtos-board-dependency,RTThread/POSIX/board support dependency; not modeled as TX8 compiler ABI.
third_party/tx8_deps/tx8-yoc-rt-thread-smp/lib/libkcorert.a,ringblk_buf.c.o,rt_rbb_blk_get,T,Dependency,rtos-board-dependency,RTThread/POSIX/board support dependency; not modeled as TX8 compiler ABI.
third_party/tx8_deps/tx8-yoc-rt-thread-smp/lib/libkcorert.a,ringblk_buf.c.o,rt_rbb_blk_put,T,Dependency,rtos-board-dependency,RTThread/POSIX/board support dependency; not modeled as TX8 compiler ABI.
third_party/tx8_deps/tx8-yoc-rt-thread-smp/lib/libkcorert.a,ringblk_buf.c.o,rt_rbb_blk_queue_buf,T,Dependency,rtos-board-dependency,RTThread/POSIX/board support dependency; not modeled as TX8 compiler ABI.
third_party/tx8_deps/tx8-yoc-rt-thread-smp/lib/libkcorert.a,ringblk_buf.c.o,rt_rbb_blk_queue_free,T,Dependency,rtos-board-dependency,RTThread/POSIX/board support dependency; not modeled as TX8 compiler ABI.
third_party/tx8_deps/tx8-yoc-rt-thread-smp/lib/libkcorert.a,ringblk_buf.c.o,rt_rbb_blk_queue_get,T,Dependency,rtos-board-dependency,RTThread/POSIX/board support dependency; not modeled as TX8 compiler ABI.
third_party/tx8_deps/tx8-yoc-rt-thread-smp/lib/libkcorert.a,ringblk_buf.c.o,rt_rbb_blk_queue_len,T,Dependency,rtos-board-dependency,RTThread/POSIX/board support dependency; not modeled as TX8 compiler ABI.
third_party/tx8_deps/tx8-yoc-rt-thread-smp/lib/libkcorert.a,ringblk_buf.c.o,rt_rbb_blk_size,T,Dependency,rtos-board-dependency,RTThread/POSIX/board support dependency; not modeled as TX8 compiler ABI.
third_party/tx8_deps/tx8-yoc-rt-thread-smp/lib/libkcorert.a,ringblk_buf.c.o,rt_rbb_create,T,Dependency,rtos-board-dependency,RTThread/POSIX/board support dependency; not modeled as TX8 compiler ABI.
third_party/tx8_deps/tx8-yoc-rt-thread-smp/lib/libkcorert.a,ringblk_buf.c.o,rt_rbb_destroy,T,Dependency,rtos-board-dependency,RTThread/POSIX/board support dependency; not modeled as TX8 compiler ABI.
third_party/tx8_deps/tx8-yoc-rt-thread-smp/lib/libkcorert.a,ringblk_buf.c.o,rt_rbb_get_buf_size,T,Dependency,rtos-board-dependency,RTThread/POSIX/board support dependency; not modeled as TX8 compiler ABI.
third_party/tx8_deps/tx8-yoc-rt-thread-smp/lib/libkcorert.a,ringblk_buf.c.o,rt_rbb_init,T,Dependency,rtos-board-dependency,RTThread/POSIX/board support dependency; not modeled as TX8 compiler ABI.
third_party/tx8_deps/tx8-yoc-rt-thread-smp/lib/libkcorert.a,ringblk_buf.c.o,rt_rbb_next_blk_queue_len,T,Dependency,rtos-board-dependency,RTThread/POSIX/board support dependency; not modeled as TX8 compiler ABI.
third_party/tx8_deps/tx8-yoc-rt-thread-smp/lib/libkcorert.a,ringbuffer.c.o,__rtmsym_rt_ringbuffer_create,D,Dependency,rtos-board-dependency,RTThread/POSIX/board support dependency; not modeled as TX8 compiler ABI.
third_party/tx8_deps/tx8-yoc-rt-thread-smp/lib/libkcorert.a,ringbuffer.c.o,__rtmsym_rt_ringbuffer_create_name,R,Dependency,rtos-board-dependency,RTThread/POSIX/board support dependency; not modeled as TX8 compiler ABI.
third_party/tx8_deps/tx8-yoc-rt-thread-smp/lib/libkcorert.a,ringbuffer.c.o,__rtmsym_rt_ringbuffer_data_len,D,Dependency,rtos-board-dependency,RTThread/POSIX/board support dependency; not modeled as TX8 compiler ABI.
third_party/tx8_deps/tx8-yoc-rt-thread-smp/lib/libkcorert.a,ringbuffer.c.o,__rtmsym_rt_ringbuffer_data_len_name,R,Dependency,rtos-board-dependency,RTThread/POSIX/board support dependency; not modeled as TX8 compiler ABI.
third_party/tx8_deps/tx8-yoc-rt-thread-smp/lib/libkcorert.a,ringbuffer.c.o,__rtmsym_rt_ringbuffer_destroy,D,Dependency,rtos-board-dependency,RTThread/POSIX/board support dependency; not modeled as TX8 compiler ABI.
third_party/tx8_deps/tx8-yoc-rt-thread-smp/lib/libkcorert.a,ringbuffer.c.o,__rtmsym_rt_ringbuffer_destroy_name,R,Dependency,rtos-board-dependency,RTThread/POSIX/board support dependency; not modeled as TX8 compiler ABI.
third_party/tx8_deps/tx8-yoc-rt-thread-smp/lib/libkcorert.a,ringbuffer.c.o,__rtmsym_rt_ringbuffer_get,D,Dependency,rtos-board-dependency,RTThread/POSIX/board support dependency; not modeled as TX8 compiler ABI.
third_party/tx8_deps/tx8-yoc-rt-thread-smp/lib/libkcorert.a,ringbuffer.c.o,__rtmsym_rt_ringbuffer_get_name,R,Dependency,rtos-board-dependency,RTThread/POSIX/board support dependency; not modeled as TX8 compiler ABI.
third_party/tx8_deps/tx8-yoc-rt-thread-smp/lib/libkcorert.a,ringbuffer.c.o,__rtmsym_rt_ringbuffer_getchar,D,Dependency,rtos-board-dependency,RTThread/POSIX/board support dependency; not modeled as TX8 compiler ABI.
third_party/tx8_deps/tx8-yoc-rt-thread-smp/lib/libkcorert.a,ringbuffer.c.o,__rtmsym_rt_ringbuffer_getchar_name,R,Dependency,rtos-board-dependency,RTThread/POSIX/board support dependency; not modeled as TX8 compiler ABI.
third_party/tx8_deps/tx8-yoc-rt-thread-smp/lib/libkcorert.a,ringbuffer.c.o,__rtmsym_rt_ringbuffer_init,D,Dependency,rtos-board-dependency,RTThread/POSIX/board support dependency; not modeled as TX8 compiler ABI.
third_party/tx8_deps/tx8-yoc-rt-thread-smp/lib/libkcorert.a,ringbuffer.c.o,__rtmsym_rt_ringbuffer_init_name,R,Dependency,rtos-board-dependency,RTThread/POSIX/board support dependency; not modeled as TX8 compiler ABI.
third_party/tx8_deps/tx8-yoc-rt-thread-smp/lib/libkcorert.a,ringbuffer.c.o,__rtmsym_rt_ringbuffer_peek,D,Dependency,rtos-board-dependency,RTThread/POSIX/board support dependency; not modeled as TX8 compiler ABI.
third_party/tx8_deps/tx8-yoc-rt-thread-smp/lib/libkcorert.a,ringbuffer.c.o,__rtmsym_rt_ringbuffer_peek_name,R,Dependency,rtos-board-dependency,RTThread/POSIX/board support dependency; not modeled as TX8 compiler ABI.
third_party/tx8_deps/tx8-yoc-rt-thread-smp/lib/libkcorert.a,ringbuffer.c.o,__rtmsym_rt_ringbuffer_put,D,Dependency,rtos-board-dependency,RTThread/POSIX/board support dependency; not modeled as TX8 compiler ABI.
third_party/tx8_deps/tx8-yoc-rt-thread-smp/lib/libkcorert.a,ringbuffer.c.o,__rtmsym_rt_ringbuffer_put_force,D,Dependency,rtos-board-dependency,RTThread/POSIX/board support dependency; not modeled as TX8 compiler ABI.
third_party/tx8_deps/tx8-yoc-rt-thread-smp/lib/libkcorert.a,ringbuffer.c.o,__rtmsym_rt_ringbuffer_put_force_name,R,Dependency,rtos-board-dependency,RTThread/POSIX/board support dependency; not modeled as TX8 compiler ABI.
third_party/tx8_deps/tx8-yoc-rt-thread-smp/lib/libkcorert.a,ringbuffer.c.o,__rtmsym_rt_ringbuffer_put_name,R,Dependency,rtos-board-dependency,RTThread/POSIX/board support dependency; not modeled as TX8 compiler ABI.
third_party/tx8_deps/tx8-yoc-rt-thread-smp/lib/libkcorert.a,ringbuffer.c.o,__rtmsym_rt_ringbuffer_putchar,D,Dependency,rtos-board-dependency,RTThread/POSIX/board support dependency; not modeled as TX8 compiler ABI.
third_party/tx8_deps/tx8-yoc-rt-thread-smp/lib/libkcorert.a,ringbuffer.c.o,__rtmsym_rt_ringbuffer_putchar_force,D,Dependency,rtos-board-dependency,RTThread/POSIX/board support dependency; not modeled as TX8 compiler ABI.
third_party/tx8_deps/tx8-yoc-rt-thread-smp/lib/libkcorert.a,ringbuffer.c.o,__rtmsym_rt_ringbuffer_putchar_force_name,R,Dependency,rtos-board-dependency,RTThread/POSIX/board support dependency; not modeled as TX8 compiler ABI.
third_party/tx8_deps/tx8-yoc-rt-thread-smp/lib/libkcorert.a,ringbuffer.c.o,__rtmsym_rt_ringbuffer_putchar_name,R,Dependency,rtos-board-dependency,RTThread/POSIX/board support dependency; not modeled as TX8 compiler ABI.
third_party/tx8_deps/tx8-yoc-rt-thread-smp/lib/libkcorert.a,ringbuffer.c.o,__rtmsym_rt_ringbuffer_reset,D,Dependency,rtos-board-dependency,RTThread/POSIX/board support dependency; not modeled as TX8 compiler ABI.
third_party/tx8_deps/tx8-yoc-rt-thread-smp/lib/libkcorert.a,ringbuffer.c.o,__rtmsym_rt_ringbuffer_reset_name,R,Dependency,rtos-board-dependency,RTThread/POSIX/board support dependency; not modeled as TX8 compiler ABI.
third_party/tx8_deps/tx8-yoc-rt-thread-smp/lib/libkcorert.a,ringbuffer.c.o,ringbuffer_available_read_space,T,Dependency,rtos-board-dependency,RTThread/POSIX/board support dependency; not modeled as TX8 compiler ABI.
third_party/tx8_deps/tx8-yoc-rt-thread-smp/lib/libkcorert.a,ringbuffer.c.o,ringbuffer_create,T,Dependency,rtos-board-dependency,RTThread/POSIX/board support dependency; not modeled as TX8 compiler ABI.
third_party/tx8_deps/tx8-yoc-rt-thread-smp/lib/libkcorert.a,ringbuffer.c.o,ringbuffer_destroy,T,Dependency,rtos-board-dependency,RTThread/POSIX/board support dependency; not modeled as TX8 compiler ABI.
third_party/tx8_deps/tx8-yoc-rt-thread-smp/lib/libkcorert.a,ringbuffer.c.o,ringbuffer_read,T,Dependency,rtos-board-dependency,RTThread/POSIX/board support dependency; not modeled as TX8 compiler ABI.
third_party/tx8_deps/tx8-yoc-rt-thread-smp/lib/libkcorert.a,ringbuffer.c.o,ringbuffer_write,T,Dependency,rtos-board-dependency,RTThread/POSIX/board support dependency; not modeled as TX8 compiler ABI.
third_party/tx8_deps/tx8-yoc-rt-thread-smp/lib/libkcorert.a,ringbuffer.c.o,rt_ringbuffer_create,T,Dependency,rtos-board-dependency,RTThread/POSIX/board support dependency; not modeled as TX8 compiler ABI.
third_party/tx8_deps/tx8-yoc-rt-thread-smp/lib/libkcorert.a,ringbuffer.c.o,rt_ringbuffer_data_len,T,Dependency,rtos-board-dependency,RTThread/POSIX/board support dependency; not modeled as TX8 compiler ABI.
third_party/tx8_deps/tx8-yoc-rt-thread-smp/lib/libkcorert.a,ringbuffer.c.o,rt_ringbuffer_destroy,T,Dependency,rtos-board-dependency,RTThread/POSIX/board support dependency; not modeled as TX8 compiler ABI.
third_party/tx8_deps/tx8-yoc-rt-thread-smp/lib/libkcorert.a,ringbuffer.c.o,rt_ringbuffer_get,T,Dependency,rtos-board-dependency,RTThread/POSIX/board support dependency; not modeled as TX8 compiler ABI.
third_party/tx8_deps/tx8-yoc-rt-thread-smp/lib/libkcorert.a,ringbuffer.c.o,rt_ringbuffer_getchar,T,Dependency,rtos-board-dependency,RTThread/POSIX/board support dependency; not modeled as TX8 compiler ABI.
third_party/tx8_deps/tx8-yoc-rt-thread-smp/lib/libkcorert.a,ringbuffer.c.o,rt_ringbuffer_init,T,Dependency,rtos-board-dependency,RTThread/POSIX/board support dependency; not modeled as TX8 compiler ABI.
third_party/tx8_deps/tx8-yoc-rt-thread-smp/lib/libkcorert.a,ringbuffer.c.o,rt_ringbuffer_peek,T,Dependency,rtos-board-dependency,RTThread/POSIX/board support dependency; not modeled as TX8 compiler ABI.
third_party/tx8_deps/tx8-yoc-rt-thread-smp/lib/libkcorert.a,ringbuffer.c.o,rt_ringbuffer_put,T,Dependency,rtos-board-dependency,RTThread/POSIX/board support dependency; not modeled as TX8 compiler ABI.
third_party/tx8_deps/tx8-yoc-rt-thread-smp/lib/libkcorert.a,ringbuffer.c.o,rt_ringbuffer_put_force,T,Dependency,rtos-board-dependency,RTThread/POSIX/board support dependency; not modeled as TX8 compiler ABI.
third_party/tx8_deps/tx8-yoc-rt-thread-smp/lib/libkcorert.a,ringbuffer.c.o,rt_ringbuffer_putchar,T,Dependency,rtos-board-dependency,RTThread/POSIX/board support dependency; not modeled as TX8 compiler ABI.
third_party/tx8_deps/tx8-yoc-rt-thread-smp/lib/libkcorert.a,ringbuffer.c.o,rt_ringbuffer_putchar_force,T,Dependency,rtos-board-dependency,RTThread/POSIX/board support dependency; not modeled as TX8 compiler ABI.
third_party/tx8_deps/tx8-yoc-rt-thread-smp/lib/libkcorert.a,ringbuffer.c.o,rt_ringbuffer_reset,T,Dependency,rtos-board-dependency,RTThread/POSIX/board support dependency; not modeled as TX8 compiler ABI.
third_party/tx8_deps/tx8-yoc-rt-thread-smp/lib/libkcorert.a,risc-v_stub.c.o,arch_gdb_ops,D,Dependency,rtos-board-dependency,RTThread/POSIX/board support dependency; not modeled as TX8 compiler ABI.
third_party/tx8_deps/tx8-yoc-rt-thread-smp/lib/libkcorert.a,risc-v_stub.c.o,compiled_break,b,Dependency,rtos-board-dependency,RTThread/POSIX/board support dependency; not modeled as TX8 compiler ABI.
third_party/tx8_deps/tx8-yoc-rt-thread-smp/lib/libkcorert.a,risc-v_stub.c.o,dbg_reg_def,D,Dependency,rtos-board-dependency,RTThread/POSIX/board support dependency; not modeled as TX8 compiler ABI.
third_party/tx8_deps/tx8-yoc-rt-thread-smp/lib/libkcorert.a,risc-v_stub.c.o,gdb_arch_handle_exception,T,Dependency,rtos-board-dependency,RTThread/POSIX/board support dependency; not modeled as TX8 compiler ABI.
third_party/tx8_deps/tx8-yoc-rt-thread-smp/lib/libkcorert.a,risc-v_stub.c.o,gdb_breakpoint,T,Dependency,rtos-board-dependency,RTThread/POSIX/board support dependency; not modeled as TX8 compiler ABI.
third_party/tx8_deps/tx8-yoc-rt-thread-smp/lib/libkcorert.a,risc-v_stub.c.o,gdb_flush_icache_range,T,Dependency,rtos-board-dependency,RTThread/POSIX/board support dependency; not modeled as TX8 compiler ABI.
third_party/tx8_deps/tx8-yoc-rt-thread-smp/lib/libkcorert.a,risc-v_stub.c.o,gdb_get_regbythrd,T,Dependency,rtos-board-dependency,RTThread/POSIX/board support dependency; not modeled as TX8 compiler ABI.
third_party/tx8_deps/tx8-yoc-rt-thread-smp/lib/libkcorert.a,risc-v_stub.c.o,gdb_get_register,T,Dependency,rtos-board-dependency,RTThread/POSIX/board support dependency; not modeled as TX8 compiler ABI.
third_party/tx8_deps/tx8-yoc-rt-thread-smp/lib/libkcorert.a,risc-v_stub.c.o,gdb_put_register,T,Dependency,rtos-board-dependency,RTThread/POSIX/board support dependency; not modeled as TX8 compiler ABI.
third_party/tx8_deps/tx8-yoc-rt-thread-smp/lib/libkcorert.a,risc-v_stub.c.o,gdb_set_register,T,Dependency,rtos-board-dependency,RTThread/POSIX/board support dependency; not modeled as TX8 compiler ABI.
third_party/tx8_deps/tx8-yoc-rt-thread-smp/lib/libkcorert.a,risc-v_stub.c.o,gdb_undef_hook,T,Dependency,rtos-board-dependency,RTThread/POSIX/board support dependency; not modeled as TX8 compiler ABI.
third_party/tx8_deps/tx8-yoc-rt-thread-smp/lib/libkcorert.a,risc-v_stub.c.o,kgdb_compiled_break,T,Dependency,rtos-board-dependency,RTThread/POSIX/board support dependency; not modeled as TX8 compiler ABI.
third_party/tx8_deps/tx8-yoc-rt-thread-smp/lib/libkcorert.a,risc-v_stub.c.o,regs,b,Dependency,rtos-board-dependency,RTThread/POSIX/board support dependency; not modeled as TX8 compiler ABI.
third_party/tx8_deps/tx8-yoc-rt-thread-smp/lib/libkcorert.a,risc-v_stub.c.o,step_addr,b,Dependency,rtos-board-dependency,RTThread/POSIX/board support dependency; not modeled as TX8 compiler ABI.
third_party/tx8_deps/tx8-yoc-rt-thread-smp/lib/libkcorert.a,risc-v_stub.c.o,target_ins,t,Dependency,rtos-board-dependency,RTThread/POSIX/board support dependency; not modeled as TX8 compiler ABI.
third_party/tx8_deps/tx8-yoc-rt-thread-smp/lib/libkcorert.a,riscv.c.o,dlmodule_relocate,T,Dependency,rtos-board-dependency,RTThread/POSIX/board support dependency; not modeled as TX8 compiler ABI.
third_party/tx8_deps/tx8-yoc-rt-thread-smp/lib/libkcorert.a,riscv_api.c.o,direct_dte_attach,T,ABI,kcore-runtime-api,Kcore runtime entry covered as device-side ABI.
third_party/tx8_deps/tx8-yoc-rt-thread-smp/lib/libkcorert.a,riscv_api.c.o,direct_dte_release,T,ABI,kcore-runtime-api,Kcore runtime entry covered as device-side ABI.
third_party/tx8_deps/tx8-yoc-rt-thread-smp/lib/libkcorert.a,riscv_api.c.o,direct_dte_send_async,T,ABI,kcore-runtime-api,Kcore runtime entry covered as device-side ABI.
third_party/tx8_deps/tx8-yoc-rt-thread-smp/lib/libkcorert.a,riscv_api.c.o,direct_dte_send_sync,T,ABI,kcore-runtime-api,Kcore runtime entry covered as device-side ABI.
third_party/tx8_deps/tx8-yoc-rt-thread-smp/lib/libkcorert.a,riscv_api.c.o,direct_dte_wait_done,T,ABI,kcore-runtime-api,Kcore runtime entry covered as device-side ABI.
third_party/tx8_deps/tx8-yoc-rt-thread-smp/lib/libkcorert.a,riscv_api.c.o,direct_fsm_monitor_deinit,T,ABI,kcore-runtime-api,Kcore runtime entry covered as device-side ABI.
third_party/tx8_deps/tx8-yoc-rt-thread-smp/lib/libkcorert.a,riscv_api.c.o,direct_fsm_monitor_init,T,ABI,kcore-runtime-api,Kcore runtime entry covered as device-side ABI.
third_party/tx8_deps/tx8-yoc-rt-thread-smp/lib/libkcorert.a,riscv_api.c.o,direct_fsm_monitor_init_ddr,T,ABI,kcore-runtime-api,Kcore runtime entry covered as device-side ABI.
third_party/tx8_deps/tx8-yoc-rt-thread-smp/lib/libkcorert.a,riscv_api.c.o,direct_fsm_monitor_receive,T,ABI,kcore-runtime-api,Kcore runtime entry covered as device-side ABI.
third_party/tx8_deps/tx8-yoc-rt-thread-smp/lib/libkcorert.a,riscv_api.c.o,direct_sync_init,T,ABI,kcore-runtime-api,Kcore runtime entry covered as device-side ABI.
third_party/tx8_deps/tx8-yoc-rt-thread-smp/lib/libkcorert.a,riscv_api.c.o,direct_sync_post,T,ABI,kcore-runtime-api,Kcore runtime entry covered as device-side ABI.
third_party/tx8_deps/tx8-yoc-rt-thread-smp/lib/libkcorert.a,riscv_api.c.o,direct_sync_wait,T,ABI,kcore-runtime-api,Kcore runtime entry covered as device-side ABI.
third_party/tx8_deps/tx8-yoc-rt-thread-smp/lib/libkcorert.a,riscv_api.c.o,get_spm_memory_mapping,T,ABI,kcore-runtime-api,Kcore runtime entry covered as device-side ABI.
third_party/tx8_deps/tx8-yoc-rt-thread-smp/lib/libkcorert.a,riscv_api.c.o,get_tile_spm_addr_base,T,ABI,kcore-runtime-api,Kcore runtime entry covered as device-side ABI.
third_party/tx8_deps/tx8-yoc-rt-thread-smp/lib/libkcorert.a,riscv_api.c.o,hrt_barrier,T,ABI,kcore-runtime-api,Kcore runtime entry covered as device-side ABI.
third_party/tx8_deps/tx8-yoc-rt-thread-smp/lib/libkcorert.a,riscv_api.c.o,tile_ready_read_other_tile_spm,T,ABI,kcore-runtime-api,Kcore runtime entry covered as device-side ABI.
third_party/tx8_deps/tx8-yoc-rt-thread-smp/lib/libkcorert.a,riscv_api.c.o,tile_ready_write_other_tile_spm,T,ABI,kcore-runtime-api,Kcore runtime entry covered as device-side ABI.
third_party/tx8_deps/tx8-yoc-rt-thread-smp/lib/libkcorert.a,riscv_api.c.o,tile_sync_by_spm,T,ABI,kcore-runtime-api,Kcore runtime entry covered as device-side ABI.
third_party/tx8_deps/tx8-yoc-rt-thread-smp/lib/libkcorert.a,riscv_api.c.o,tile_sync_by_spm1,T,ABI,kcore-runtime-api,Kcore runtime entry covered as device-side ABI.
third_party/tx8_deps/tx8-yoc-rt-thread-smp/lib/libkcorert.a,riscv_api.c.o,tile_sync_by_spm_single_direction,T,ABI,kcore-runtime-api,Kcore runtime entry covered as device-side ABI.
third_party/tx8_deps/tx8-yoc-rt-thread-smp/lib/libkcorert.a,riscv_api.c.o,__BREAK_POINT_FUNC_LINE__,T,Dependency,rtos-board-dependency,RTThread/POSIX/board support dependency; not modeled as TX8 compiler ABI.
third_party/tx8_deps/tx8-yoc-rt-thread-smp/lib/libkcorert.a,riscv_api.c.o,__BREAK_POINT_FUNC_NAME__,T,Dependency,rtos-board-dependency,RTThread/POSIX/board support dependency; not modeled as TX8 compiler ABI.
third_party/tx8_deps/tx8-yoc-rt-thread-smp/lib/libkcorert.a,riscv_api.c.o,__DEBUG_FUNC__,T,Dependency,rtos-board-dependency,RTThread/POSIX/board support dependency; not modeled as TX8 compiler ABI.
third_party/tx8_deps/tx8-yoc-rt-thread-smp/lib/libkcorert.a,riscv_api.c.o,__FUNCTION__.18,r,Dependency,rtos-board-dependency,RTThread/POSIX/board support dependency; not modeled as TX8 compiler ABI.
third_party/tx8_deps/tx8-yoc-rt-thread-smp/lib/libkcorert.a,riscv_api.c.o,__FUNCTION__.20,r,Dependency,rtos-board-dependency,RTThread/POSIX/board support dependency; not modeled as TX8 compiler ABI.
third_party/tx8_deps/tx8-yoc-rt-thread-smp/lib/libkcorert.a,riscv_api.c.o,__SEM__GROUP_HOST_SAVED,T,Dependency,rtos-board-dependency,RTThread/POSIX/board support dependency; not modeled as TX8 compiler ABI.
third_party/tx8_deps/tx8-yoc-rt-thread-smp/lib/libkcorert.a,riscv_api.c.o,__SEM__GROUP_WRITE_DONE,T,Dependency,rtos-board-dependency,RTThread/POSIX/board support dependency; not modeled as TX8 compiler ABI.
third_party/tx8_deps/tx8-yoc-rt-thread-smp/lib/libkcorert.a,riscv_api.c.o,__SEM__SPM_HOST_SAVED,T,Dependency,rtos-board-dependency,RTThread/POSIX/board support dependency; not modeled as TX8 compiler ABI.
third_party/tx8_deps/tx8-yoc-rt-thread-smp/lib/libkcorert.a,riscv_api.c.o,__SEM__SPM_WRITE_DONE,T,Dependency,rtos-board-dependency,RTThread/POSIX/board support dependency; not modeled as TX8 compiler ABI.
third_party/tx8_deps/tx8-yoc-rt-thread-smp/lib/libkcorert.a,riscv_api.c.o,__SEM__SPM_WRITE_REQ,T,Dependency,rtos-board-dependency,RTThread/POSIX/board support dependency; not modeled as TX8 compiler ABI.
third_party/tx8_deps/tx8-yoc-rt-thread-smp/lib/libkcorert.a,riscv_api.c.o,__func__.0,r,Dependency,rtos-board-dependency,RTThread/POSIX/board support dependency; not modeled as TX8 compiler ABI.
third_party/tx8_deps/tx8-yoc-rt-thread-smp/lib/libkcorert.a,riscv_api.c.o,__func__.1,r,Dependency,rtos-board-dependency,RTThread/POSIX/board support dependency; not modeled as TX8 compiler ABI.
third_party/tx8_deps/tx8-yoc-rt-thread-smp/lib/libkcorert.a,riscv_api.c.o,__func__.12,r,Dependency,rtos-board-dependency,RTThread/POSIX/board support dependency; not modeled as TX8 compiler ABI.
third_party/tx8_deps/tx8-yoc-rt-thread-smp/lib/libkcorert.a,riscv_api.c.o,__func__.13,r,Dependency,rtos-board-dependency,RTThread/POSIX/board support dependency; not modeled as TX8 compiler ABI.
third_party/tx8_deps/tx8-yoc-rt-thread-smp/lib/libkcorert.a,riscv_api.c.o,__func__.14,r,Dependency,rtos-board-dependency,RTThread/POSIX/board support dependency; not modeled as TX8 compiler ABI.
third_party/tx8_deps/tx8-yoc-rt-thread-smp/lib/libkcorert.a,riscv_api.c.o,__func__.15,r,Dependency,rtos-board-dependency,RTThread/POSIX/board support dependency; not modeled as TX8 compiler ABI.
third_party/tx8_deps/tx8-yoc-rt-thread-smp/lib/libkcorert.a,riscv_api.c.o,__func__.17,r,Dependency,rtos-board-dependency,RTThread/POSIX/board support dependency; not modeled as TX8 compiler ABI.
third_party/tx8_deps/tx8-yoc-rt-thread-smp/lib/libkcorert.a,riscv_api.c.o,__func__.19,r,Dependency,rtos-board-dependency,RTThread/POSIX/board support dependency; not modeled as TX8 compiler ABI.
third_party/tx8_deps/tx8-yoc-rt-thread-smp/lib/libkcorert.a,riscv_api.c.o,__func__.2,r,Dependency,rtos-board-dependency,RTThread/POSIX/board support dependency; not modeled as TX8 compiler ABI.
third_party/tx8_deps/tx8-yoc-rt-thread-smp/lib/libkcorert.a,riscv_api.c.o,__func__.21,r,Dependency,rtos-board-dependency,RTThread/POSIX/board support dependency; not modeled as TX8 compiler ABI.
third_party/tx8_deps/tx8-yoc-rt-thread-smp/lib/libkcorert.a,riscv_api.c.o,__func__.22,r,Dependency,rtos-board-dependency,RTThread/POSIX/board support dependency; not modeled as TX8 compiler ABI.
third_party/tx8_deps/tx8-yoc-rt-thread-smp/lib/libkcorert.a,riscv_api.c.o,__func__.23,r,Dependency,rtos-board-dependency,RTThread/POSIX/board support dependency; not modeled as TX8 compiler ABI.
third_party/tx8_deps/tx8-yoc-rt-thread-smp/lib/libkcorert.a,riscv_api.c.o,__func__.24,r,Dependency,rtos-board-dependency,RTThread/POSIX/board support dependency; not modeled as TX8 compiler ABI.
third_party/tx8_deps/tx8-yoc-rt-thread-smp/lib/libkcorert.a,riscv_api.c.o,__func__.25,r,Dependency,rtos-board-dependency,RTThread/POSIX/board support dependency; not modeled as TX8 compiler ABI.
third_party/tx8_deps/tx8-yoc-rt-thread-smp/lib/libkcorert.a,riscv_api.c.o,__func__.26,r,Dependency,rtos-board-dependency,RTThread/POSIX/board support dependency; not modeled as TX8 compiler ABI.
third_party/tx8_deps/tx8-yoc-rt-thread-smp/lib/libkcorert.a,riscv_api.c.o,__func__.27,r,Dependency,rtos-board-dependency,RTThread/POSIX/board support dependency; not modeled as TX8 compiler ABI.
third_party/tx8_deps/tx8-yoc-rt-thread-smp/lib/libkcorert.a,riscv_api.c.o,__func__.28,r,Dependency,rtos-board-dependency,RTThread/POSIX/board support dependency; not modeled as TX8 compiler ABI.
third_party/tx8_deps/tx8-yoc-rt-thread-smp/lib/libkcorert.a,riscv_api.c.o,__func__.29,r,Dependency,rtos-board-dependency,RTThread/POSIX/board support dependency; not modeled as TX8 compiler ABI.
third_party/tx8_deps/tx8-yoc-rt-thread-smp/lib/libkcorert.a,riscv_api.c.o,__func__.3,r,Dependency,rtos-board-dependency,RTThread/POSIX/board support dependency; not modeled as TX8 compiler ABI.
third_party/tx8_deps/tx8-yoc-rt-thread-smp/lib/libkcorert.a,riscv_api.c.o,__func__.30,r,Dependency,rtos-board-dependency,RTThread/POSIX/board support dependency; not modeled as TX8 compiler ABI.
third_party/tx8_deps/tx8-yoc-rt-thread-smp/lib/libkcorert.a,riscv_api.c.o,__func__.31,r,Dependency,rtos-board-dependency,RTThread/POSIX/board support dependency; not modeled as TX8 compiler ABI.
third_party/tx8_deps/tx8-yoc-rt-thread-smp/lib/libkcorert.a,riscv_api.c.o,__func__.32,r,Dependency,rtos-board-dependency,RTThread/POSIX/board support dependency; not modeled as TX8 compiler ABI.
third_party/tx8_deps/tx8-yoc-rt-thread-smp/lib/libkcorert.a,riscv_api.c.o,__func__.8,r,Dependency,rtos-board-dependency,RTThread/POSIX/board support dependency; not modeled as TX8 compiler ABI.
third_party/tx8_deps/tx8-yoc-rt-thread-smp/lib/libkcorert.a,riscv_api.c.o,__get_pid,T,Dependency,rtos-board-dependency,RTThread/POSIX/board support dependency; not modeled as TX8 compiler ABI.
third_party/tx8_deps/tx8-yoc-rt-thread-smp/lib/libkcorert.a,riscv_api.c.o,__grid_dim_x,T,Dependency,rtos-board-dependency,RTThread/POSIX/board support dependency; not modeled as TX8 compiler ABI.
third_party/tx8_deps/tx8-yoc-rt-thread-smp/lib/libkcorert.a,riscv_api.c.o,__grid_dim_y,T,Dependency,rtos-board-dependency,RTThread/POSIX/board support dependency; not modeled as TX8 compiler ABI.
third_party/tx8_deps/tx8-yoc-rt-thread-smp/lib/libkcorert.a,riscv_api.c.o,__grid_dim_z,T,Dependency,rtos-board-dependency,RTThread/POSIX/board support dependency; not modeled as TX8 compiler ABI.
third_party/tx8_deps/tx8-yoc-rt-thread-smp/lib/libkcorert.a,riscv_api.c.o,__rtmsym_get_kcore_calc_count,D,Dependency,rtos-board-dependency,RTThread/POSIX/board support dependency; not modeled as TX8 compiler ABI.
third_party/tx8_deps/tx8-yoc-rt-thread-smp/lib/libkcorert.a,riscv_api.c.o,__rtmsym_get_kcore_calc_count_name,R,Dependency,rtos-board-dependency,RTThread/POSIX/board support dependency; not modeled as TX8 compiler ABI.
third_party/tx8_deps/tx8-yoc-rt-thread-smp/lib/libkcorert.a,riscv_api.c.o,__rtmsym_is_disable_allgather,D,Dependency,rtos-board-dependency,RTThread/POSIX/board support dependency; not modeled as TX8 compiler ABI.
third_party/tx8_deps/tx8-yoc-rt-thread-smp/lib/libkcorert.a,riscv_api.c.o,__rtmsym_is_disable_allgather_name,R,Dependency,rtos-board-dependency,RTThread/POSIX/board support dependency; not modeled as TX8 compiler ABI.
third_party/tx8_deps/tx8-yoc-rt-thread-smp/lib/libkcorert.a,riscv_api.c.o,__rtmsym_is_disable_allreduce,D,Dependency,rtos-board-dependency,RTThread/POSIX/board support dependency; not modeled as TX8 compiler ABI.
third_party/tx8_deps/tx8-yoc-rt-thread-smp/lib/libkcorert.a,riscv_api.c.o,__rtmsym_is_disable_allreduce_name,R,Dependency,rtos-board-dependency,RTThread/POSIX/board support dependency; not modeled as TX8 compiler ABI.
third_party/tx8_deps/tx8-yoc-rt-thread-smp/lib/libkcorert.a,riscv_api.c.o,__rtmsym_is_disable_calc,D,Dependency,rtos-board-dependency,RTThread/POSIX/board support dependency; not modeled as TX8 compiler ABI.
third_party/tx8_deps/tx8-yoc-rt-thread-smp/lib/libkcorert.a,riscv_api.c.o,__rtmsym_is_disable_calc_name,R,Dependency,rtos-board-dependency,RTThread/POSIX/board support dependency; not modeled as TX8 compiler ABI.
third_party/tx8_deps/tx8-yoc-rt-thread-smp/lib/libkcorert.a,riscv_api.c.o,break_point_func_line,b,Dependency,rtos-board-dependency,RTThread/POSIX/board support dependency; not modeled as TX8 compiler ABI.
third_party/tx8_deps/tx8-yoc-rt-thread-smp/lib/libkcorert.a,riscv_api.c.o,break_point_func_name,b,Dependency,rtos-board-dependency,RTThread/POSIX/board support dependency; not modeled as TX8 compiler ABI.
third_party/tx8_deps/tx8-yoc-rt-thread-smp/lib/libkcorert.a,riscv_api.c.o,check_torus_status,T,Dependency,rtos-board-dependency,RTThread/POSIX/board support dependency; not modeled as TX8 compiler ABI.
third_party/tx8_deps/tx8-yoc-rt-thread-smp/lib/libkcorert.a,riscv_api.c.o,counter.7,b,Dependency,rtos-board-dependency,RTThread/POSIX/board support dependency; not modeled as TX8 compiler ABI.
third_party/tx8_deps/tx8-yoc-rt-thread-smp/lib/libkcorert.a,riscv_api.c.o,disable_torus,T,Dependency,rtos-board-dependency,RTThread/POSIX/board support dependency; not modeled as TX8 compiler ABI.
third_party/tx8_deps/tx8-yoc-rt-thread-smp/lib/libkcorert.a,riscv_api.c.o,dte_memcpy,T,Dependency,unclassified-dependency,Named dependency/support symbol outside the compiler-facing ABI surface.
third_party/tx8_deps/tx8-yoc-rt-thread-smp/lib/libkcorert.a,riscv_api.c.o,dte_memcpy_d2d,T,Dependency,unclassified-dependency,Named dependency/support symbol outside the compiler-facing ABI surface.
third_party/tx8_deps/tx8-yoc-rt-thread-smp/lib/libkcorert.a,riscv_api.c.o,dte_memcpy_p2p,T,Dependency,unclassified-dependency,Named dependency/support symbol outside the compiler-facing ABI surface.
third_party/tx8_deps/tx8-yoc-rt-thread-smp/lib/libkcorert.a,riscv_api.c.o,enable_torus,T,Dependency,rtos-board-dependency,RTThread/POSIX/board support dependency; not modeled as TX8 compiler ABI.
third_party/tx8_deps/tx8-yoc-rt-thread-smp/lib/libkcorert.a,riscv_api.c.o,find_idx_in_map_tbl,T,Dependency,rtos-board-dependency,RTThread/POSIX/board support dependency; not modeled as TX8 compiler ABI.
third_party/tx8_deps/tx8-yoc-rt-thread-smp/lib/libkcorert.a,riscv_api.c.o,g_disable_allgather,B,Dependency,rtos-board-dependency,RTThread/POSIX/board support dependency; not modeled as TX8 compiler ABI.
third_party/tx8_deps/tx8-yoc-rt-thread-smp/lib/libkcorert.a,riscv_api.c.o,g_disable_allreduce,B,Dependency,rtos-board-dependency,RTThread/POSIX/board support dependency; not modeled as TX8 compiler ABI.
third_party/tx8_deps/tx8-yoc-rt-thread-smp/lib/libkcorert.a,riscv_api.c.o,g_disable_calc,B,Dependency,rtos-board-dependency,RTThread/POSIX/board support dependency; not modeled as TX8 compiler ABI.
third_party/tx8_deps/tx8-yoc-rt-thread-smp/lib/libkcorert.a,riscv_api.c.o,g_kcore_calc_count,D,Dependency,rtos-board-dependency,RTThread/POSIX/board support dependency; not modeled as TX8 compiler ABI.
third_party/tx8_deps/tx8-yoc-rt-thread-smp/lib/libkcorert.a,riscv_api.c.o,g_kcore_config,d,Dependency,rtos-board-dependency,RTThread/POSIX/board support dependency; not modeled as TX8 compiler ABI.
third_party/tx8_deps/tx8-yoc-rt-thread-smp/lib/libkcorert.a,riscv_api.c.o,g_kmd_mapping_table,B,Dependency,rtos-board-dependency,RTThread/POSIX/board support dependency; not modeled as TX8 compiler ABI.
third_party/tx8_deps/tx8-yoc-rt-thread-smp/lib/libkcorert.a,riscv_api.c.o,getTsmTlvInfo,T,Dependency,unclassified-dependency,Named dependency/support symbol outside the compiler-facing ABI surface.
third_party/tx8_deps/tx8-yoc-rt-thread-smp/lib/libkcorert.a,riscv_api.c.o,get_barrier_idx,T,Dependency,rtos-board-dependency,RTThread/POSIX/board support dependency; not modeled as TX8 compiler ABI.
third_party/tx8_deps/tx8-yoc-rt-thread-smp/lib/libkcorert.a,riscv_api.c.o,get_cycle_mode,T,Dependency,rtos-board-dependency,RTThread/POSIX/board support dependency; not modeled as TX8 compiler ABI.
third_party/tx8_deps/tx8-yoc-rt-thread-smp/lib/libkcorert.a,riscv_api.c.o,get_ddr_memory_mapping,T,Dependency,rtos-board-dependency,RTThread/POSIX/board support dependency; not modeled as TX8 compiler ABI.
third_party/tx8_deps/tx8-yoc-rt-thread-smp/lib/libkcorert.a,riscv_api.c.o,get_ddr_memory_mapping_with_size,T,Dependency,rtos-board-dependency,RTThread/POSIX/board support dependency; not modeled as TX8 compiler ABI.
third_party/tx8_deps/tx8-yoc-rt-thread-smp/lib/libkcorert.a,riscv_api.c.o,get_debug_msg,T,Dependency,rtos-board-dependency,RTThread/POSIX/board support dependency; not modeled as TX8 compiler ABI.
third_party/tx8_deps/tx8-yoc-rt-thread-smp/lib/libkcorert.a,riscv_api.c.o,get_gdb_char,T,Dependency,rtos-board-dependency,RTThread/POSIX/board support dependency; not modeled as TX8 compiler ABI.
third_party/tx8_deps/tx8-yoc-rt-thread-smp/lib/libkcorert.a,riscv_api.c.o,get_gddr_area_max,T,Dependency,rtos-board-dependency,RTThread/POSIX/board support dependency; not modeled as TX8 compiler ABI.
third_party/tx8_deps/tx8-yoc-rt-thread-smp/lib/libkcorert.a,riscv_api.c.o,get_gddr_area_min,T,Dependency,rtos-board-dependency,RTThread/POSIX/board support dependency; not modeled as TX8 compiler ABI.
third_party/tx8_deps/tx8-yoc-rt-thread-smp/lib/libkcorert.a,riscv_api.c.o,get_kcore_calc_count,T,Dependency,rtos-board-dependency,RTThread/POSIX/board support dependency; not modeled as TX8 compiler ABI.
third_party/tx8_deps/tx8-yoc-rt-thread-smp/lib/libkcorert.a,riscv_api.c.o,get_kcore_config,T,Dependency,rtos-board-dependency,RTThread/POSIX/board support dependency; not modeled as TX8 compiler ABI.
third_party/tx8_deps/tx8-yoc-rt-thread-smp/lib/libkcorert.a,riscv_api.c.o,get_op_index,T,Dependency,rtos-board-dependency,RTThread/POSIX/board support dependency; not modeled as TX8 compiler ABI.
third_party/tx8_deps/tx8-yoc-rt-thread-smp/lib/libkcorert.a,riscv_api.c.o,get_run_result,T,Dependency,rtos-board-dependency,RTThread/POSIX/board support dependency; not modeled as TX8 compiler ABI.
third_party/tx8_deps/tx8-yoc-rt-thread-smp/lib/libkcorert.a,riscv_api.c.o,get_sconf_reg,T,Dependency,rtos-board-dependency,RTThread/POSIX/board support dependency; not modeled as TX8 compiler ABI.
third_party/tx8_deps/tx8-yoc-rt-thread-smp/lib/libkcorert.a,riscv_api.c.o,get_tile_id_2d,T,Dependency,rtos-board-dependency,RTThread/POSIX/board support dependency; not modeled as TX8 compiler ABI.
third_party/tx8_deps/tx8-yoc-rt-thread-smp/lib/libkcorert.a,riscv_api.c.o,get_tile_id_in_chip,T,Dependency,rtos-board-dependency,RTThread/POSIX/board support dependency; not modeled as TX8 compiler ABI.
third_party/tx8_deps/tx8-yoc-rt-thread-smp/lib/libkcorert.a,riscv_api.c.o,group_host_saved,b,Dependency,rtos-board-dependency,RTThread/POSIX/board support dependency; not modeled as TX8 compiler ABI.
third_party/tx8_deps/tx8-yoc-rt-thread-smp/lib/libkcorert.a,riscv_api.c.o,group_write_done,b,Dependency,rtos-board-dependency,RTThread/POSIX/board support dependency; not modeled as TX8 compiler ABI.
third_party/tx8_deps/tx8-yoc-rt-thread-smp/lib/libkcorert.a,riscv_api.c.o,init_kcore_result,T,Dependency,rtos-board-dependency,RTThread/POSIX/board support dependency; not modeled as TX8 compiler ABI.
third_party/tx8_deps/tx8-yoc-rt-thread-smp/lib/libkcorert.a,riscv_api.c.o,init_kcore_switch_info,T,Dependency,rtos-board-dependency,RTThread/POSIX/board support dependency; not modeled as TX8 compiler ABI.
third_party/tx8_deps/tx8-yoc-rt-thread-smp/lib/libkcorert.a,riscv_api.c.o,init_stream_count,T,Dependency,unclassified-dependency,Named dependency/support symbol outside the compiler-facing ABI surface.
third_party/tx8_deps/tx8-yoc-rt-thread-smp/lib/libkcorert.a,riscv_api.c.o,init_tile_id,T,Dependency,rtos-board-dependency,RTThread/POSIX/board support dependency; not modeled as TX8 compiler ABI.
third_party/tx8_deps/tx8-yoc-rt-thread-smp/lib/libkcorert.a,riscv_api.c.o,is_disable_allgather,T,Dependency,rtos-board-dependency,RTThread/POSIX/board support dependency; not modeled as TX8 compiler ABI.
third_party/tx8_deps/tx8-yoc-rt-thread-smp/lib/libkcorert.a,riscv_api.c.o,is_disable_allreduce,T,Dependency,rtos-board-dependency,RTThread/POSIX/board support dependency; not modeled as TX8 compiler ABI.
third_party/tx8_deps/tx8-yoc-rt-thread-smp/lib/libkcorert.a,riscv_api.c.o,is_disable_calc,T,Dependency,rtos-board-dependency,RTThread/POSIX/board support dependency; not modeled as TX8 compiler ABI.
third_party/tx8_deps/tx8-yoc-rt-thread-smp/lib/libkcorert.a,riscv_api.c.o,is_set.16,b,Dependency,rtos-board-dependency,RTThread/POSIX/board support dependency; not modeled as TX8 compiler ABI.
third_party/tx8_deps/tx8-yoc-rt-thread-smp/lib/libkcorert.a,riscv_api.c.o,len.11,b,Dependency,rtos-board-dependency,RTThread/POSIX/board support dependency; not modeled as TX8 compiler ABI.
third_party/tx8_deps/tx8-yoc-rt-thread-smp/lib/libkcorert.a,riscv_api.c.o,opidx,B,Dependency,rtos-board-dependency,RTThread/POSIX/board support dependency; not modeled as TX8 compiler ABI.
third_party/tx8_deps/tx8-yoc-rt-thread-smp/lib/libkcorert.a,riscv_api.c.o,pktDoneSync,T,Dependency,rtos-board-dependency,RTThread/POSIX/board support dependency; not modeled as TX8 compiler ABI.
third_party/tx8_deps/tx8-yoc-rt-thread-smp/lib/libkcorert.a,riscv_api.c.o,pos.10,b,Dependency,rtos-board-dependency,RTThread/POSIX/board support dependency; not modeled as TX8 compiler ABI.
third_party/tx8_deps/tx8-yoc-rt-thread-smp/lib/libkcorert.a,riscv_api.c.o,pre_count.4,b,Dependency,rtos-board-dependency,RTThread/POSIX/board support dependency; not modeled as TX8 compiler ABI.
third_party/tx8_deps/tx8-yoc-rt-thread-smp/lib/libkcorert.a,riscv_api.c.o,pre_flag.5,b,Dependency,rtos-board-dependency,RTThread/POSIX/board support dependency; not modeled as TX8 compiler ABI.
third_party/tx8_deps/tx8-yoc-rt-thread-smp/lib/libkcorert.a,riscv_api.c.o,print_mem_info,T,Dependency,rtos-board-dependency,RTThread/POSIX/board support dependency; not modeled as TX8 compiler ABI.
third_party/tx8_deps/tx8-yoc-rt-thread-smp/lib/libkcorert.a,riscv_api.c.o,put_gdb_char,T,Dependency,rtos-board-dependency,RTThread/POSIX/board support dependency; not modeled as TX8 compiler ABI.
third_party/tx8_deps/tx8-yoc-rt-thread-smp/lib/libkcorert.a,riscv_api.c.o,recv_buf.9,b,Dependency,rtos-board-dependency,RTThread/POSIX/board support dependency; not modeled as TX8 compiler ABI.
third_party/tx8_deps/tx8-yoc-rt-thread-smp/lib/libkcorert.a,riscv_api.c.o,sem_spm_host_saved,b,Dependency,rtos-board-dependency,RTThread/POSIX/board support dependency; not modeled as TX8 compiler ABI.
third_party/tx8_deps/tx8-yoc-rt-thread-smp/lib/libkcorert.a,riscv_api.c.o,sem_spm_write_done,b,Dependency,rtos-board-dependency,RTThread/POSIX/board support dependency; not modeled as TX8 compiler ABI.
third_party/tx8_deps/tx8-yoc-rt-thread-smp/lib/libkcorert.a,riscv_api.c.o,sem_spm_write_req,b,Dependency,rtos-board-dependency,RTThread/POSIX/board support dependency; not modeled as TX8 compiler ABI.
third_party/tx8_deps/tx8-yoc-rt-thread-smp/lib/libkcorert.a,riscv_api.c.o,send_buf.6,b,Dependency,rtos-board-dependency,RTThread/POSIX/board support dependency; not modeled as TX8 compiler ABI.
third_party/tx8_deps/tx8-yoc-rt-thread-smp/lib/libkcorert.a,riscv_api.c.o,set_break_point_info,T,Dependency,rtos-board-dependency,RTThread/POSIX/board support dependency; not modeled as TX8 compiler ABI.
third_party/tx8_deps/tx8-yoc-rt-thread-smp/lib/libkcorert.a,riscv_api.c.o,set_cycle_mode,T,Dependency,rtos-board-dependency,RTThread/POSIX/board support dependency; not modeled as TX8 compiler ABI.
third_party/tx8_deps/tx8-yoc-rt-thread-smp/lib/libkcorert.a,riscv_api.c.o,set_direct_fsm_monitor_dst_addr,T,Dependency,rtos-board-dependency,RTThread/POSIX/board support dependency; not modeled as TX8 compiler ABI.
third_party/tx8_deps/tx8-yoc-rt-thread-smp/lib/libkcorert.a,riscv_api.c.o,set_direct_fsm_monitor_length,T,Dependency,rtos-board-dependency,RTThread/POSIX/board support dependency; not modeled as TX8 compiler ABI.
third_party/tx8_deps/tx8-yoc-rt-thread-smp/lib/libkcorert.a,riscv_api.c.o,set_kcore_err_info,T,Dependency,rtos-board-dependency,RTThread/POSIX/board support dependency; not modeled as TX8 compiler ABI.
third_party/tx8_deps/tx8-yoc-rt-thread-smp/lib/libkcorert.a,riscv_api.c.o,set_op_index,T,Dependency,rtos-board-dependency,RTThread/POSIX/board support dependency; not modeled as TX8 compiler ABI.
third_party/tx8_deps/tx8-yoc-rt-thread-smp/lib/libkcorert.a,riscv_api.c.o,set_sconf_bool_reg,T,Dependency,rtos-board-dependency,RTThread/POSIX/board support dependency; not modeled as TX8 compiler ABI.
third_party/tx8_deps/tx8-yoc-rt-thread-smp/lib/libkcorert.a,riscv_api.c.o,set_sconf_reg,T,Dependency,rtos-board-dependency,RTThread/POSIX/board support dependency; not modeled as TX8 compiler ABI.
third_party/tx8_deps/tx8-yoc-rt-thread-smp/lib/libkcorert.a,riscv_api.c.o,g_pmu_buf_addr,b,HardwareVerify,hardware-measured-runtime,Static ABI is documented; timing/state semantics require board verification.
third_party/tx8_deps/tx8-yoc-rt-thread-smp/lib/libkcorert.a,riscv_api.c.o,g_pmu_buf_size,b,HardwareVerify,hardware-measured-runtime,Static ABI is documented; timing/state semantics require board verification.
third_party/tx8_deps/tx8-yoc-rt-thread-smp/lib/libkcorert.a,riscv_api.c.o,g_pmu_buf_wptr,b,HardwareVerify,hardware-measured-runtime,Static ABI is documented; timing/state semantics require board verification.
third_party/tx8_deps/tx8-yoc-rt-thread-smp/lib/libkcorert.a,riscv_api.c.o,g_pmu_prof_type,b,HardwareVerify,hardware-measured-runtime,Static ABI is documented; timing/state semantics require board verification.
third_party/tx8_deps/tx8-yoc-rt-thread-smp/lib/libkcorert.a,riscv_api.c.o,get_dte_pmu_reg,T,HardwareVerify,hardware-measured-runtime,Static ABI is documented; timing/state semantics require board verification.
third_party/tx8_deps/tx8-yoc-rt-thread-smp/lib/libkcorert.a,riscv_api.c.o,get_pmu_reg,T,HardwareVerify,hardware-measured-runtime,Static ABI is documented; timing/state semantics require board verification.
third_party/tx8_deps/tx8-yoc-rt-thread-smp/lib/libkcorert.a,riscv_api.c.o,set_pmu_reg,T,HardwareVerify,hardware-measured-runtime,Static ABI is documented; timing/state semantics require board verification.
third_party/tx8_deps/tx8-yoc-rt-thread-smp/lib/libkcorert.a,rtc.c.o,rvm_hal_rtc_cancel_alarm,T,Dependency,rtos-board-dependency,RTThread/POSIX/board support dependency; not modeled as TX8 compiler ABI.
third_party/tx8_deps/tx8-yoc-rt-thread-smp/lib/libkcorert.a,rtc.c.o,rvm_hal_rtc_get_alarm_remaining_time,T,Dependency,rtos-board-dependency,RTThread/POSIX/board support dependency; not modeled as TX8 compiler ABI.
third_party/tx8_deps/tx8-yoc-rt-thread-smp/lib/libkcorert.a,rtc.c.o,rvm_hal_rtc_get_time,T,Dependency,rtos-board-dependency,RTThread/POSIX/board support dependency; not modeled as TX8 compiler ABI.
third_party/tx8_deps/tx8-yoc-rt-thread-smp/lib/libkcorert.a,rtc.c.o,rvm_hal_rtc_set_alarm,T,Dependency,rtos-board-dependency,RTThread/POSIX/board support dependency; not modeled as TX8 compiler ABI.
third_party/tx8_deps/tx8-yoc-rt-thread-smp/lib/libkcorert.a,rtc.c.o,rvm_hal_rtc_set_time,T,Dependency,rtos-board-dependency,RTThread/POSIX/board support dependency; not modeled as TX8 compiler ABI.
third_party/tx8_deps/tx8-yoc-rt-thread-smp/lib/libkcorert.a,rtt_fifo_queue.c.o,__func__.0,r,Dependency,rtos-board-dependency,RTThread/POSIX/board support dependency; not modeled as TX8 compiler ABI.
third_party/tx8_deps/tx8-yoc-rt-thread-smp/lib/libkcorert.a,rtt_fifo_queue.c.o,fifo_clear,T,Dependency,rtos-board-dependency,RTThread/POSIX/board support dependency; not modeled as TX8 compiler ABI.
third_party/tx8_deps/tx8-yoc-rt-thread-smp/lib/libkcorert.a,rtt_fifo_queue.c.o,fifo_count,T,Dependency,rtos-board-dependency,RTThread/POSIX/board support dependency; not modeled as TX8 compiler ABI.
third_party/tx8_deps/tx8-yoc-rt-thread-smp/lib/libkcorert.a,rtt_fifo_queue.c.o,fifo_create,T,Dependency,rtos-board-dependency,RTThread/POSIX/board support dependency; not modeled as TX8 compiler ABI.
third_party/tx8_deps/tx8-yoc-rt-thread-smp/lib/libkcorert.a,rtt_fifo_queue.c.o,fifo_delete,T,Dependency,rtos-board-dependency,RTThread/POSIX/board support dependency; not modeled as TX8 compiler ABI.
third_party/tx8_deps/tx8-yoc-rt-thread-smp/lib/libkcorert.a,rtt_fifo_queue.c.o,fifo_is_empty,T,Dependency,rtos-board-dependency,RTThread/POSIX/board support dependency; not modeled as TX8 compiler ABI.
third_party/tx8_deps/tx8-yoc-rt-thread-smp/lib/libkcorert.a,rtt_fifo_queue.c.o,fifo_peek,T,Dependency,rtos-board-dependency,RTThread/POSIX/board support dependency; not modeled as TX8 compiler ABI.
third_party/tx8_deps/tx8-yoc-rt-thread-smp/lib/libkcorert.a,rtt_fifo_queue.c.o,fifo_pop,T,Dependency,rtos-board-dependency,RTThread/POSIX/board support dependency; not modeled as TX8 compiler ABI.
third_party/tx8_deps/tx8-yoc-rt-thread-smp/lib/libkcorert.a,rtt_fifo_queue.c.o,fifo_push,T,Dependency,rtos-board-dependency,RTThread/POSIX/board support dependency; not modeled as TX8 compiler ABI.
third_party/tx8_deps/tx8-yoc-rt-thread-smp/lib/libkcorert.a,rtt_fifo_queue.c.o,fifo_test,T,Dependency,rtos-board-dependency,RTThread/POSIX/board support dependency; not modeled as TX8 compiler ABI.
third_party/tx8_deps/tx8-yoc-rt-thread-smp/lib/libkcorert.a,sched.c.o,sched_get_priority_max,T,Dependency,rtos-board-dependency,RTThread/POSIX/board support dependency; not modeled as TX8 compiler ABI.
third_party/tx8_deps/tx8-yoc-rt-thread-smp/lib/libkcorert.a,sched.c.o,sched_get_priority_min,T,Dependency,rtos-board-dependency,RTThread/POSIX/board support dependency; not modeled as TX8 compiler ABI.
third_party/tx8_deps/tx8-yoc-rt-thread-smp/lib/libkcorert.a,sched.c.o,sched_getparam,T,Dependency,rtos-board-dependency,RTThread/POSIX/board support dependency; not modeled as TX8 compiler ABI.
third_party/tx8_deps/tx8-yoc-rt-thread-smp/lib/libkcorert.a,sched.c.o,sched_getscheduler,T,Dependency,rtos-board-dependency,RTThread/POSIX/board support dependency; not modeled as TX8 compiler ABI.
third_party/tx8_deps/tx8-yoc-rt-thread-smp/lib/libkcorert.a,sched.c.o,sched_rr_get_interval,T,Dependency,rtos-board-dependency,RTThread/POSIX/board support dependency; not modeled as TX8 compiler ABI.
third_party/tx8_deps/tx8-yoc-rt-thread-smp/lib/libkcorert.a,sched.c.o,sched_setparam,T,Dependency,rtos-board-dependency,RTThread/POSIX/board support dependency; not modeled as TX8 compiler ABI.
third_party/tx8_deps/tx8-yoc-rt-thread-smp/lib/libkcorert.a,sched.c.o,sched_setscheduler,T,Dependency,rtos-board-dependency,RTThread/POSIX/board support dependency; not modeled as TX8 compiler ABI.
third_party/tx8_deps/tx8-yoc-rt-thread-smp/lib/libkcorert.a,sched.c.o,sched_yield,T,Dependency,rtos-board-dependency,RTThread/POSIX/board support dependency; not modeled as TX8 compiler ABI.
third_party/tx8_deps/tx8-yoc-rt-thread-smp/lib/libkcorert.a,scheduler_comm.c.o,rt_sched_thread_change_priority,T,Dependency,rtos-board-dependency,RTThread/POSIX/board support dependency; not modeled as TX8 compiler ABI.
third_party/tx8_deps/tx8-yoc-rt-thread-smp/lib/libkcorert.a,scheduler_comm.c.o,rt_sched_thread_close,T,Dependency,rtos-board-dependency,RTThread/POSIX/board support dependency; not modeled as TX8 compiler ABI.
third_party/tx8_deps/tx8-yoc-rt-thread-smp/lib/libkcorert.a,scheduler_comm.c.o,rt_sched_thread_get_curr_prio,T,Dependency,rtos-board-dependency,RTThread/POSIX/board support dependency; not modeled as TX8 compiler ABI.
third_party/tx8_deps/tx8-yoc-rt-thread-smp/lib/libkcorert.a,scheduler_comm.c.o,rt_sched_thread_get_init_prio,T,Dependency,rtos-board-dependency,RTThread/POSIX/board support dependency; not modeled as TX8 compiler ABI.
third_party/tx8_deps/tx8-yoc-rt-thread-smp/lib/libkcorert.a,scheduler_comm.c.o,rt_sched_thread_get_stat,T,Dependency,rtos-board-dependency,RTThread/POSIX/board support dependency; not modeled as TX8 compiler ABI.
third_party/tx8_deps/tx8-yoc-rt-thread-smp/lib/libkcorert.a,scheduler_comm.c.o,rt_sched_thread_init_ctx,T,Dependency,rtos-board-dependency,RTThread/POSIX/board support dependency; not modeled as TX8 compiler ABI.
third_party/tx8_deps/tx8-yoc-rt-thread-smp/lib/libkcorert.a,scheduler_comm.c.o,rt_sched_thread_is_suspended,T,Dependency,rtos-board-dependency,RTThread/POSIX/board support dependency; not modeled as TX8 compiler ABI.
third_party/tx8_deps/tx8-yoc-rt-thread-smp/lib/libkcorert.a,scheduler_comm.c.o,rt_sched_thread_ready,T,Dependency,rtos-board-dependency,RTThread/POSIX/board support dependency; not modeled as TX8 compiler ABI.
third_party/tx8_deps/tx8-yoc-rt-thread-smp/lib/libkcorert.a,scheduler_comm.c.o,rt_sched_thread_timer_start,T,Dependency,rtos-board-dependency,RTThread/POSIX/board support dependency; not modeled as TX8 compiler ABI.
third_party/tx8_deps/tx8-yoc-rt-thread-smp/lib/libkcorert.a,scheduler_comm.c.o,rt_sched_thread_timer_stop,T,Dependency,rtos-board-dependency,RTThread/POSIX/board support dependency; not modeled as TX8 compiler ABI.
third_party/tx8_deps/tx8-yoc-rt-thread-smp/lib/libkcorert.a,scheduler_comm.c.o,rt_sched_thread_yield,T,Dependency,rtos-board-dependency,RTThread/POSIX/board support dependency; not modeled as TX8 compiler ABI.
third_party/tx8_deps/tx8-yoc-rt-thread-smp/lib/libkcorert.a,scheduler_comm.c.o,rt_sched_tick_increase,T,Dependency,rtos-board-dependency,RTThread/POSIX/board support dependency; not modeled as TX8 compiler ABI.
third_party/tx8_deps/tx8-yoc-rt-thread-smp/lib/libkcorert.a,scheduler_comm.c.o,rt_scheduler_stack_check,T,Dependency,rtos-board-dependency,RTThread/POSIX/board support dependency; not modeled as TX8 compiler ABI.
third_party/tx8_deps/tx8-yoc-rt-thread-smp/lib/libkcorert.a,scheduler_mp.c.o,__rtmsym_rt_critical_level,D,Dependency,rtos-board-dependency,RTThread/POSIX/board support dependency; not modeled as TX8 compiler ABI.
third_party/tx8_deps/tx8-yoc-rt-thread-smp/lib/libkcorert.a,scheduler_mp.c.o,__rtmsym_rt_critical_level_name,R,Dependency,rtos-board-dependency,RTThread/POSIX/board support dependency; not modeled as TX8 compiler ABI.
third_party/tx8_deps/tx8-yoc-rt-thread-smp/lib/libkcorert.a,scheduler_mp.c.o,__rtmsym_rt_enter_critical,D,Dependency,rtos-board-dependency,RTThread/POSIX/board support dependency; not modeled as TX8 compiler ABI.
third_party/tx8_deps/tx8-yoc-rt-thread-smp/lib/libkcorert.a,scheduler_mp.c.o,__rtmsym_rt_enter_critical_name,R,Dependency,rtos-board-dependency,RTThread/POSIX/board support dependency; not modeled as TX8 compiler ABI.
third_party/tx8_deps/tx8-yoc-rt-thread-smp/lib/libkcorert.a,scheduler_mp.c.o,__rtmsym_rt_exit_critical,D,Dependency,rtos-board-dependency,RTThread/POSIX/board support dependency; not modeled as TX8 compiler ABI.
third_party/tx8_deps/tx8-yoc-rt-thread-smp/lib/libkcorert.a,scheduler_mp.c.o,__rtmsym_rt_exit_critical_name,R,Dependency,rtos-board-dependency,RTThread/POSIX/board support dependency; not modeled as TX8 compiler ABI.
third_party/tx8_deps/tx8-yoc-rt-thread-smp/lib/libkcorert.a,scheduler_mp.c.o,__rtmsym_rt_exit_critical_safe,D,Dependency,rtos-board-dependency,RTThread/POSIX/board support dependency; not modeled as TX8 compiler ABI.
third_party/tx8_deps/tx8-yoc-rt-thread-smp/lib/libkcorert.a,scheduler_mp.c.o,__rtmsym_rt_exit_critical_safe_name,R,Dependency,rtos-board-dependency,RTThread/POSIX/board support dependency; not modeled as TX8 compiler ABI.
third_party/tx8_deps/tx8-yoc-rt-thread-smp/lib/libkcorert.a,scheduler_mp.c.o,_mp_scheduler_lock,b,Dependency,rtos-board-dependency,RTThread/POSIX/board support dependency; not modeled as TX8 compiler ABI.
third_party/tx8_deps/tx8-yoc-rt-thread-smp/lib/libkcorert.a,scheduler_mp.c.o,_prepare_context_switch_locked,t,Dependency,rtos-board-dependency,RTThread/POSIX/board support dependency; not modeled as TX8 compiler ABI.
third_party/tx8_deps/tx8-yoc-rt-thread-smp/lib/libkcorert.a,scheduler_mp.c.o,_sched_insert_thread_locked,t,Dependency,rtos-board-dependency,RTThread/POSIX/board support dependency; not modeled as TX8 compiler ABI.
third_party/tx8_deps/tx8-yoc-rt-thread-smp/lib/libkcorert.a,scheduler_mp.c.o,_sched_remove_thread_locked,t,Dependency,rtos-board-dependency,RTThread/POSIX/board support dependency; not modeled as TX8 compiler ABI.
third_party/tx8_deps/tx8-yoc-rt-thread-smp/lib/libkcorert.a,scheduler_mp.c.o,_scheduler_get_highest_priority_thread,t,Dependency,rtos-board-dependency,RTThread/POSIX/board support dependency; not modeled as TX8 compiler ABI.
third_party/tx8_deps/tx8-yoc-rt-thread-smp/lib/libkcorert.a,scheduler_mp.c.o,rt_critical_level,T,Dependency,rtos-board-dependency,RTThread/POSIX/board support dependency; not modeled as TX8 compiler ABI.
third_party/tx8_deps/tx8-yoc-rt-thread-smp/lib/libkcorert.a,scheduler_mp.c.o,rt_enter_critical,T,Dependency,rtos-board-dependency,RTThread/POSIX/board support dependency; not modeled as TX8 compiler ABI.
third_party/tx8_deps/tx8-yoc-rt-thread-smp/lib/libkcorert.a,scheduler_mp.c.o,rt_exit_critical,T,Dependency,rtos-board-dependency,RTThread/POSIX/board support dependency; not modeled as TX8 compiler ABI.
third_party/tx8_deps/tx8-yoc-rt-thread-smp/lib/libkcorert.a,scheduler_mp.c.o,rt_exit_critical_safe,T,Dependency,rtos-board-dependency,RTThread/POSIX/board support dependency; not modeled as TX8 compiler ABI.
third_party/tx8_deps/tx8-yoc-rt-thread-smp/lib/libkcorert.a,scheduler_mp.c.o,rt_sched_insert_thread,T,Dependency,rtos-board-dependency,RTThread/POSIX/board support dependency; not modeled as TX8 compiler ABI.
third_party/tx8_deps/tx8-yoc-rt-thread-smp/lib/libkcorert.a,scheduler_mp.c.o,rt_sched_is_locked,T,Dependency,rtos-board-dependency,RTThread/POSIX/board support dependency; not modeled as TX8 compiler ABI.
third_party/tx8_deps/tx8-yoc-rt-thread-smp/lib/libkcorert.a,scheduler_mp.c.o,rt_sched_lock,T,Dependency,rtos-board-dependency,RTThread/POSIX/board support dependency; not modeled as TX8 compiler ABI.
third_party/tx8_deps/tx8-yoc-rt-thread-smp/lib/libkcorert.a,scheduler_mp.c.o,rt_sched_post_ctx_switch,T,Dependency,rtos-board-dependency,RTThread/POSIX/board support dependency; not modeled as TX8 compiler ABI.
third_party/tx8_deps/tx8-yoc-rt-thread-smp/lib/libkcorert.a,scheduler_mp.c.o,rt_sched_remove_thread,T,Dependency,rtos-board-dependency,RTThread/POSIX/board support dependency; not modeled as TX8 compiler ABI.
third_party/tx8_deps/tx8-yoc-rt-thread-smp/lib/libkcorert.a,scheduler_mp.c.o,rt_sched_thread_bind_cpu,T,Dependency,rtos-board-dependency,RTThread/POSIX/board support dependency; not modeled as TX8 compiler ABI.
third_party/tx8_deps/tx8-yoc-rt-thread-smp/lib/libkcorert.a,scheduler_mp.c.o,rt_sched_thread_init_priv,T,Dependency,rtos-board-dependency,RTThread/POSIX/board support dependency; not modeled as TX8 compiler ABI.
third_party/tx8_deps/tx8-yoc-rt-thread-smp/lib/libkcorert.a,scheduler_mp.c.o,rt_sched_thread_startup,T,Dependency,rtos-board-dependency,RTThread/POSIX/board support dependency; not modeled as TX8 compiler ABI.
third_party/tx8_deps/tx8-yoc-rt-thread-smp/lib/libkcorert.a,scheduler_mp.c.o,rt_sched_unlock,T,Dependency,rtos-board-dependency,RTThread/POSIX/board support dependency; not modeled as TX8 compiler ABI.
third_party/tx8_deps/tx8-yoc-rt-thread-smp/lib/libkcorert.a,scheduler_mp.c.o,rt_sched_unlock_n_resched,T,Dependency,rtos-board-dependency,RTThread/POSIX/board support dependency; not modeled as TX8 compiler ABI.
third_party/tx8_deps/tx8-yoc-rt-thread-smp/lib/libkcorert.a,scheduler_mp.c.o,rt_schedule,T,Dependency,rtos-board-dependency,RTThread/POSIX/board support dependency; not modeled as TX8 compiler ABI.
third_party/tx8_deps/tx8-yoc-rt-thread-smp/lib/libkcorert.a,scheduler_mp.c.o,rt_scheduler_do_irq_switch,T,Dependency,rtos-board-dependency,RTThread/POSIX/board support dependency; not modeled as TX8 compiler ABI.
third_party/tx8_deps/tx8-yoc-rt-thread-smp/lib/libkcorert.a,scheduler_mp.c.o,rt_scheduler_hook,b,Dependency,rtos-board-dependency,RTThread/POSIX/board support dependency; not modeled as TX8 compiler ABI.
third_party/tx8_deps/tx8-yoc-rt-thread-smp/lib/libkcorert.a,scheduler_mp.c.o,rt_scheduler_ipi_handler,T,Dependency,rtos-board-dependency,RTThread/POSIX/board support dependency; not modeled as TX8 compiler ABI.
third_party/tx8_deps/tx8-yoc-rt-thread-smp/lib/libkcorert.a,scheduler_mp.c.o,rt_scheduler_sethook,T,Dependency,rtos-board-dependency,RTThread/POSIX/board support dependency; not modeled as TX8 compiler ABI.
third_party/tx8_deps/tx8-yoc-rt-thread-smp/lib/libkcorert.a,scheduler_mp.c.o,rt_scheduler_switch_hook,b,Dependency,rtos-board-dependency,RTThread/POSIX/board support dependency; not modeled as TX8 compiler ABI.
third_party/tx8_deps/tx8-yoc-rt-thread-smp/lib/libkcorert.a,scheduler_mp.c.o,rt_scheduler_switch_sethook,T,Dependency,rtos-board-dependency,RTThread/POSIX/board support dependency; not modeled as TX8 compiler ABI.
third_party/tx8_deps/tx8-yoc-rt-thread-smp/lib/libkcorert.a,scheduler_mp.c.o,rt_system_scheduler_init,T,Dependency,rtos-board-dependency,RTThread/POSIX/board support dependency; not modeled as TX8 compiler ABI.
third_party/tx8_deps/tx8-yoc-rt-thread-smp/lib/libkcorert.a,scheduler_mp.c.o,rt_system_scheduler_start,T,Dependency,rtos-board-dependency,RTThread/POSIX/board support dependency; not modeled as TX8 compiler ABI.
third_party/tx8_deps/tx8-yoc-rt-thread-smp/lib/libkcorert.a,scheduler_mp.c.o,rt_thread_priority_table,B,Dependency,rtos-board-dependency,RTThread/POSIX/board support dependency; not modeled as TX8 compiler ABI.
third_party/tx8_deps/tx8-yoc-rt-thread-smp/lib/libkcorert.a,scheduler_mp.c.o,rt_thread_ready_priority_group,b,Dependency,rtos-board-dependency,RTThread/POSIX/board support dependency; not modeled as TX8 compiler ABI.
third_party/tx8_deps/tx8-yoc-rt-thread-smp/lib/libkcorert.a,scheduler_mp.c.o,rt_thread_ready_table,b,Dependency,rtos-board-dependency,RTThread/POSIX/board support dependency; not modeled as TX8 compiler ABI.
third_party/tx8_deps/tx8-yoc-rt-thread-smp/lib/libkcorert.a,select.c.o,aos_select,T,Dependency,rtos-board-dependency,RTThread/POSIX/board support dependency; not modeled as TX8 compiler ABI.
third_party/tx8_deps/tx8-yoc-rt-thread-smp/lib/libkcorert.a,select.c.o,select,W,Dependency,rtos-board-dependency,RTThread/POSIX/board support dependency; not modeled as TX8 compiler ABI.
third_party/tx8_deps/tx8-yoc-rt-thread-smp/lib/libkcorert.a,select.c.o,select,T,Dependency,rtos-board-dependency,RTThread/POSIX/board support dependency; not modeled as TX8 compiler ABI.
third_party/tx8_deps/tx8-yoc-rt-thread-smp/lib/libkcorert.a,select.c.o,select2,W,Dependency,rtos-board-dependency,RTThread/POSIX/board support dependency; not modeled as TX8 compiler ABI.
third_party/tx8_deps/tx8-yoc-rt-thread-smp/lib/libkcorert.a,select.c.o,vfs_poll_notify,t,Dependency,rtos-board-dependency,RTThread/POSIX/board support dependency; not modeled as TX8 compiler ABI.
third_party/tx8_deps/tx8-yoc-rt-thread-smp/lib/libkcorert.a,semaphore.c.o,sem_close,T,Dependency,rtos-board-dependency,RTThread/POSIX/board support dependency; not modeled as TX8 compiler ABI.
third_party/tx8_deps/tx8-yoc-rt-thread-smp/lib/libkcorert.a,semaphore.c.o,sem_destroy,T,Dependency,rtos-board-dependency,RTThread/POSIX/board support dependency; not modeled as TX8 compiler ABI.
third_party/tx8_deps/tx8-yoc-rt-thread-smp/lib/libkcorert.a,semaphore.c.o,sem_getvalue,T,Dependency,rtos-board-dependency,RTThread/POSIX/board support dependency; not modeled as TX8 compiler ABI.
third_party/tx8_deps/tx8-yoc-rt-thread-smp/lib/libkcorert.a,semaphore.c.o,sem_init,T,Dependency,rtos-board-dependency,RTThread/POSIX/board support dependency; not modeled as TX8 compiler ABI.
third_party/tx8_deps/tx8-yoc-rt-thread-smp/lib/libkcorert.a,semaphore.c.o,sem_open,T,Dependency,rtos-board-dependency,RTThread/POSIX/board support dependency; not modeled as TX8 compiler ABI.
third_party/tx8_deps/tx8-yoc-rt-thread-smp/lib/libkcorert.a,semaphore.c.o,sem_post,T,Dependency,rtos-board-dependency,RTThread/POSIX/board support dependency; not modeled as TX8 compiler ABI.
third_party/tx8_deps/tx8-yoc-rt-thread-smp/lib/libkcorert.a,semaphore.c.o,sem_timedwait,T,Dependency,rtos-board-dependency,RTThread/POSIX/board support dependency; not modeled as TX8 compiler ABI.
third_party/tx8_deps/tx8-yoc-rt-thread-smp/lib/libkcorert.a,semaphore.c.o,sem_trywait,T,Dependency,rtos-board-dependency,RTThread/POSIX/board support dependency; not modeled as TX8 compiler ABI.
third_party/tx8_deps/tx8-yoc-rt-thread-smp/lib/libkcorert.a,semaphore.c.o,sem_unlink,T,Dependency,rtos-board-dependency,RTThread/POSIX/board support dependency; not modeled as TX8 compiler ABI.
third_party/tx8_deps/tx8-yoc-rt-thread-smp/lib/libkcorert.a,semaphore.c.o,sem_wait,T,Dependency,rtos-board-dependency,RTThread/POSIX/board support dependency; not modeled as TX8 compiler ABI.
third_party/tx8_deps/tx8-yoc-rt-thread-smp/lib/libkcorert.a,sensor.c.o,rvm_hal_sensor_fetch,T,Dependency,rtos-board-dependency,RTThread/POSIX/board support dependency; not modeled as TX8 compiler ABI.
third_party/tx8_deps/tx8-yoc-rt-thread-smp/lib/libkcorert.a,sensor.c.o,rvm_hal_sensor_getvalue,T,Dependency,rtos-board-dependency,RTThread/POSIX/board support dependency; not modeled as TX8 compiler ABI.
third_party/tx8_deps/tx8-yoc-rt-thread-smp/lib/libkcorert.a,settimeofday.c.o,settimeofday,T,Dependency,rtos-board-dependency,RTThread/POSIX/board support dependency; not modeled as TX8 compiler ABI.
third_party/tx8_deps/tx8-yoc-rt-thread-smp/lib/libkcorert.a,settings_ali.c.o,nvram_get_iot_info,T,Dependency,rtos-board-dependency,RTThread/POSIX/board support dependency; not modeled as TX8 compiler ABI.
third_party/tx8_deps/tx8-yoc-rt-thread-smp/lib/libkcorert.a,softwdt.c.o,aos_wdt_attach,T,Dependency,rtos-board-dependency,RTThread/POSIX/board support dependency; not modeled as TX8 compiler ABI.
third_party/tx8_deps/tx8-yoc-rt-thread-smp/lib/libkcorert.a,softwdt.c.o,aos_wdt_debug,T,Dependency,rtos-board-dependency,RTThread/POSIX/board support dependency; not modeled as TX8 compiler ABI.
third_party/tx8_deps/tx8-yoc-rt-thread-smp/lib/libkcorert.a,softwdt.c.o,aos_wdt_detach,T,Dependency,rtos-board-dependency,RTThread/POSIX/board support dependency; not modeled as TX8 compiler ABI.
third_party/tx8_deps/tx8-yoc-rt-thread-smp/lib/libkcorert.a,softwdt.c.o,aos_wdt_exists,T,Dependency,rtos-board-dependency,RTThread/POSIX/board support dependency; not modeled as TX8 compiler ABI.
third_party/tx8_deps/tx8-yoc-rt-thread-smp/lib/libkcorert.a,softwdt.c.o,aos_wdt_feed,T,Dependency,rtos-board-dependency,RTThread/POSIX/board support dependency; not modeled as TX8 compiler ABI.
third_party/tx8_deps/tx8-yoc-rt-thread-smp/lib/libkcorert.a,softwdt.c.o,aos_wdt_hw_disable,T,Dependency,rtos-board-dependency,RTThread/POSIX/board support dependency; not modeled as TX8 compiler ABI.
third_party/tx8_deps/tx8-yoc-rt-thread-smp/lib/libkcorert.a,softwdt.c.o,aos_wdt_hw_enable,T,Dependency,rtos-board-dependency,RTThread/POSIX/board support dependency; not modeled as TX8 compiler ABI.
third_party/tx8_deps/tx8-yoc-rt-thread-smp/lib/libkcorert.a,softwdt.c.o,aos_wdt_index,T,Dependency,rtos-board-dependency,RTThread/POSIX/board support dependency; not modeled as TX8 compiler ABI.
third_party/tx8_deps/tx8-yoc-rt-thread-smp/lib/libkcorert.a,softwdt.c.o,aos_wdt_show,T,Dependency,rtos-board-dependency,RTThread/POSIX/board support dependency; not modeled as TX8 compiler ABI.
third_party/tx8_deps/tx8-yoc-rt-thread-smp/lib/libkcorert.a,softwdt.c.o,aos_wdt_showall,T,Dependency,rtos-board-dependency,RTThread/POSIX/board support dependency; not modeled as TX8 compiler ABI.
third_party/tx8_deps/tx8-yoc-rt-thread-smp/lib/libkcorert.a,softwdt.c.o,g_softwdt_ctx,b,Dependency,rtos-board-dependency,RTThread/POSIX/board support dependency; not modeled as TX8 compiler ABI.
third_party/tx8_deps/tx8-yoc-rt-thread-smp/lib/libkcorert.a,softwdt.c.o,g_use_hw_wdt,b,Dependency,rtos-board-dependency,RTThread/POSIX/board support dependency; not modeled as TX8 compiler ABI.
third_party/tx8_deps/tx8-yoc-rt-thread-smp/lib/libkcorert.a,softwdt.c.o,g_wdt_debug,d,Dependency,rtos-board-dependency,RTThread/POSIX/board support dependency; not modeled as TX8 compiler ABI.
third_party/tx8_deps/tx8-yoc-rt-thread-smp/lib/libkcorert.a,softwdt.c.o,softwdt_inited.0,b,Dependency,rtos-board-dependency,RTThread/POSIX/board support dependency; not modeled as TX8 compiler ABI.
third_party/tx8_deps/tx8-yoc-rt-thread-smp/lib/libkcorert.a,softwdt.c.o,softwdt_task_entry,t,Dependency,rtos-board-dependency,RTThread/POSIX/board support dependency; not modeled as TX8 compiler ABI.
third_party/tx8_deps/tx8-yoc-rt-thread-smp/lib/libkcorert.a,spi.c.o,rvm_hal_spi_config,T,Dependency,rtos-board-dependency,RTThread/POSIX/board support dependency; not modeled as TX8 compiler ABI.
third_party/tx8_deps/tx8-yoc-rt-thread-smp/lib/libkcorert.a,spi.c.o,rvm_hal_spi_config_get,T,Dependency,rtos-board-dependency,RTThread/POSIX/board support dependency; not modeled as TX8 compiler ABI.
third_party/tx8_deps/tx8-yoc-rt-thread-smp/lib/libkcorert.a,spi.c.o,rvm_hal_spi_default_config_get,T,Dependency,rtos-board-dependency,RTThread/POSIX/board support dependency; not modeled as TX8 compiler ABI.
third_party/tx8_deps/tx8-yoc-rt-thread-smp/lib/libkcorert.a,spi.c.o,rvm_hal_spi_recv,T,Dependency,rtos-board-dependency,RTThread/POSIX/board support dependency; not modeled as TX8 compiler ABI.
third_party/tx8_deps/tx8-yoc-rt-thread-smp/lib/libkcorert.a,spi.c.o,rvm_hal_spi_send,T,Dependency,rtos-board-dependency,RTThread/POSIX/board support dependency; not modeled as TX8 compiler ABI.
third_party/tx8_deps/tx8-yoc-rt-thread-smp/lib/libkcorert.a,spi.c.o,rvm_hal_spi_send_recv,T,Dependency,rtos-board-dependency,RTThread/POSIX/board support dependency; not modeled as TX8 compiler ABI.
third_party/tx8_deps/tx8-yoc-rt-thread-smp/lib/libkcorert.a,spi.c.o,rvm_hal_spi_send_then_recv,T,Dependency,rtos-board-dependency,RTThread/POSIX/board support dependency; not modeled as TX8 compiler ABI.
third_party/tx8_deps/tx8-yoc-rt-thread-smp/lib/libkcorert.a,spi.c.o,rvm_hal_spi_send_then_send,T,Dependency,rtos-board-dependency,RTThread/POSIX/board support dependency; not modeled as TX8 compiler ABI.
third_party/tx8_deps/tx8-yoc-rt-thread-smp/lib/libkcorert.a,startup.S.o,Reset_Handler,T,Dependency,rtos-board-dependency,RTThread/POSIX/board support dependency; not modeled as TX8 compiler ABI.
third_party/tx8_deps/tx8-yoc-rt-thread-smp/lib/libkcorert.a,startup.S.o,__Vectors,N,Dependency,rtos-board-dependency,RTThread/POSIX/board support dependency; not modeled as TX8 compiler ABI.
third_party/tx8_deps/tx8-yoc-rt-thread-smp/lib/libkcorert.a,startup.S.o,__exit,t,Dependency,rtos-board-dependency,RTThread/POSIX/board support dependency; not modeled as TX8 compiler ABI.
third_party/tx8_deps/tx8-yoc-rt-thread-smp/lib/libkcorert.a,startup.S.o,fix_rela_dyn,t,Dependency,rtos-board-dependency,RTThread/POSIX/board support dependency; not modeled as TX8 compiler ABI.
third_party/tx8_deps/tx8-yoc-rt-thread-smp/lib/libkcorert.a,startup.S.o,g_base_irqstack,N,Dependency,rtos-board-dependency,RTThread/POSIX/board support dependency; not modeled as TX8 compiler ABI.
third_party/tx8_deps/tx8-yoc-rt-thread-smp/lib/libkcorert.a,startup.S.o,g_top_irqstack,N,Dependency,rtos-board-dependency,RTThread/POSIX/board support dependency; not modeled as TX8 compiler ABI.
third_party/tx8_deps/tx8-yoc-rt-thread-smp/lib/libkcorert.a,startup.S.o,hart_out_of_bounds_loop,t,Dependency,rtos-board-dependency,RTThread/POSIX/board support dependency; not modeled as TX8 compiler ABI.
third_party/tx8_deps/tx8-yoc-rt-thread-smp/lib/libkcorert.a,startup.S.o,relocate_code,T,Dependency,rtos-board-dependency,RTThread/POSIX/board support dependency; not modeled as TX8 compiler ABI.
third_party/tx8_deps/tx8-yoc-rt-thread-smp/lib/libkcorert.a,startup.S.o,relocate_exit,t,Dependency,rtos-board-dependency,RTThread/POSIX/board support dependency; not modeled as TX8 compiler ABI.
third_party/tx8_deps/tx8-yoc-rt-thread-smp/lib/libkcorert.a,startup.S.o,secondary_boot_flag,D,Dependency,rtos-board-dependency,RTThread/POSIX/board support dependency; not modeled as TX8 compiler ABI.
third_party/tx8_deps/tx8-yoc-rt-thread-smp/lib/libkcorert.a,startup.S.o,secondary_cpu_entry,t,Dependency,rtos-board-dependency,RTThread/POSIX/board support dependency; not modeled as TX8 compiler ABI.
third_party/tx8_deps/tx8-yoc-rt-thread-smp/lib/libkcorert.a,stream_rt.c.o,GenPayload,T,ABI,public-runtime-api,Named public wrapper/API entry covered by the reverse-engineering reference.
third_party/tx8_deps/tx8-yoc-rt-thread-smp/lib/libkcorert.a,stream_rt.c.o,GenPayloadInternal,T,ABI,public-runtime-api,Named public wrapper/API entry covered by the reverse-engineering reference.
third_party/tx8_deps/tx8-yoc-rt-thread-smp/lib/libkcorert.a,stream_rt.c.o,OfflineStream,T,ABI,public-runtime-api,Named public wrapper/API entry covered by the reverse-engineering reference.
third_party/tx8_deps/tx8-yoc-rt-thread-smp/lib/libkcorert.a,stream_rt.c.o,OnlineStream,T,ABI,public-runtime-api,Named public wrapper/API entry covered by the reverse-engineering reference.
third_party/tx8_deps/tx8-yoc-rt-thread-smp/lib/libkcorert.a,stream_rt.c.o,OnlineStreamPreload,T,ABI,public-runtime-api,Named public wrapper/API entry covered by the reverse-engineering reference.
third_party/tx8_deps/tx8-yoc-rt-thread-smp/lib/libkcorert.a,stream_rt.c.o,PopStream,T,ABI,public-runtime-api,Named public wrapper/API entry covered by the reverse-engineering reference.
third_party/tx8_deps/tx8-yoc-rt-thread-smp/lib/libkcorert.a,stream_rt.c.o,PushStream,T,ABI,public-runtime-api,Named public wrapper/API entry covered by the reverse-engineering reference.
third_party/tx8_deps/tx8-yoc-rt-thread-smp/lib/libkcorert.a,stream_rt.c.o,ReqStream,T,ABI,public-runtime-api,Named public wrapper/API entry covered by the reverse-engineering reference.
third_party/tx8_deps/tx8-yoc-rt-thread-smp/lib/libkcorert.a,stream_rt.c.o,SendMailbox,T,ABI,public-runtime-api,Named public wrapper/API entry covered by the reverse-engineering reference.
third_party/tx8_deps/tx8-yoc-rt-thread-smp/lib/libkcorert.a,stream_rt.c.o,WaitStream,T,ABI,public-runtime-api,Named public wrapper/API entry covered by the reverse-engineering reference.
third_party/tx8_deps/tx8-yoc-rt-thread-smp/lib/libkcorert.a,stream_rt.c.o,tileXLen,V,Dependency,rtos-board-dependency,RTThread/POSIX/board support dependency; not modeled as TX8 compiler ABI.
third_party/tx8_deps/tx8-yoc-rt-thread-smp/lib/libkcorert.a,stream_rt.c.o,tileYLen,V,Dependency,rtos-board-dependency,RTThread/POSIX/board support dependency; not modeled as TX8 compiler ABI.
third_party/tx8_deps/tx8-yoc-rt-thread-smp/lib/libkcorert.a,strext.c.o,bytes2hexstr,T,Dependency,rtos-board-dependency,RTThread/POSIX/board support dependency; not modeled as TX8 compiler ABI.
third_party/tx8_deps/tx8-yoc-rt-thread-smp/lib/libkcorert.a,strext.c.o,hexstr2bytes,T,Dependency,rtos-board-dependency,RTThread/POSIX/board support dependency; not modeled as TX8 compiler ABI.
third_party/tx8_deps/tx8-yoc-rt-thread-smp/lib/libkcorert.a,strext.c.o,isalnumstring,T,Dependency,rtos-board-dependency,RTThread/POSIX/board support dependency; not modeled as TX8 compiler ABI.
third_party/tx8_deps/tx8-yoc-rt-thread-smp/lib/libkcorert.a,strext.c.o,str2mac,T,Dependency,rtos-board-dependency,RTThread/POSIX/board support dependency; not modeled as TX8 compiler ABI.
third_party/tx8_deps/tx8-yoc-rt-thread-smp/lib/libkcorert.a,strext.c.o,strasplit,T,Dependency,rtos-board-dependency,RTThread/POSIX/board support dependency; not modeled as TX8 compiler ABI.
third_party/tx8_deps/tx8-yoc-rt-thread-smp/lib/libkcorert.a,strext.c.o,strcount,T,Dependency,rtos-board-dependency,RTThread/POSIX/board support dependency; not modeled as TX8 compiler ABI.
third_party/tx8_deps/tx8-yoc-rt-thread-smp/lib/libkcorert.a,strext.c.o,strsplit,T,Dependency,rtos-board-dependency,RTThread/POSIX/board support dependency; not modeled as TX8 compiler ABI.
third_party/tx8_deps/tx8-yoc-rt-thread-smp/lib/libkcorert.a,strext.c.o,strstri,T,Dependency,rtos-board-dependency,RTThread/POSIX/board support dependency; not modeled as TX8 compiler ABI.
third_party/tx8_deps/tx8-yoc-rt-thread-smp/lib/libkcorert.a,sys_clk.c.o,g_system_clock,D,Dependency,rtos-board-dependency,RTThread/POSIX/board support dependency; not modeled as TX8 compiler ABI.
third_party/tx8_deps/tx8-yoc-rt-thread-smp/lib/libkcorert.a,sys_clk.c.o,soc_clk_disable,T,Dependency,rtos-board-dependency,RTThread/POSIX/board support dependency; not modeled as TX8 compiler ABI.
third_party/tx8_deps/tx8-yoc-rt-thread-smp/lib/libkcorert.a,sys_clk.c.o,soc_clk_enable,T,Dependency,rtos-board-dependency,RTThread/POSIX/board support dependency; not modeled as TX8 compiler ABI.
third_party/tx8_deps/tx8-yoc-rt-thread-smp/lib/libkcorert.a,sys_clk.c.o,soc_get_coretim_freq,T,Dependency,rtos-board-dependency,RTThread/POSIX/board support dependency; not modeled as TX8 compiler ABI.
third_party/tx8_deps/tx8-yoc-rt-thread-smp/lib/libkcorert.a,sys_clk.c.o,soc_get_cpu_freq,T,Dependency,rtos-board-dependency,RTThread/POSIX/board support dependency; not modeled as TX8 compiler ABI.
third_party/tx8_deps/tx8-yoc-rt-thread-smp/lib/libkcorert.a,sys_clk.c.o,soc_get_cur_cpu_freq,T,Dependency,rtos-board-dependency,RTThread/POSIX/board support dependency; not modeled as TX8 compiler ABI.
third_party/tx8_deps/tx8-yoc-rt-thread-smp/lib/libkcorert.a,sys_clk.c.o,soc_get_timer_freq,T,Dependency,rtos-board-dependency,RTThread/POSIX/board support dependency; not modeled as TX8 compiler ABI.
third_party/tx8_deps/tx8-yoc-rt-thread-smp/lib/libkcorert.a,sys_clk.c.o,soc_get_uart_freq,T,Dependency,rtos-board-dependency,RTThread/POSIX/board support dependency; not modeled as TX8 compiler ABI.
third_party/tx8_deps/tx8-yoc-rt-thread-smp/lib/libkcorert.a,sys_clk.c.o,soc_reset_uart,T,Dependency,rtos-board-dependency,RTThread/POSIX/board support dependency; not modeled as TX8 compiler ABI.
third_party/tx8_deps/tx8-yoc-rt-thread-smp/lib/libkcorert.a,sys_clk.c.o,soc_set_sys_freq,T,Dependency,rtos-board-dependency,RTThread/POSIX/board support dependency; not modeled as TX8 compiler ABI.
third_party/tx8_deps/tx8-yoc-rt-thread-smp/lib/libkcorert.a,sys_clk.c.o,soc_sysclk_config,T,Dependency,rtos-board-dependency,RTThread/POSIX/board support dependency; not modeled as TX8 compiler ABI.
third_party/tx8_deps/tx8-yoc-rt-thread-smp/lib/libkcorert.a,sysinfo.c.o,aos_get_app_version,T,Dependency,rtos-board-dependency,RTThread/POSIX/board support dependency; not modeled as TX8 compiler ABI.
third_party/tx8_deps/tx8-yoc-rt-thread-smp/lib/libkcorert.a,sysinfo.c.o,aos_get_device_id,T,Dependency,rtos-board-dependency,RTThread/POSIX/board support dependency; not modeled as TX8 compiler ABI.
third_party/tx8_deps/tx8-yoc-rt-thread-smp/lib/libkcorert.a,sysinfo.c.o,aos_get_device_name,T,Dependency,rtos-board-dependency,RTThread/POSIX/board support dependency; not modeled as TX8 compiler ABI.
third_party/tx8_deps/tx8-yoc-rt-thread-smp/lib/libkcorert.a,sysinfo.c.o,aos_get_imei,W,Dependency,rtos-board-dependency,RTThread/POSIX/board support dependency; not modeled as TX8 compiler ABI.
third_party/tx8_deps/tx8-yoc-rt-thread-smp/lib/libkcorert.a,sysinfo.c.o,aos_get_imsi,W,Dependency,rtos-board-dependency,RTThread/POSIX/board support dependency; not modeled as TX8 compiler ABI.
third_party/tx8_deps/tx8-yoc-rt-thread-smp/lib/libkcorert.a,sysinfo.c.o,aos_get_kernel_version,W,Dependency,rtos-board-dependency,RTThread/POSIX/board support dependency; not modeled as TX8 compiler ABI.
third_party/tx8_deps/tx8-yoc-rt-thread-smp/lib/libkcorert.a,sysinfo.c.o,aos_get_os_version,T,Dependency,rtos-board-dependency,RTThread/POSIX/board support dependency; not modeled as TX8 compiler ABI.
third_party/tx8_deps/tx8-yoc-rt-thread-smp/lib/libkcorert.a,sysinfo.c.o,aos_get_product_model,W,Dependency,rtos-board-dependency,RTThread/POSIX/board support dependency; not modeled as TX8 compiler ABI.
third_party/tx8_deps/tx8-yoc-rt-thread-smp/lib/libkcorert.a,sysinfo.c.o,cidbuf.2,b,Dependency,rtos-board-dependency,RTThread/POSIX/board support dependency; not modeled as TX8 compiler ABI.
third_party/tx8_deps/tx8-yoc-rt-thread-smp/lib/libkcorert.a,sysinfo.c.o,namebuf.3,b,Dependency,rtos-board-dependency,RTThread/POSIX/board support dependency; not modeled as TX8 compiler ABI.
third_party/tx8_deps/tx8-yoc-rt-thread-smp/lib/libkcorert.a,sysinfo.c.o,ret.0,b,Dependency,rtos-board-dependency,RTThread/POSIX/board support dependency; not modeled as TX8 compiler ABI.
third_party/tx8_deps/tx8-yoc-rt-thread-smp/lib/libkcorert.a,sysinfo.c.o,ret.1,b,Dependency,rtos-board-dependency,RTThread/POSIX/board support dependency; not modeled as TX8 compiler ABI.
third_party/tx8_deps/tx8-yoc-rt-thread-smp/lib/libkcorert.a,sysinfo.c.o,ret.5,b,Dependency,rtos-board-dependency,RTThread/POSIX/board support dependency; not modeled as TX8 compiler ABI.
third_party/tx8_deps/tx8-yoc-rt-thread-smp/lib/libkcorert.a,sysinfo.c.o,str_version.4,b,Dependency,rtos-board-dependency,RTThread/POSIX/board support dependency; not modeled as TX8 compiler ABI.
third_party/tx8_deps/tx8-yoc-rt-thread-smp/lib/libkcorert.a,system.c.o,SystemInit,T,Dependency,rtos-board-dependency,RTThread/POSIX/board support dependency; not modeled as TX8 compiler ABI.
third_party/tx8_deps/tx8-yoc-rt-thread-smp/lib/libkcorert.a,system.c.o,ecc_l2_dev,b,Dependency,rtos-board-dependency,RTThread/POSIX/board support dependency; not modeled as TX8 compiler ABI.
third_party/tx8_deps/tx8-yoc-rt-thread-smp/lib/libkcorert.a,target_get.c.o,target_get,T,Dependency,rtos-board-dependency,RTThread/POSIX/board support dependency; not modeled as TX8 compiler ABI.
third_party/tx8_deps/tx8-yoc-rt-thread-smp/lib/libkcorert.a,target_get.c.o,target_get_optimal_dma_channel,T,Dependency,rtos-board-dependency,RTThread/POSIX/board support dependency; not modeled as TX8 compiler ABI.
third_party/tx8_deps/tx8-yoc-rt-thread-smp/lib/libkcorert.a,target_get.c.o,target_gpio_to_pin,T,Dependency,rtos-board-dependency,RTThread/POSIX/board support dependency; not modeled as TX8 compiler ABI.
third_party/tx8_deps/tx8-yoc-rt-thread-smp/lib/libkcorert.a,target_get.c.o,target_pin_to_channel,T,Dependency,rtos-board-dependency,RTThread/POSIX/board support dependency; not modeled as TX8 compiler ABI.
third_party/tx8_deps/tx8-yoc-rt-thread-smp/lib/libkcorert.a,target_get.c.o,target_pin_to_devidx,T,Dependency,rtos-board-dependency,RTThread/POSIX/board support dependency; not modeled as TX8 compiler ABI.
third_party/tx8_deps/tx8-yoc-rt-thread-smp/lib/libkcorert.a,thread.c.o,__rtmsym_rt_thread_control,D,Dependency,rtos-board-dependency,RTThread/POSIX/board support dependency; not modeled as TX8 compiler ABI.
third_party/tx8_deps/tx8-yoc-rt-thread-smp/lib/libkcorert.a,thread.c.o,__rtmsym_rt_thread_control_name,R,Dependency,rtos-board-dependency,RTThread/POSIX/board support dependency; not modeled as TX8 compiler ABI.
third_party/tx8_deps/tx8-yoc-rt-thread-smp/lib/libkcorert.a,thread.c.o,__rtmsym_rt_thread_create,D,Dependency,rtos-board-dependency,RTThread/POSIX/board support dependency; not modeled as TX8 compiler ABI.
third_party/tx8_deps/tx8-yoc-rt-thread-smp/lib/libkcorert.a,thread.c.o,__rtmsym_rt_thread_create_name,R,Dependency,rtos-board-dependency,RTThread/POSIX/board support dependency; not modeled as TX8 compiler ABI.
third_party/tx8_deps/tx8-yoc-rt-thread-smp/lib/libkcorert.a,thread.c.o,__rtmsym_rt_thread_delay,D,Dependency,rtos-board-dependency,RTThread/POSIX/board support dependency; not modeled as TX8 compiler ABI.
third_party/tx8_deps/tx8-yoc-rt-thread-smp/lib/libkcorert.a,thread.c.o,__rtmsym_rt_thread_delay_name,R,Dependency,rtos-board-dependency,RTThread/POSIX/board support dependency; not modeled as TX8 compiler ABI.
third_party/tx8_deps/tx8-yoc-rt-thread-smp/lib/libkcorert.a,thread.c.o,__rtmsym_rt_thread_delay_until,D,Dependency,rtos-board-dependency,RTThread/POSIX/board support dependency; not modeled as TX8 compiler ABI.
third_party/tx8_deps/tx8-yoc-rt-thread-smp/lib/libkcorert.a,thread.c.o,__rtmsym_rt_thread_delay_until_name,R,Dependency,rtos-board-dependency,RTThread/POSIX/board support dependency; not modeled as TX8 compiler ABI.
third_party/tx8_deps/tx8-yoc-rt-thread-smp/lib/libkcorert.a,thread.c.o,__rtmsym_rt_thread_delete,D,Dependency,rtos-board-dependency,RTThread/POSIX/board support dependency; not modeled as TX8 compiler ABI.
third_party/tx8_deps/tx8-yoc-rt-thread-smp/lib/libkcorert.a,thread.c.o,__rtmsym_rt_thread_delete_name,R,Dependency,rtos-board-dependency,RTThread/POSIX/board support dependency; not modeled as TX8 compiler ABI.
third_party/tx8_deps/tx8-yoc-rt-thread-smp/lib/libkcorert.a,thread.c.o,__rtmsym_rt_thread_detach,D,Dependency,rtos-board-dependency,RTThread/POSIX/board support dependency; not modeled as TX8 compiler ABI.
third_party/tx8_deps/tx8-yoc-rt-thread-smp/lib/libkcorert.a,thread.c.o,__rtmsym_rt_thread_detach_name,R,Dependency,rtos-board-dependency,RTThread/POSIX/board support dependency; not modeled as TX8 compiler ABI.
third_party/tx8_deps/tx8-yoc-rt-thread-smp/lib/libkcorert.a,thread.c.o,__rtmsym_rt_thread_find,D,Dependency,rtos-board-dependency,RTThread/POSIX/board support dependency; not modeled as TX8 compiler ABI.
third_party/tx8_deps/tx8-yoc-rt-thread-smp/lib/libkcorert.a,thread.c.o,__rtmsym_rt_thread_find_name,R,Dependency,rtos-board-dependency,RTThread/POSIX/board support dependency; not modeled as TX8 compiler ABI.
third_party/tx8_deps/tx8-yoc-rt-thread-smp/lib/libkcorert.a,thread.c.o,__rtmsym_rt_thread_get_name,D,Dependency,rtos-board-dependency,RTThread/POSIX/board support dependency; not modeled as TX8 compiler ABI.
third_party/tx8_deps/tx8-yoc-rt-thread-smp/lib/libkcorert.a,thread.c.o,__rtmsym_rt_thread_get_name_name,R,Dependency,rtos-board-dependency,RTThread/POSIX/board support dependency; not modeled as TX8 compiler ABI.
third_party/tx8_deps/tx8-yoc-rt-thread-smp/lib/libkcorert.a,thread.c.o,__rtmsym_rt_thread_init,D,Dependency,rtos-board-dependency,RTThread/POSIX/board support dependency; not modeled as TX8 compiler ABI.
third_party/tx8_deps/tx8-yoc-rt-thread-smp/lib/libkcorert.a,thread.c.o,__rtmsym_rt_thread_init_name,R,Dependency,rtos-board-dependency,RTThread/POSIX/board support dependency; not modeled as TX8 compiler ABI.
third_party/tx8_deps/tx8-yoc-rt-thread-smp/lib/libkcorert.a,thread.c.o,__rtmsym_rt_thread_mdelay,D,Dependency,rtos-board-dependency,RTThread/POSIX/board support dependency; not modeled as TX8 compiler ABI.
third_party/tx8_deps/tx8-yoc-rt-thread-smp/lib/libkcorert.a,thread.c.o,__rtmsym_rt_thread_mdelay_name,R,Dependency,rtos-board-dependency,RTThread/POSIX/board support dependency; not modeled as TX8 compiler ABI.
third_party/tx8_deps/tx8-yoc-rt-thread-smp/lib/libkcorert.a,thread.c.o,__rtmsym_rt_thread_resume,D,Dependency,rtos-board-dependency,RTThread/POSIX/board support dependency; not modeled as TX8 compiler ABI.
third_party/tx8_deps/tx8-yoc-rt-thread-smp/lib/libkcorert.a,thread.c.o,__rtmsym_rt_thread_resume_name,R,Dependency,rtos-board-dependency,RTThread/POSIX/board support dependency; not modeled as TX8 compiler ABI.
third_party/tx8_deps/tx8-yoc-rt-thread-smp/lib/libkcorert.a,thread.c.o,__rtmsym_rt_thread_self,D,Dependency,rtos-board-dependency,RTThread/POSIX/board support dependency; not modeled as TX8 compiler ABI.
third_party/tx8_deps/tx8-yoc-rt-thread-smp/lib/libkcorert.a,thread.c.o,__rtmsym_rt_thread_self_name,R,Dependency,rtos-board-dependency,RTThread/POSIX/board support dependency; not modeled as TX8 compiler ABI.
third_party/tx8_deps/tx8-yoc-rt-thread-smp/lib/libkcorert.a,thread.c.o,__rtmsym_rt_thread_startup,D,Dependency,rtos-board-dependency,RTThread/POSIX/board support dependency; not modeled as TX8 compiler ABI.
third_party/tx8_deps/tx8-yoc-rt-thread-smp/lib/libkcorert.a,thread.c.o,__rtmsym_rt_thread_startup_name,R,Dependency,rtos-board-dependency,RTThread/POSIX/board support dependency; not modeled as TX8 compiler ABI.
third_party/tx8_deps/tx8-yoc-rt-thread-smp/lib/libkcorert.a,thread.c.o,__rtmsym_rt_thread_suspend,D,Dependency,rtos-board-dependency,RTThread/POSIX/board support dependency; not modeled as TX8 compiler ABI.
third_party/tx8_deps/tx8-yoc-rt-thread-smp/lib/libkcorert.a,thread.c.o,__rtmsym_rt_thread_suspend_name,R,Dependency,rtos-board-dependency,RTThread/POSIX/board support dependency; not modeled as TX8 compiler ABI.
third_party/tx8_deps/tx8-yoc-rt-thread-smp/lib/libkcorert.a,thread.c.o,__rtmsym_rt_thread_suspend_to_list,D,Dependency,rtos-board-dependency,RTThread/POSIX/board support dependency; not modeled as TX8 compiler ABI.
third_party/tx8_deps/tx8-yoc-rt-thread-smp/lib/libkcorert.a,thread.c.o,__rtmsym_rt_thread_suspend_to_list_name,R,Dependency,rtos-board-dependency,RTThread/POSIX/board support dependency; not modeled as TX8 compiler ABI.
third_party/tx8_deps/tx8-yoc-rt-thread-smp/lib/libkcorert.a,thread.c.o,__rtmsym_rt_thread_suspend_with_flag,D,Dependency,rtos-board-dependency,RTThread/POSIX/board support dependency; not modeled as TX8 compiler ABI.
third_party/tx8_deps/tx8-yoc-rt-thread-smp/lib/libkcorert.a,thread.c.o,__rtmsym_rt_thread_suspend_with_flag_name,R,Dependency,rtos-board-dependency,RTThread/POSIX/board support dependency; not modeled as TX8 compiler ABI.
third_party/tx8_deps/tx8-yoc-rt-thread-smp/lib/libkcorert.a,thread.c.o,__rtmsym_rt_thread_yield,D,Dependency,rtos-board-dependency,RTThread/POSIX/board support dependency; not modeled as TX8 compiler ABI.
third_party/tx8_deps/tx8-yoc-rt-thread-smp/lib/libkcorert.a,thread.c.o,__rtmsym_rt_thread_yield_name,R,Dependency,rtos-board-dependency,RTThread/POSIX/board support dependency; not modeled as TX8 compiler ABI.
third_party/tx8_deps/tx8-yoc-rt-thread-smp/lib/libkcorert.a,thread.c.o,_thread_exit,t,Dependency,rtos-board-dependency,RTThread/POSIX/board support dependency; not modeled as TX8 compiler ABI.
third_party/tx8_deps/tx8-yoc-rt-thread-smp/lib/libkcorert.a,thread.c.o,_thread_timeout,t,Dependency,rtos-board-dependency,RTThread/POSIX/board support dependency; not modeled as TX8 compiler ABI.
third_party/tx8_deps/tx8-yoc-rt-thread-smp/lib/libkcorert.a,thread.c.o,rt_thread_control,T,Dependency,rtos-board-dependency,RTThread/POSIX/board support dependency; not modeled as TX8 compiler ABI.
third_party/tx8_deps/tx8-yoc-rt-thread-smp/lib/libkcorert.a,thread.c.o,rt_thread_create,T,Dependency,rtos-board-dependency,RTThread/POSIX/board support dependency; not modeled as TX8 compiler ABI.
third_party/tx8_deps/tx8-yoc-rt-thread-smp/lib/libkcorert.a,thread.c.o,rt_thread_delay,T,Dependency,rtos-board-dependency,RTThread/POSIX/board support dependency; not modeled as TX8 compiler ABI.
third_party/tx8_deps/tx8-yoc-rt-thread-smp/lib/libkcorert.a,thread.c.o,rt_thread_delay_until,T,Dependency,rtos-board-dependency,RTThread/POSIX/board support dependency; not modeled as TX8 compiler ABI.
third_party/tx8_deps/tx8-yoc-rt-thread-smp/lib/libkcorert.a,thread.c.o,rt_thread_delete,T,Dependency,rtos-board-dependency,RTThread/POSIX/board support dependency; not modeled as TX8 compiler ABI.
third_party/tx8_deps/tx8-yoc-rt-thread-smp/lib/libkcorert.a,thread.c.o,rt_thread_detach,T,Dependency,rtos-board-dependency,RTThread/POSIX/board support dependency; not modeled as TX8 compiler ABI.
third_party/tx8_deps/tx8-yoc-rt-thread-smp/lib/libkcorert.a,thread.c.o,rt_thread_find,T,Dependency,rtos-board-dependency,RTThread/POSIX/board support dependency; not modeled as TX8 compiler ABI.
third_party/tx8_deps/tx8-yoc-rt-thread-smp/lib/libkcorert.a,thread.c.o,rt_thread_get_name,T,Dependency,rtos-board-dependency,RTThread/POSIX/board support dependency; not modeled as TX8 compiler ABI.
third_party/tx8_deps/tx8-yoc-rt-thread-smp/lib/libkcorert.a,thread.c.o,rt_thread_init,T,Dependency,rtos-board-dependency,RTThread/POSIX/board support dependency; not modeled as TX8 compiler ABI.
third_party/tx8_deps/tx8-yoc-rt-thread-smp/lib/libkcorert.a,thread.c.o,rt_thread_mdelay,T,Dependency,rtos-board-dependency,RTThread/POSIX/board support dependency; not modeled as TX8 compiler ABI.
third_party/tx8_deps/tx8-yoc-rt-thread-smp/lib/libkcorert.a,thread.c.o,rt_thread_resume,T,Dependency,rtos-board-dependency,RTThread/POSIX/board support dependency; not modeled as TX8 compiler ABI.
third_party/tx8_deps/tx8-yoc-rt-thread-smp/lib/libkcorert.a,thread.c.o,rt_thread_resume_hook,b,Dependency,rtos-board-dependency,RTThread/POSIX/board support dependency; not modeled as TX8 compiler ABI.
third_party/tx8_deps/tx8-yoc-rt-thread-smp/lib/libkcorert.a,thread.c.o,rt_thread_resume_sethook,T,Dependency,rtos-board-dependency,RTThread/POSIX/board support dependency; not modeled as TX8 compiler ABI.
third_party/tx8_deps/tx8-yoc-rt-thread-smp/lib/libkcorert.a,thread.c.o,rt_thread_self,T,Dependency,rtos-board-dependency,RTThread/POSIX/board support dependency; not modeled as TX8 compiler ABI.
third_party/tx8_deps/tx8-yoc-rt-thread-smp/lib/libkcorert.a,thread.c.o,rt_thread_startup,T,Dependency,rtos-board-dependency,RTThread/POSIX/board support dependency; not modeled as TX8 compiler ABI.
third_party/tx8_deps/tx8-yoc-rt-thread-smp/lib/libkcorert.a,thread.c.o,rt_thread_suspend,T,Dependency,rtos-board-dependency,RTThread/POSIX/board support dependency; not modeled as TX8 compiler ABI.
third_party/tx8_deps/tx8-yoc-rt-thread-smp/lib/libkcorert.a,thread.c.o,rt_thread_suspend_hook,b,Dependency,rtos-board-dependency,RTThread/POSIX/board support dependency; not modeled as TX8 compiler ABI.
third_party/tx8_deps/tx8-yoc-rt-thread-smp/lib/libkcorert.a,thread.c.o,rt_thread_suspend_sethook,T,Dependency,rtos-board-dependency,RTThread/POSIX/board support dependency; not modeled as TX8 compiler ABI.
third_party/tx8_deps/tx8-yoc-rt-thread-smp/lib/libkcorert.a,thread.c.o,rt_thread_suspend_to_list,T,Dependency,rtos-board-dependency,RTThread/POSIX/board support dependency; not modeled as TX8 compiler ABI.
third_party/tx8_deps/tx8-yoc-rt-thread-smp/lib/libkcorert.a,thread.c.o,rt_thread_suspend_with_flag,T,Dependency,rtos-board-dependency,RTThread/POSIX/board support dependency; not modeled as TX8 compiler ABI.
third_party/tx8_deps/tx8-yoc-rt-thread-smp/lib/libkcorert.a,thread.c.o,rt_thread_yield,T,Dependency,rtos-board-dependency,RTThread/POSIX/board support dependency; not modeled as TX8 compiler ABI.
third_party/tx8_deps/tx8-yoc-rt-thread-smp/lib/libkcorert.a,thread_sem.c.o,rt_thread_sem_count_get,T,Dependency,rtos-board-dependency,RTThread/POSIX/board support dependency; not modeled as TX8 compiler ABI.
third_party/tx8_deps/tx8-yoc-rt-thread-smp/lib/libkcorert.a,thread_sem.c.o,rt_thread_sem_count_set,T,Dependency,rtos-board-dependency,RTThread/POSIX/board support dependency; not modeled as TX8 compiler ABI.
third_party/tx8_deps/tx8-yoc-rt-thread-smp/lib/libkcorert.a,thread_sem.c.o,rt_thread_sem_create,T,Dependency,rtos-board-dependency,RTThread/POSIX/board support dependency; not modeled as TX8 compiler ABI.
third_party/tx8_deps/tx8-yoc-rt-thread-smp/lib/libkcorert.a,thread_sem.c.o,rt_thread_sem_del,T,Dependency,rtos-board-dependency,RTThread/POSIX/board support dependency; not modeled as TX8 compiler ABI.
third_party/tx8_deps/tx8-yoc-rt-thread-smp/lib/libkcorert.a,thread_sem.c.o,rt_thread_sem_give,T,Dependency,rtos-board-dependency,RTThread/POSIX/board support dependency; not modeled as TX8 compiler ABI.
third_party/tx8_deps/tx8-yoc-rt-thread-smp/lib/libkcorert.a,thread_sem.c.o,rt_thread_sem_take,T,Dependency,rtos-board-dependency,RTThread/POSIX/board support dependency; not modeled as TX8 compiler ABI.
third_party/tx8_deps/tx8-yoc-rt-thread-smp/lib/libkcorert.a,tick.c.o,csi_tick,b,Dependency,rtos-board-dependency,RTThread/POSIX/board support dependency; not modeled as TX8 compiler ABI.
third_party/tx8_deps/tx8-yoc-rt-thread-smp/lib/libkcorert.a,tick.c.o,csi_tick_get,T,Dependency,rtos-board-dependency,RTThread/POSIX/board support dependency; not modeled as TX8 compiler ABI.
third_party/tx8_deps/tx8-yoc-rt-thread-smp/lib/libkcorert.a,tick.c.o,csi_tick_get_ms,T,Dependency,rtos-board-dependency,RTThread/POSIX/board support dependency; not modeled as TX8 compiler ABI.
third_party/tx8_deps/tx8-yoc-rt-thread-smp/lib/libkcorert.a,tick.c.o,csi_tick_get_us,T,Dependency,rtos-board-dependency,RTThread/POSIX/board support dependency; not modeled as TX8 compiler ABI.
third_party/tx8_deps/tx8-yoc-rt-thread-smp/lib/libkcorert.a,tick.c.o,csi_tick_increase,T,Dependency,rtos-board-dependency,RTThread/POSIX/board support dependency; not modeled as TX8 compiler ABI.
third_party/tx8_deps/tx8-yoc-rt-thread-smp/lib/libkcorert.a,tick.c.o,csi_tick_init,T,Dependency,rtos-board-dependency,RTThread/POSIX/board support dependency; not modeled as TX8 compiler ABI.
third_party/tx8_deps/tx8-yoc-rt-thread-smp/lib/libkcorert.a,tick.c.o,csi_tick_uninit,T,Dependency,rtos-board-dependency,RTThread/POSIX/board support dependency; not modeled as TX8 compiler ABI.
third_party/tx8_deps/tx8-yoc-rt-thread-smp/lib/libkcorert.a,tick.c.o,last_time_ms,b,Dependency,rtos-board-dependency,RTThread/POSIX/board support dependency; not modeled as TX8 compiler ABI.
third_party/tx8_deps/tx8-yoc-rt-thread-smp/lib/libkcorert.a,tick.c.o,last_time_us,b,Dependency,rtos-board-dependency,RTThread/POSIX/board support dependency; not modeled as TX8 compiler ABI.
third_party/tx8_deps/tx8-yoc-rt-thread-smp/lib/libkcorert.a,tick.c.o,mdelay,W,Dependency,rtos-board-dependency,RTThread/POSIX/board support dependency; not modeled as TX8 compiler ABI.
third_party/tx8_deps/tx8-yoc-rt-thread-smp/lib/libkcorert.a,tick.c.o,tick_irq_handler,T,Dependency,rtos-board-dependency,RTThread/POSIX/board support dependency; not modeled as TX8 compiler ABI.
third_party/tx8_deps/tx8-yoc-rt-thread-smp/lib/libkcorert.a,tick.c.o,timer_init_value,b,Dependency,rtos-board-dependency,RTThread/POSIX/board support dependency; not modeled as TX8 compiler ABI.
third_party/tx8_deps/tx8-yoc-rt-thread-smp/lib/libkcorert.a,tick.c.o,udelay,T,Dependency,rtos-board-dependency,RTThread/POSIX/board support dependency; not modeled as TX8 compiler ABI.
third_party/tx8_deps/tx8-yoc-rt-thread-smp/lib/libkcorert.a,time.c.o,clock_getres,T,Dependency,rtos-board-dependency,RTThread/POSIX/board support dependency; not modeled as TX8 compiler ABI.
third_party/tx8_deps/tx8-yoc-rt-thread-smp/lib/libkcorert.a,time.c.o,clock_gettime,T,Dependency,rtos-board-dependency,RTThread/POSIX/board support dependency; not modeled as TX8 compiler ABI.
third_party/tx8_deps/tx8-yoc-rt-thread-smp/lib/libkcorert.a,time.c.o,clock_nanosleep,T,Dependency,rtos-board-dependency,RTThread/POSIX/board support dependency; not modeled as TX8 compiler ABI.
third_party/tx8_deps/tx8-yoc-rt-thread-smp/lib/libkcorert.a,time.c.o,clock_settime,T,Dependency,rtos-board-dependency,RTThread/POSIX/board support dependency; not modeled as TX8 compiler ABI.
third_party/tx8_deps/tx8-yoc-rt-thread-smp/lib/libkcorert.a,time.c.o,nanosleep,T,Dependency,rtos-board-dependency,RTThread/POSIX/board support dependency; not modeled as TX8 compiler ABI.
third_party/tx8_deps/tx8-yoc-rt-thread-smp/lib/libkcorert.a,time.c.o,sleep,T,Dependency,rtos-board-dependency,RTThread/POSIX/board support dependency; not modeled as TX8 compiler ABI.
third_party/tx8_deps/tx8-yoc-rt-thread-smp/lib/libkcorert.a,time.c.o,usleep,T,Dependency,rtos-board-dependency,RTThread/POSIX/board support dependency; not modeled as TX8 compiler ABI.
third_party/tx8_deps/tx8-yoc-rt-thread-smp/lib/libkcorert.a,timer.c.o,__rtmsym_rt_timer_control,D,Dependency,rtos-board-dependency,RTThread/POSIX/board support dependency; not modeled as TX8 compiler ABI.
third_party/tx8_deps/tx8-yoc-rt-thread-smp/lib/libkcorert.a,timer.c.o,__rtmsym_rt_timer_control_name,R,Dependency,rtos-board-dependency,RTThread/POSIX/board support dependency; not modeled as TX8 compiler ABI.
third_party/tx8_deps/tx8-yoc-rt-thread-smp/lib/libkcorert.a,timer.c.o,__rtmsym_rt_timer_create,D,Dependency,rtos-board-dependency,RTThread/POSIX/board support dependency; not modeled as TX8 compiler ABI.
third_party/tx8_deps/tx8-yoc-rt-thread-smp/lib/libkcorert.a,timer.c.o,__rtmsym_rt_timer_create_name,R,Dependency,rtos-board-dependency,RTThread/POSIX/board support dependency; not modeled as TX8 compiler ABI.
third_party/tx8_deps/tx8-yoc-rt-thread-smp/lib/libkcorert.a,timer.c.o,__rtmsym_rt_timer_delete,D,Dependency,rtos-board-dependency,RTThread/POSIX/board support dependency; not modeled as TX8 compiler ABI.
third_party/tx8_deps/tx8-yoc-rt-thread-smp/lib/libkcorert.a,timer.c.o,__rtmsym_rt_timer_delete_name,R,Dependency,rtos-board-dependency,RTThread/POSIX/board support dependency; not modeled as TX8 compiler ABI.
third_party/tx8_deps/tx8-yoc-rt-thread-smp/lib/libkcorert.a,timer.c.o,__rtmsym_rt_timer_detach,D,Dependency,rtos-board-dependency,RTThread/POSIX/board support dependency; not modeled as TX8 compiler ABI.
third_party/tx8_deps/tx8-yoc-rt-thread-smp/lib/libkcorert.a,timer.c.o,__rtmsym_rt_timer_detach_name,R,Dependency,rtos-board-dependency,RTThread/POSIX/board support dependency; not modeled as TX8 compiler ABI.
third_party/tx8_deps/tx8-yoc-rt-thread-smp/lib/libkcorert.a,timer.c.o,__rtmsym_rt_timer_init,D,Dependency,rtos-board-dependency,RTThread/POSIX/board support dependency; not modeled as TX8 compiler ABI.
third_party/tx8_deps/tx8-yoc-rt-thread-smp/lib/libkcorert.a,timer.c.o,__rtmsym_rt_timer_init_name,R,Dependency,rtos-board-dependency,RTThread/POSIX/board support dependency; not modeled as TX8 compiler ABI.
third_party/tx8_deps/tx8-yoc-rt-thread-smp/lib/libkcorert.a,timer.c.o,__rtmsym_rt_timer_start,D,Dependency,rtos-board-dependency,RTThread/POSIX/board support dependency; not modeled as TX8 compiler ABI.
third_party/tx8_deps/tx8-yoc-rt-thread-smp/lib/libkcorert.a,timer.c.o,__rtmsym_rt_timer_start_name,R,Dependency,rtos-board-dependency,RTThread/POSIX/board support dependency; not modeled as TX8 compiler ABI.
third_party/tx8_deps/tx8-yoc-rt-thread-smp/lib/libkcorert.a,timer.c.o,__rtmsym_rt_timer_stop,D,Dependency,rtos-board-dependency,RTThread/POSIX/board support dependency; not modeled as TX8 compiler ABI.
third_party/tx8_deps/tx8-yoc-rt-thread-smp/lib/libkcorert.a,timer.c.o,__rtmsym_rt_timer_stop_name,R,Dependency,rtos-board-dependency,RTThread/POSIX/board support dependency; not modeled as TX8 compiler ABI.
third_party/tx8_deps/tx8-yoc-rt-thread-smp/lib/libkcorert.a,timer.c.o,_htimer_lock,b,Dependency,rtos-board-dependency,RTThread/POSIX/board support dependency; not modeled as TX8 compiler ABI.
third_party/tx8_deps/tx8-yoc-rt-thread-smp/lib/libkcorert.a,timer.c.o,_soft_timer_list,b,Dependency,rtos-board-dependency,RTThread/POSIX/board support dependency; not modeled as TX8 compiler ABI.
third_party/tx8_deps/tx8-yoc-rt-thread-smp/lib/libkcorert.a,timer.c.o,_soft_timer_sem,b,Dependency,rtos-board-dependency,RTThread/POSIX/board support dependency; not modeled as TX8 compiler ABI.
third_party/tx8_deps/tx8-yoc-rt-thread-smp/lib/libkcorert.a,timer.c.o,_stimer_lock,b,Dependency,rtos-board-dependency,RTThread/POSIX/board support dependency; not modeled as TX8 compiler ABI.
third_party/tx8_deps/tx8-yoc-rt-thread-smp/lib/libkcorert.a,timer.c.o,_timer_list,b,Dependency,rtos-board-dependency,RTThread/POSIX/board support dependency; not modeled as TX8 compiler ABI.
third_party/tx8_deps/tx8-yoc-rt-thread-smp/lib/libkcorert.a,timer.c.o,_timer_start,t,Dependency,rtos-board-dependency,RTThread/POSIX/board support dependency; not modeled as TX8 compiler ABI.
third_party/tx8_deps/tx8-yoc-rt-thread-smp/lib/libkcorert.a,timer.c.o,_timer_thread,b,Dependency,rtos-board-dependency,RTThread/POSIX/board support dependency; not modeled as TX8 compiler ABI.
third_party/tx8_deps/tx8-yoc-rt-thread-smp/lib/libkcorert.a,timer.c.o,_timer_thread_entry,t,Dependency,rtos-board-dependency,RTThread/POSIX/board support dependency; not modeled as TX8 compiler ABI.
third_party/tx8_deps/tx8-yoc-rt-thread-smp/lib/libkcorert.a,timer.c.o,_timer_thread_stack,b,Dependency,rtos-board-dependency,RTThread/POSIX/board support dependency; not modeled as TX8 compiler ABI.
third_party/tx8_deps/tx8-yoc-rt-thread-smp/lib/libkcorert.a,timer.c.o,csi_timer_attach_callback,T,Dependency,rtos-board-dependency,RTThread/POSIX/board support dependency; not modeled as TX8 compiler ABI.
third_party/tx8_deps/tx8-yoc-rt-thread-smp/lib/libkcorert.a,timer.c.o,csi_timer_detach_callback,T,Dependency,rtos-board-dependency,RTThread/POSIX/board support dependency; not modeled as TX8 compiler ABI.
third_party/tx8_deps/tx8-yoc-rt-thread-smp/lib/libkcorert.a,timer.c.o,csi_timer_get_load_value,T,Dependency,rtos-board-dependency,RTThread/POSIX/board support dependency; not modeled as TX8 compiler ABI.
third_party/tx8_deps/tx8-yoc-rt-thread-smp/lib/libkcorert.a,timer.c.o,csi_timer_get_remaining_value,T,Dependency,rtos-board-dependency,RTThread/POSIX/board support dependency; not modeled as TX8 compiler ABI.
third_party/tx8_deps/tx8-yoc-rt-thread-smp/lib/libkcorert.a,timer.c.o,csi_timer_init,T,Dependency,rtos-board-dependency,RTThread/POSIX/board support dependency; not modeled as TX8 compiler ABI.
third_party/tx8_deps/tx8-yoc-rt-thread-smp/lib/libkcorert.a,timer.c.o,csi_timer_is_running,T,Dependency,rtos-board-dependency,RTThread/POSIX/board support dependency; not modeled as TX8 compiler ABI.
third_party/tx8_deps/tx8-yoc-rt-thread-smp/lib/libkcorert.a,timer.c.o,csi_timer_start,T,Dependency,rtos-board-dependency,RTThread/POSIX/board support dependency; not modeled as TX8 compiler ABI.
third_party/tx8_deps/tx8-yoc-rt-thread-smp/lib/libkcorert.a,timer.c.o,csi_timer_stop,T,Dependency,rtos-board-dependency,RTThread/POSIX/board support dependency; not modeled as TX8 compiler ABI.
third_party/tx8_deps/tx8-yoc-rt-thread-smp/lib/libkcorert.a,timer.c.o,csi_timer_uninit,T,Dependency,rtos-board-dependency,RTThread/POSIX/board support dependency; not modeled as TX8 compiler ABI.
third_party/tx8_deps/tx8-yoc-rt-thread-smp/lib/libkcorert.a,timer.c.o,dw_timer_irq_handler,T,Dependency,rtos-board-dependency,RTThread/POSIX/board support dependency; not modeled as TX8 compiler ABI.
third_party/tx8_deps/tx8-yoc-rt-thread-smp/lib/libkcorert.a,timer.c.o,g_timer_list_head,B,Dependency,rtos-board-dependency,RTThread/POSIX/board support dependency; not modeled as TX8 compiler ABI.
third_party/tx8_deps/tx8-yoc-rt-thread-smp/lib/libkcorert.a,timer.c.o,g_timer_lock,D,Dependency,rtos-board-dependency,RTThread/POSIX/board support dependency; not modeled as TX8 compiler ABI.
third_party/tx8_deps/tx8-yoc-rt-thread-smp/lib/libkcorert.a,timer.c.o,random_nr.0,b,Dependency,rtos-board-dependency,RTThread/POSIX/board support dependency; not modeled as TX8 compiler ABI.
third_party/tx8_deps/tx8-yoc-rt-thread-smp/lib/libkcorert.a,timer.c.o,rt_system_timer_init,T,Dependency,rtos-board-dependency,RTThread/POSIX/board support dependency; not modeled as TX8 compiler ABI.
third_party/tx8_deps/tx8-yoc-rt-thread-smp/lib/libkcorert.a,timer.c.o,rt_system_timer_thread_init,T,Dependency,rtos-board-dependency,RTThread/POSIX/board support dependency; not modeled as TX8 compiler ABI.
third_party/tx8_deps/tx8-yoc-rt-thread-smp/lib/libkcorert.a,timer.c.o,rt_timer_check,T,Dependency,rtos-board-dependency,RTThread/POSIX/board support dependency; not modeled as TX8 compiler ABI.
third_party/tx8_deps/tx8-yoc-rt-thread-smp/lib/libkcorert.a,timer.c.o,rt_timer_control,T,Dependency,rtos-board-dependency,RTThread/POSIX/board support dependency; not modeled as TX8 compiler ABI.
third_party/tx8_deps/tx8-yoc-rt-thread-smp/lib/libkcorert.a,timer.c.o,rt_timer_create,T,Dependency,rtos-board-dependency,RTThread/POSIX/board support dependency; not modeled as TX8 compiler ABI.
third_party/tx8_deps/tx8-yoc-rt-thread-smp/lib/libkcorert.a,timer.c.o,rt_timer_delete,T,Dependency,rtos-board-dependency,RTThread/POSIX/board support dependency; not modeled as TX8 compiler ABI.
third_party/tx8_deps/tx8-yoc-rt-thread-smp/lib/libkcorert.a,timer.c.o,rt_timer_detach,T,Dependency,rtos-board-dependency,RTThread/POSIX/board support dependency; not modeled as TX8 compiler ABI.
third_party/tx8_deps/tx8-yoc-rt-thread-smp/lib/libkcorert.a,timer.c.o,rt_timer_enter_hook,b,Dependency,rtos-board-dependency,RTThread/POSIX/board support dependency; not modeled as TX8 compiler ABI.
third_party/tx8_deps/tx8-yoc-rt-thread-smp/lib/libkcorert.a,timer.c.o,rt_timer_enter_sethook,T,Dependency,rtos-board-dependency,RTThread/POSIX/board support dependency; not modeled as TX8 compiler ABI.
third_party/tx8_deps/tx8-yoc-rt-thread-smp/lib/libkcorert.a,timer.c.o,rt_timer_exit_hook,b,Dependency,rtos-board-dependency,RTThread/POSIX/board support dependency; not modeled as TX8 compiler ABI.
third_party/tx8_deps/tx8-yoc-rt-thread-smp/lib/libkcorert.a,timer.c.o,rt_timer_exit_sethook,T,Dependency,rtos-board-dependency,RTThread/POSIX/board support dependency; not modeled as TX8 compiler ABI.
third_party/tx8_deps/tx8-yoc-rt-thread-smp/lib/libkcorert.a,timer.c.o,rt_timer_init,T,Dependency,rtos-board-dependency,RTThread/POSIX/board support dependency; not modeled as TX8 compiler ABI.
third_party/tx8_deps/tx8-yoc-rt-thread-smp/lib/libkcorert.a,timer.c.o,rt_timer_next_timeout_tick,T,Dependency,rtos-board-dependency,RTThread/POSIX/board support dependency; not modeled as TX8 compiler ABI.
third_party/tx8_deps/tx8-yoc-rt-thread-smp/lib/libkcorert.a,timer.c.o,rt_timer_start,T,Dependency,rtos-board-dependency,RTThread/POSIX/board support dependency; not modeled as TX8 compiler ABI.
third_party/tx8_deps/tx8-yoc-rt-thread-smp/lib/libkcorert.a,timer.c.o,rt_timer_stop,T,Dependency,rtos-board-dependency,RTThread/POSIX/board support dependency; not modeled as TX8 compiler ABI.
third_party/tx8_deps/tx8-yoc-rt-thread-smp/lib/libkcorert.a,timer.c.o,rvm_hal_timer_attach_callback,T,Dependency,rtos-board-dependency,RTThread/POSIX/board support dependency; not modeled as TX8 compiler ABI.
third_party/tx8_deps/tx8-yoc-rt-thread-smp/lib/libkcorert.a,timer.c.o,rvm_hal_timer_detach_callback,T,Dependency,rtos-board-dependency,RTThread/POSIX/board support dependency; not modeled as TX8 compiler ABI.
third_party/tx8_deps/tx8-yoc-rt-thread-smp/lib/libkcorert.a,timer.c.o,rvm_hal_timer_get_load_value,T,Dependency,rtos-board-dependency,RTThread/POSIX/board support dependency; not modeled as TX8 compiler ABI.
third_party/tx8_deps/tx8-yoc-rt-thread-smp/lib/libkcorert.a,timer.c.o,rvm_hal_timer_get_remaining_value,T,Dependency,rtos-board-dependency,RTThread/POSIX/board support dependency; not modeled as TX8 compiler ABI.
third_party/tx8_deps/tx8-yoc-rt-thread-smp/lib/libkcorert.a,timer.c.o,rvm_hal_timer_oneshot_start,T,Dependency,rtos-board-dependency,RTThread/POSIX/board support dependency; not modeled as TX8 compiler ABI.
third_party/tx8_deps/tx8-yoc-rt-thread-smp/lib/libkcorert.a,timer.c.o,rvm_hal_timer_start,T,Dependency,rtos-board-dependency,RTThread/POSIX/board support dependency; not modeled as TX8 compiler ABI.
third_party/tx8_deps/tx8-yoc-rt-thread-smp/lib/libkcorert.a,timer.c.o,rvm_hal_timer_stop,T,Dependency,rtos-board-dependency,RTThread/POSIX/board support dependency; not modeled as TX8 compiler ABI.
third_party/tx8_deps/tx8-yoc-rt-thread-smp/lib/libkcorert.a,timer.c.o,timer_callback,t,Dependency,rtos-board-dependency,RTThread/POSIX/board support dependency; not modeled as TX8 compiler ABI.
third_party/tx8_deps/tx8-yoc-rt-thread-smp/lib/libkcorert.a,timer.c.o,timer_create,T,Dependency,rtos-board-dependency,RTThread/POSIX/board support dependency; not modeled as TX8 compiler ABI.
third_party/tx8_deps/tx8-yoc-rt-thread-smp/lib/libkcorert.a,timer.c.o,timer_delete,T,Dependency,rtos-board-dependency,RTThread/POSIX/board support dependency; not modeled as TX8 compiler ABI.
third_party/tx8_deps/tx8-yoc-rt-thread-smp/lib/libkcorert.a,timer.c.o,timer_getoverrun,T,Dependency,rtos-board-dependency,RTThread/POSIX/board support dependency; not modeled as TX8 compiler ABI.
third_party/tx8_deps/tx8-yoc-rt-thread-smp/lib/libkcorert.a,timer.c.o,timer_gettime,T,Dependency,rtos-board-dependency,RTThread/POSIX/board support dependency; not modeled as TX8 compiler ABI.
third_party/tx8_deps/tx8-yoc-rt-thread-smp/lib/libkcorert.a,timer.c.o,timer_settime,T,Dependency,rtos-board-dependency,RTThread/POSIX/board support dependency; not modeled as TX8 compiler ABI.
third_party/tx8_deps/tx8-yoc-rt-thread-smp/lib/libkcorert.a,tlv_util.c.o,tlv_box_create,T,ABI,public-runtime-api,Named public wrapper/API entry covered by the reverse-engineering reference.
third_party/tx8_deps/tx8-yoc-rt-thread-smp/lib/libkcorert.a,tlv_util.c.o,tlv_box_destroy,T,ABI,public-runtime-api,Named public wrapper/API entry covered by the reverse-engineering reference.
third_party/tx8_deps/tx8-yoc-rt-thread-smp/lib/libkcorert.a,tlv_util.c.o,tlv_box_get_buffer,T,ABI,public-runtime-api,Named public wrapper/API entry covered by the reverse-engineering reference.
third_party/tx8_deps/tx8-yoc-rt-thread-smp/lib/libkcorert.a,tlv_util.c.o,tlv_box_get_bytes,T,ABI,public-runtime-api,Named public wrapper/API entry covered by the reverse-engineering reference.
third_party/tx8_deps/tx8-yoc-rt-thread-smp/lib/libkcorert.a,tlv_util.c.o,tlv_box_get_bytes_ptr,T,ABI,public-runtime-api,Named public wrapper/API entry covered by the reverse-engineering reference.
third_party/tx8_deps/tx8-yoc-rt-thread-smp/lib/libkcorert.a,tlv_util.c.o,tlv_box_get_char,T,ABI,public-runtime-api,Named public wrapper/API entry covered by the reverse-engineering reference.
third_party/tx8_deps/tx8-yoc-rt-thread-smp/lib/libkcorert.a,tlv_util.c.o,tlv_box_get_double,T,ABI,public-runtime-api,Named public wrapper/API entry covered by the reverse-engineering reference.
third_party/tx8_deps/tx8-yoc-rt-thread-smp/lib/libkcorert.a,tlv_util.c.o,tlv_box_get_float,T,ABI,public-runtime-api,Named public wrapper/API entry covered by the reverse-engineering reference.
third_party/tx8_deps/tx8-yoc-rt-thread-smp/lib/libkcorert.a,tlv_util.c.o,tlv_box_get_int,T,ABI,public-runtime-api,Named public wrapper/API entry covered by the reverse-engineering reference.
third_party/tx8_deps/tx8-yoc-rt-thread-smp/lib/libkcorert.a,tlv_util.c.o,tlv_box_get_long,T,ABI,public-runtime-api,Named public wrapper/API entry covered by the reverse-engineering reference.
third_party/tx8_deps/tx8-yoc-rt-thread-smp/lib/libkcorert.a,tlv_util.c.o,tlv_box_get_longlong,T,ABI,public-runtime-api,Named public wrapper/API entry covered by the reverse-engineering reference.
third_party/tx8_deps/tx8-yoc-rt-thread-smp/lib/libkcorert.a,tlv_util.c.o,tlv_box_get_object,T,ABI,public-runtime-api,Named public wrapper/API entry covered by the reverse-engineering reference.
third_party/tx8_deps/tx8-yoc-rt-thread-smp/lib/libkcorert.a,tlv_util.c.o,tlv_box_get_object_heavy_version,T,ABI,public-runtime-api,Named public wrapper/API entry covered by the reverse-engineering reference.
third_party/tx8_deps/tx8-yoc-rt-thread-smp/lib/libkcorert.a,tlv_util.c.o,tlv_box_get_short,T,ABI,public-runtime-api,Named public wrapper/API entry covered by the reverse-engineering reference.
third_party/tx8_deps/tx8-yoc-rt-thread-smp/lib/libkcorert.a,tlv_util.c.o,tlv_box_get_size,T,ABI,public-runtime-api,Named public wrapper/API entry covered by the reverse-engineering reference.
third_party/tx8_deps/tx8-yoc-rt-thread-smp/lib/libkcorert.a,tlv_util.c.o,tlv_box_get_string,T,ABI,public-runtime-api,Named public wrapper/API entry covered by the reverse-engineering reference.
third_party/tx8_deps/tx8-yoc-rt-thread-smp/lib/libkcorert.a,tlv_util.c.o,tlv_box_parse_and_copy_buffer,T,ABI,public-runtime-api,Named public wrapper/API entry covered by the reverse-engineering reference.
third_party/tx8_deps/tx8-yoc-rt-thread-smp/lib/libkcorert.a,tlv_util.c.o,tlv_box_parse_and_ref_buffer,T,ABI,public-runtime-api,Named public wrapper/API entry covered by the reverse-engineering reference.
third_party/tx8_deps/tx8-yoc-rt-thread-smp/lib/libkcorert.a,tlv_util.c.o,tlv_box_parse_internal,T,ABI,public-runtime-api,Named public wrapper/API entry covered by the reverse-engineering reference.
third_party/tx8_deps/tx8-yoc-rt-thread-smp/lib/libkcorert.a,tlv_util.c.o,tlv_box_put_bytes_and_copy_it,T,ABI,public-runtime-api,Named public wrapper/API entry covered by the reverse-engineering reference.
third_party/tx8_deps/tx8-yoc-rt-thread-smp/lib/libkcorert.a,tlv_util.c.o,tlv_box_put_bytes_and_ref_it,T,ABI,public-runtime-api,Named public wrapper/API entry covered by the reverse-engineering reference.
third_party/tx8_deps/tx8-yoc-rt-thread-smp/lib/libkcorert.a,tlv_util.c.o,tlv_box_put_char,T,ABI,public-runtime-api,Named public wrapper/API entry covered by the reverse-engineering reference.
third_party/tx8_deps/tx8-yoc-rt-thread-smp/lib/libkcorert.a,tlv_util.c.o,tlv_box_put_double,T,ABI,public-runtime-api,Named public wrapper/API entry covered by the reverse-engineering reference.
third_party/tx8_deps/tx8-yoc-rt-thread-smp/lib/libkcorert.a,tlv_util.c.o,tlv_box_put_float,T,ABI,public-runtime-api,Named public wrapper/API entry covered by the reverse-engineering reference.
third_party/tx8_deps/tx8-yoc-rt-thread-smp/lib/libkcorert.a,tlv_util.c.o,tlv_box_put_int,T,ABI,public-runtime-api,Named public wrapper/API entry covered by the reverse-engineering reference.
third_party/tx8_deps/tx8-yoc-rt-thread-smp/lib/libkcorert.a,tlv_util.c.o,tlv_box_put_long,T,ABI,public-runtime-api,Named public wrapper/API entry covered by the reverse-engineering reference.
third_party/tx8_deps/tx8-yoc-rt-thread-smp/lib/libkcorert.a,tlv_util.c.o,tlv_box_put_longlong,T,ABI,public-runtime-api,Named public wrapper/API entry covered by the reverse-engineering reference.
third_party/tx8_deps/tx8-yoc-rt-thread-smp/lib/libkcorert.a,tlv_util.c.o,tlv_box_put_object_and_copy_it,T,ABI,public-runtime-api,Named public wrapper/API entry covered by the reverse-engineering reference.
third_party/tx8_deps/tx8-yoc-rt-thread-smp/lib/libkcorert.a,tlv_util.c.o,tlv_box_put_object_and_ref_it,T,ABI,public-runtime-api,Named public wrapper/API entry covered by the reverse-engineering reference.
third_party/tx8_deps/tx8-yoc-rt-thread-smp/lib/libkcorert.a,tlv_util.c.o,tlv_box_put_short,T,ABI,public-runtime-api,Named public wrapper/API entry covered by the reverse-engineering reference.
third_party/tx8_deps/tx8-yoc-rt-thread-smp/lib/libkcorert.a,tlv_util.c.o,tlv_box_put_string_and_copy_it,T,ABI,public-runtime-api,Named public wrapper/API entry covered by the reverse-engineering reference.
third_party/tx8_deps/tx8-yoc-rt-thread-smp/lib/libkcorert.a,tlv_util.c.o,tlv_box_put_string_and_ref_it,T,ABI,public-runtime-api,Named public wrapper/API entry covered by the reverse-engineering reference.
third_party/tx8_deps/tx8-yoc-rt-thread-smp/lib/libkcorert.a,tlv_util.c.o,tlv_box_putobject_and_copy_it,T,ABI,public-runtime-api,Named public wrapper/API entry covered by the reverse-engineering reference.
third_party/tx8_deps/tx8-yoc-rt-thread-smp/lib/libkcorert.a,tlv_util.c.o,tlv_box_putobject_internal,T,ABI,public-runtime-api,Named public wrapper/API entry covered by the reverse-engineering reference.
third_party/tx8_deps/tx8-yoc-rt-thread-smp/lib/libkcorert.a,tlv_util.c.o,tlv_box_release_tlv,t,ABI,public-runtime-api,Named public wrapper/API entry covered by the reverse-engineering reference.
third_party/tx8_deps/tx8-yoc-rt-thread-smp/lib/libkcorert.a,tlv_util.c.o,tlv_box_serialize,T,ABI,public-runtime-api,Named public wrapper/API entry covered by the reverse-engineering reference.
third_party/tx8_deps/tx8-yoc-rt-thread-smp/lib/libkcorert.a,tlv_util.c.o,tlv_get_bytes,T,ABI,public-runtime-api,Named public wrapper/API entry covered by the reverse-engineering reference.
third_party/tx8_deps/tx8-yoc-rt-thread-smp/lib/libkcorert.a,tlv_util.c.o,tlv_get_bytes_ptr,T,ABI,public-runtime-api,Named public wrapper/API entry covered by the reverse-engineering reference.
third_party/tx8_deps/tx8-yoc-rt-thread-smp/lib/libkcorert.a,tlv_util.c.o,tlv_get_char,T,ABI,public-runtime-api,Named public wrapper/API entry covered by the reverse-engineering reference.
third_party/tx8_deps/tx8-yoc-rt-thread-smp/lib/libkcorert.a,tlv_util.c.o,tlv_get_double,T,ABI,public-runtime-api,Named public wrapper/API entry covered by the reverse-engineering reference.
third_party/tx8_deps/tx8-yoc-rt-thread-smp/lib/libkcorert.a,tlv_util.c.o,tlv_get_float,T,ABI,public-runtime-api,Named public wrapper/API entry covered by the reverse-engineering reference.
third_party/tx8_deps/tx8-yoc-rt-thread-smp/lib/libkcorert.a,tlv_util.c.o,tlv_get_int,T,ABI,public-runtime-api,Named public wrapper/API entry covered by the reverse-engineering reference.
third_party/tx8_deps/tx8-yoc-rt-thread-smp/lib/libkcorert.a,tlv_util.c.o,tlv_get_long,T,ABI,public-runtime-api,Named public wrapper/API entry covered by the reverse-engineering reference.
third_party/tx8_deps/tx8-yoc-rt-thread-smp/lib/libkcorert.a,tlv_util.c.o,tlv_get_longlong,T,ABI,public-runtime-api,Named public wrapper/API entry covered by the reverse-engineering reference.
third_party/tx8_deps/tx8-yoc-rt-thread-smp/lib/libkcorert.a,tlv_util.c.o,tlv_get_object,T,ABI,public-runtime-api,Named public wrapper/API entry covered by the reverse-engineering reference.
third_party/tx8_deps/tx8-yoc-rt-thread-smp/lib/libkcorert.a,tlv_util.c.o,tlv_get_short,T,ABI,public-runtime-api,Named public wrapper/API entry covered by the reverse-engineering reference.
third_party/tx8_deps/tx8-yoc-rt-thread-smp/lib/libkcorert.a,tlv_util.c.o,tlv_get_string,T,ABI,public-runtime-api,Named public wrapper/API entry covered by the reverse-engineering reference.
third_party/tx8_deps/tx8-yoc-rt-thread-smp/lib/libkcorert.a,tlv_util.c.o,tlv_parse_and_get_bytes_ptr,T,ABI,public-runtime-api,Named public wrapper/API entry covered by the reverse-engineering reference.
third_party/tx8_deps/tx8-yoc-rt-thread-smp/lib/libkcorert.a,tlv_util.c.o,get_size_if_put_bytes,T,Dependency,rtos-board-dependency,RTThread/POSIX/board support dependency; not modeled as TX8 compiler ABI.
third_party/tx8_deps/tx8-yoc-rt-thread-smp/lib/libkcorert.a,tlv_util.c.o,get_size_if_put_char,T,Dependency,rtos-board-dependency,RTThread/POSIX/board support dependency; not modeled as TX8 compiler ABI.
third_party/tx8_deps/tx8-yoc-rt-thread-smp/lib/libkcorert.a,tlv_util.c.o,get_size_if_put_double,T,Dependency,rtos-board-dependency,RTThread/POSIX/board support dependency; not modeled as TX8 compiler ABI.
third_party/tx8_deps/tx8-yoc-rt-thread-smp/lib/libkcorert.a,tlv_util.c.o,get_size_if_put_float,T,Dependency,rtos-board-dependency,RTThread/POSIX/board support dependency; not modeled as TX8 compiler ABI.
third_party/tx8_deps/tx8-yoc-rt-thread-smp/lib/libkcorert.a,tlv_util.c.o,get_size_if_put_int,T,Dependency,rtos-board-dependency,RTThread/POSIX/board support dependency; not modeled as TX8 compiler ABI.
third_party/tx8_deps/tx8-yoc-rt-thread-smp/lib/libkcorert.a,tlv_util.c.o,get_size_if_put_long,T,Dependency,rtos-board-dependency,RTThread/POSIX/board support dependency; not modeled as TX8 compiler ABI.
third_party/tx8_deps/tx8-yoc-rt-thread-smp/lib/libkcorert.a,tlv_util.c.o,get_size_if_put_longlong,T,Dependency,rtos-board-dependency,RTThread/POSIX/board support dependency; not modeled as TX8 compiler ABI.
third_party/tx8_deps/tx8-yoc-rt-thread-smp/lib/libkcorert.a,tlv_util.c.o,get_size_if_put_short,T,Dependency,rtos-board-dependency,RTThread/POSIX/board support dependency; not modeled as TX8 compiler ABI.
third_party/tx8_deps/tx8-yoc-rt-thread-smp/lib/libkcorert.a,tlv_util.c.o,get_size_if_put_string,T,Dependency,rtos-board-dependency,RTThread/POSIX/board support dependency; not modeled as TX8 compiler ABI.
third_party/tx8_deps/tx8-yoc-rt-thread-smp/lib/libkcorert.a,trap_c.c.o,__func__.0,r,Dependency,rtos-board-dependency,RTThread/POSIX/board support dependency; not modeled as TX8 compiler ABI.
third_party/tx8_deps/tx8-yoc-rt-thread-smp/lib/libkcorert.a,trap_c.c.o,exceptionHandler,W,Dependency,rtos-board-dependency,RTThread/POSIX/board support dependency; not modeled as TX8 compiler ABI.
third_party/tx8_deps/tx8-yoc-rt-thread-smp/lib/libkcorert.a,trap_c.c.o,trap_c,T,Dependency,rtos-board-dependency,RTThread/POSIX/board support dependency; not modeled as TX8 compiler ABI.
third_party/tx8_deps/tx8-yoc-rt-thread-smp/lib/libkcorert.a,trap_c.c.o,trap_c_callback,B,Dependency,rtos-board-dependency,RTThread/POSIX/board support dependency; not modeled as TX8 compiler ABI.
third_party/tx8_deps/tx8-yoc-rt-thread-smp/lib/libkcorert.a,trap_c.c.o,power_off_hook_for_trap,W,HardwareVerify,hardware-measured-runtime,Static ABI is documented; timing/state semantics require board verification.
third_party/tx8_deps/tx8-yoc-rt-thread-smp/lib/libkcorert.a,tx81_mhu.c.o,__FUNCTION__.0,r,Dependency,rtos-board-dependency,RTThread/POSIX/board support dependency; not modeled as TX8 compiler ABI.
third_party/tx8_deps/tx8-yoc-rt-thread-smp/lib/libkcorert.a,tx81_mhu.c.o,__func__.1,r,Dependency,rtos-board-dependency,RTThread/POSIX/board support dependency; not modeled as TX8 compiler ABI.
third_party/tx8_deps/tx8-yoc-rt-thread-smp/lib/libkcorert.a,tx81_mhu.c.o,__func__.2,r,Dependency,rtos-board-dependency,RTThread/POSIX/board support dependency; not modeled as TX8 compiler ABI.
third_party/tx8_deps/tx8-yoc-rt-thread-smp/lib/libkcorert.a,tx81_mhu.c.o,__func__.3,r,Dependency,rtos-board-dependency,RTThread/POSIX/board support dependency; not modeled as TX8 compiler ABI.
third_party/tx8_deps/tx8-yoc-rt-thread-smp/lib/libkcorert.a,tx81_mhu.c.o,__func__.4,r,Dependency,rtos-board-dependency,RTThread/POSIX/board support dependency; not modeled as TX8 compiler ABI.
third_party/tx8_deps/tx8-yoc-rt-thread-smp/lib/libkcorert.a,tx81_mhu.c.o,__func__.5,r,Dependency,rtos-board-dependency,RTThread/POSIX/board support dependency; not modeled as TX8 compiler ABI.
third_party/tx8_deps/tx8-yoc-rt-thread-smp/lib/libkcorert.a,tx81_mhu.c.o,init_mhu_monitor,T,Dependency,rtos-board-dependency,RTThread/POSIX/board support dependency; not modeled as TX8 compiler ABI.
third_party/tx8_deps/tx8-yoc-rt-thread-smp/lib/libkcorert.a,tx81_mhu.c.o,kcore0_mhu_rx_intr,t,Dependency,rtos-board-dependency,RTThread/POSIX/board support dependency; not modeled as TX8 compiler ABI.
third_party/tx8_deps/tx8-yoc-rt-thread-smp/lib/libkcorert.a,tx81_mhu.c.o,mhu2_ctx,b,Dependency,rtos-board-dependency,RTThread/POSIX/board support dependency; not modeled as TX8 compiler ABI.
third_party/tx8_deps/tx8-yoc-rt-thread-smp/lib/libkcorert.a,tx81_mhu.c.o,mhu_calc_payload_addr,T,Dependency,rtos-board-dependency,RTThread/POSIX/board support dependency; not modeled as TX8 compiler ABI.
third_party/tx8_deps/tx8-yoc-rt-thread-smp/lib/libkcorert.a,tx81_mhu.c.o,mhu_monitor,t,Dependency,rtos-board-dependency,RTThread/POSIX/board support dependency; not modeled as TX8 compiler ABI.
third_party/tx8_deps/tx8-yoc-rt-thread-smp/lib/libkcorert.a,tx81_mhu.c.o,mhu_monitor_task,b,Dependency,rtos-board-dependency,RTThread/POSIX/board support dependency; not modeled as TX8 compiler ABI.
third_party/tx8_deps/tx8-yoc-rt-thread-smp/lib/libkcorert.a,tx81_mhu.c.o,__rt_init_tx81_mhu_init_process,D,HardwareVerify,hardware-measured-runtime,Static ABI is documented; timing/state semantics require board verification.
third_party/tx8_deps/tx8-yoc-rt-thread-smp/lib/libkcorert.a,tx81_mhu.c.o,g_pmu_buf_addr,b,HardwareVerify,hardware-measured-runtime,Static ABI is documented; timing/state semantics require board verification.
third_party/tx8_deps/tx8-yoc-rt-thread-smp/lib/libkcorert.a,tx81_mhu.c.o,g_pmu_buf_size,b,HardwareVerify,hardware-measured-runtime,Static ABI is documented; timing/state semantics require board verification.
third_party/tx8_deps/tx8-yoc-rt-thread-smp/lib/libkcorert.a,tx81_mhu.c.o,g_pmu_buf_wptr,b,HardwareVerify,hardware-measured-runtime,Static ABI is documented; timing/state semantics require board verification.
third_party/tx8_deps/tx8-yoc-rt-thread-smp/lib/libkcorert.a,tx81_mhu.c.o,g_pmu_prof_type,b,HardwareVerify,hardware-measured-runtime,Static ABI is documented; timing/state semantics require board verification.
third_party/tx8_deps/tx8-yoc-rt-thread-smp/lib/libkcorert.a,tx81_mhu.c.o,init_mhu_poweroff_task,T,HardwareVerify,hardware-measured-runtime,Static ABI is documented; timing/state semantics require board verification.
third_party/tx8_deps/tx8-yoc-rt-thread-smp/lib/libkcorert.a,tx81_mhu.c.o,mhu_power_off_hander0,T,HardwareVerify,hardware-measured-runtime,Static ABI is documented; timing/state semantics require board verification.
third_party/tx8_deps/tx8-yoc-rt-thread-smp/lib/libkcorert.a,tx81_mhu.c.o,mhu_power_off_hander1,T,HardwareVerify,hardware-measured-runtime,Static ABI is documented; timing/state semantics require board verification.
third_party/tx8_deps/tx8-yoc-rt-thread-smp/lib/libkcorert.a,tx81_mhu.c.o,mhu_power_off_self,T,HardwareVerify,hardware-measured-runtime,Static ABI is documented; timing/state semantics require board verification.
third_party/tx8_deps/tx8-yoc-rt-thread-smp/lib/libkcorert.a,tx81_mhu.c.o,mhu_poweroff_task0,t,HardwareVerify,hardware-measured-runtime,Static ABI is documented; timing/state semantics require board verification.
third_party/tx8_deps/tx8-yoc-rt-thread-smp/lib/libkcorert.a,tx81_mhu.c.o,mhu_poweroff_task1,t,HardwareVerify,hardware-measured-runtime,Static ABI is documented; timing/state semantics require board verification.
third_party/tx8_deps/tx8-yoc-rt-thread-smp/lib/libkcorert.a,tx81_mhu.c.o,mhu_recv_check_state,T,HardwareVerify,hardware-measured-runtime,Static ABI is documented; timing/state semantics require board verification.
third_party/tx8_deps/tx8-yoc-rt-thread-smp/lib/libkcorert.a,tx81_mhu.c.o,mhu_recv_read_payload,T,HardwareVerify,hardware-measured-runtime,Static ABI is documented; timing/state semantics require board verification.
third_party/tx8_deps/tx8-yoc-rt-thread-smp/lib/libkcorert.a,tx81_mhu.c.o,mhu_send_cmd_without_payload,T,HardwareVerify,hardware-measured-runtime,Static ABI is documented; timing/state semantics require board verification.
third_party/tx8_deps/tx8-yoc-rt-thread-smp/lib/libkcorert.a,tx81_mhu.c.o,mod_mhu_send_msg,T,HardwareVerify,hardware-measured-runtime,Static ABI is documented; timing/state semantics require board verification.
third_party/tx8_deps/tx8-yoc-rt-thread-smp/lib/libkcorert.a,tx81_mhu.c.o,power_off_hook_for_ipi_irq,T,HardwareVerify,hardware-measured-runtime,Static ABI is documented; timing/state semantics require board verification.
third_party/tx8_deps/tx8-yoc-rt-thread-smp/lib/libkcorert.a,tx81_mhu.c.o,power_off_hook_for_trap,T,HardwareVerify,hardware-measured-runtime,Static ABI is documented; timing/state semantics require board verification.
third_party/tx8_deps/tx8-yoc-rt-thread-smp/lib/libkcorert.a,tx81_mhu.c.o,poweroff_core0,b,HardwareVerify,hardware-measured-runtime,Static ABI is documented; timing/state semantics require board verification.
third_party/tx8_deps/tx8-yoc-rt-thread-smp/lib/libkcorert.a,tx81_mhu.c.o,poweroff_core1,b,HardwareVerify,hardware-measured-runtime,Static ABI is documented; timing/state semantics require board verification.
third_party/tx8_deps/tx8-yoc-rt-thread-smp/lib/libkcorert.a,tx81_mhu.c.o,poweroff_task0,b,HardwareVerify,hardware-measured-runtime,Static ABI is documented; timing/state semantics require board verification.
third_party/tx8_deps/tx8-yoc-rt-thread-smp/lib/libkcorert.a,tx81_mhu.c.o,poweroff_task1,b,HardwareVerify,hardware-measured-runtime,Static ABI is documented; timing/state semantics require board verification.
third_party/tx8_deps/tx8-yoc-rt-thread-smp/lib/libkcorert.a,tx81_mhu.c.o,tx81_mhu_init,T,HardwareVerify,hardware-measured-runtime,Static ABI is documented; timing/state semantics require board verification.
third_party/tx8_deps/tx8-yoc-rt-thread-smp/lib/libkcorert.a,tx81_mhu.c.o,tx81_mhu_init_process,T,HardwareVerify,hardware-measured-runtime,Static ABI is documented; timing/state semantics require board verification.
third_party/tx8_deps/tx8-yoc-rt-thread-smp/lib/libkcorert.a,tx8_uart.c.o,tx8_kernel_uart_init,T,Dependency,rtos-board-dependency,RTThread/POSIX/board support dependency; not modeled as TX8 compiler ABI.
third_party/tx8_deps/tx8-yoc-rt-thread-smp/lib/libkcorert.a,tx8_uart.c.o,tx8_uart_write,T,Dependency,rtos-board-dependency,RTThread/POSIX/board support dependency; not modeled as TX8 compiler ABI.
third_party/tx8_deps/tx8-yoc-rt-thread-smp/lib/libkcorert.a,txccl_mailbox.c.o,mailbox_recv_p2p_info,T,ABI,kcore-runtime-api,Kcore runtime entry covered as device-side ABI.
third_party/tx8_deps/tx8-yoc-rt-thread-smp/lib/libkcorert.a,txccl_mailbox.c.o,mailbox_send_p2p_info,T,ABI,kcore-runtime-api,Kcore runtime entry covered as device-side ABI.
third_party/tx8_deps/tx8-yoc-rt-thread-smp/lib/libkcorert.a,txccl_mailbox.c.o,__func__.0,r,Dependency,rtos-board-dependency,RTThread/POSIX/board support dependency; not modeled as TX8 compiler ABI.
third_party/tx8_deps/tx8-yoc-rt-thread-smp/lib/libkcorert.a,txccl_mailbox.c.o,__func__.10,r,Dependency,rtos-board-dependency,RTThread/POSIX/board support dependency; not modeled as TX8 compiler ABI.
third_party/tx8_deps/tx8-yoc-rt-thread-smp/lib/libkcorert.a,txccl_mailbox.c.o,__func__.11,r,Dependency,rtos-board-dependency,RTThread/POSIX/board support dependency; not modeled as TX8 compiler ABI.
third_party/tx8_deps/tx8-yoc-rt-thread-smp/lib/libkcorert.a,txccl_mailbox.c.o,__func__.12,r,Dependency,rtos-board-dependency,RTThread/POSIX/board support dependency; not modeled as TX8 compiler ABI.
third_party/tx8_deps/tx8-yoc-rt-thread-smp/lib/libkcorert.a,txccl_mailbox.c.o,__func__.2,r,Dependency,rtos-board-dependency,RTThread/POSIX/board support dependency; not modeled as TX8 compiler ABI.
third_party/tx8_deps/tx8-yoc-rt-thread-smp/lib/libkcorert.a,txccl_mailbox.c.o,__func__.3,r,Dependency,rtos-board-dependency,RTThread/POSIX/board support dependency; not modeled as TX8 compiler ABI.
third_party/tx8_deps/tx8-yoc-rt-thread-smp/lib/libkcorert.a,txccl_mailbox.c.o,__func__.4,r,Dependency,rtos-board-dependency,RTThread/POSIX/board support dependency; not modeled as TX8 compiler ABI.
third_party/tx8_deps/tx8-yoc-rt-thread-smp/lib/libkcorert.a,txccl_mailbox.c.o,__func__.5,r,Dependency,rtos-board-dependency,RTThread/POSIX/board support dependency; not modeled as TX8 compiler ABI.
third_party/tx8_deps/tx8-yoc-rt-thread-smp/lib/libkcorert.a,txccl_mailbox.c.o,__func__.6,r,Dependency,rtos-board-dependency,RTThread/POSIX/board support dependency; not modeled as TX8 compiler ABI.
third_party/tx8_deps/tx8-yoc-rt-thread-smp/lib/libkcorert.a,txccl_mailbox.c.o,__func__.7,r,Dependency,rtos-board-dependency,RTThread/POSIX/board support dependency; not modeled as TX8 compiler ABI.
third_party/tx8_deps/tx8-yoc-rt-thread-smp/lib/libkcorert.a,txccl_mailbox.c.o,__func__.8,r,Dependency,rtos-board-dependency,RTThread/POSIX/board support dependency; not modeled as TX8 compiler ABI.
third_party/tx8_deps/tx8-yoc-rt-thread-smp/lib/libkcorert.a,txccl_mailbox.c.o,__func__.9,r,Dependency,rtos-board-dependency,RTThread/POSIX/board support dependency; not modeled as TX8 compiler ABI.
third_party/tx8_deps/tx8-yoc-rt-thread-smp/lib/libkcorert.a,txccl_mailbox.c.o,g_payload_pending_box,b,Dependency,rtos-board-dependency,RTThread/POSIX/board support dependency; not modeled as TX8 compiler ABI.
third_party/tx8_deps/tx8-yoc-rt-thread-smp/lib/libkcorert.a,txccl_mailbox.c.o,insert_pending_payload,t,Dependency,rtos-board-dependency,RTThread/POSIX/board support dependency; not modeled as TX8 compiler ABI.
third_party/tx8_deps/tx8-yoc-rt-thread-smp/lib/libkcorert.a,txccl_mailbox.c.o,is_init.1,b,Dependency,rtos-board-dependency,RTThread/POSIX/board support dependency; not modeled as TX8 compiler ABI.
third_party/tx8_deps/tx8-yoc-rt-thread-smp/lib/libkcorert.a,txccl_mailbox.c.o,notify_p2p_cfg,T,Dependency,rtos-board-dependency,RTThread/POSIX/board support dependency; not modeled as TX8 compiler ABI.
third_party/tx8_deps/tx8-yoc-rt-thread-smp/lib/libkcorert.a,txccl_mailbox.c.o,notify_recv_finish,T,Dependency,rtos-board-dependency,RTThread/POSIX/board support dependency; not modeled as TX8 compiler ABI.
third_party/tx8_deps/tx8-yoc-rt-thread-smp/lib/libkcorert.a,txccl_mailbox.c.o,notify_send_finish,T,Dependency,rtos-board-dependency,RTThread/POSIX/board support dependency; not modeled as TX8 compiler ABI.
third_party/tx8_deps/tx8-yoc-rt-thread-smp/lib/libkcorert.a,txccl_mailbox.c.o,tileXLen,V,Dependency,rtos-board-dependency,RTThread/POSIX/board support dependency; not modeled as TX8 compiler ABI.
third_party/tx8_deps/tx8-yoc-rt-thread-smp/lib/libkcorert.a,txccl_mailbox.c.o,tileYLen,V,Dependency,rtos-board-dependency,RTThread/POSIX/board support dependency; not modeled as TX8 compiler ABI.
third_party/tx8_deps/tx8-yoc-rt-thread-smp/lib/libkcorert.a,txccl_mailbox.c.o,txccl_recv,T,Dependency,rtos-board-dependency,RTThread/POSIX/board support dependency; not modeled as TX8 compiler ABI.
third_party/tx8_deps/tx8-yoc-rt-thread-smp/lib/libkcorert.a,txccl_mailbox.c.o,txccl_send,T,Dependency,rtos-board-dependency,RTThread/POSIX/board support dependency; not modeled as TX8 compiler ABI.
third_party/tx8_deps/tx8-yoc-rt-thread-smp/lib/libkcorert.a,txccl_mailbox.c.o,wait_p2p_cfg,T,Dependency,rtos-board-dependency,RTThread/POSIX/board support dependency; not modeled as TX8 compiler ABI.
third_party/tx8_deps/tx8-yoc-rt-thread-smp/lib/libkcorert.a,txccl_mailbox.c.o,wait_recv_finish,T,Dependency,rtos-board-dependency,RTThread/POSIX/board support dependency; not modeled as TX8 compiler ABI.
third_party/tx8_deps/tx8-yoc-rt-thread-smp/lib/libkcorert.a,txccl_mailbox.c.o,wait_send_finish,T,Dependency,rtos-board-dependency,RTThread/POSIX/board support dependency; not modeled as TX8 compiler ABI.
third_party/tx8_deps/tx8-yoc-rt-thread-smp/lib/libkcorert.a,txccl_mailbox.c.o,g_pmu_buf_addr,b,HardwareVerify,hardware-measured-runtime,Static ABI is documented; timing/state semantics require board verification.
third_party/tx8_deps/tx8-yoc-rt-thread-smp/lib/libkcorert.a,txccl_mailbox.c.o,g_pmu_buf_size,b,HardwareVerify,hardware-measured-runtime,Static ABI is documented; timing/state semantics require board verification.
third_party/tx8_deps/tx8-yoc-rt-thread-smp/lib/libkcorert.a,txccl_mailbox.c.o,g_pmu_buf_wptr,b,HardwareVerify,hardware-measured-runtime,Static ABI is documented; timing/state semantics require board verification.
third_party/tx8_deps/tx8-yoc-rt-thread-smp/lib/libkcorert.a,txccl_mailbox.c.o,g_pmu_prof_type,b,HardwareVerify,hardware-measured-runtime,Static ABI is documented; timing/state semantics require board verification.
third_party/tx8_deps/tx8-yoc-rt-thread-smp/lib/libkcorert.a,uart.c.o,csi_uart_attach_callback,T,Dependency,rtos-board-dependency,RTThread/POSIX/board support dependency; not modeled as TX8 compiler ABI.
third_party/tx8_deps/tx8-yoc-rt-thread-smp/lib/libkcorert.a,uart.c.o,csi_uart_baud,T,Dependency,rtos-board-dependency,RTThread/POSIX/board support dependency; not modeled as TX8 compiler ABI.
third_party/tx8_deps/tx8-yoc-rt-thread-smp/lib/libkcorert.a,uart.c.o,csi_uart_detach_callback,T,Dependency,rtos-board-dependency,RTThread/POSIX/board support dependency; not modeled as TX8 compiler ABI.
third_party/tx8_deps/tx8-yoc-rt-thread-smp/lib/libkcorert.a,uart.c.o,csi_uart_flowctrl,T,Dependency,rtos-board-dependency,RTThread/POSIX/board support dependency; not modeled as TX8 compiler ABI.
third_party/tx8_deps/tx8-yoc-rt-thread-smp/lib/libkcorert.a,uart.c.o,csi_uart_format,T,Dependency,rtos-board-dependency,RTThread/POSIX/board support dependency; not modeled as TX8 compiler ABI.
third_party/tx8_deps/tx8-yoc-rt-thread-smp/lib/libkcorert.a,uart.c.o,csi_uart_get_state,T,Dependency,rtos-board-dependency,RTThread/POSIX/board support dependency; not modeled as TX8 compiler ABI.
third_party/tx8_deps/tx8-yoc-rt-thread-smp/lib/libkcorert.a,uart.c.o,csi_uart_getc,T,Dependency,rtos-board-dependency,RTThread/POSIX/board support dependency; not modeled as TX8 compiler ABI.
third_party/tx8_deps/tx8-yoc-rt-thread-smp/lib/libkcorert.a,uart.c.o,csi_uart_init,T,Dependency,rtos-board-dependency,RTThread/POSIX/board support dependency; not modeled as TX8 compiler ABI.
third_party/tx8_deps/tx8-yoc-rt-thread-smp/lib/libkcorert.a,uart.c.o,csi_uart_link_dma,T,Dependency,rtos-board-dependency,RTThread/POSIX/board support dependency; not modeled as TX8 compiler ABI.
third_party/tx8_deps/tx8-yoc-rt-thread-smp/lib/libkcorert.a,uart.c.o,csi_uart_putc,T,Dependency,rtos-board-dependency,RTThread/POSIX/board support dependency; not modeled as TX8 compiler ABI.
third_party/tx8_deps/tx8-yoc-rt-thread-smp/lib/libkcorert.a,uart.c.o,csi_uart_receive,T,Dependency,rtos-board-dependency,RTThread/POSIX/board support dependency; not modeled as TX8 compiler ABI.
third_party/tx8_deps/tx8-yoc-rt-thread-smp/lib/libkcorert.a,uart.c.o,csi_uart_receive_async,T,Dependency,rtos-board-dependency,RTThread/POSIX/board support dependency; not modeled as TX8 compiler ABI.
third_party/tx8_deps/tx8-yoc-rt-thread-smp/lib/libkcorert.a,uart.c.o,csi_uart_send,T,Dependency,rtos-board-dependency,RTThread/POSIX/board support dependency; not modeled as TX8 compiler ABI.
third_party/tx8_deps/tx8-yoc-rt-thread-smp/lib/libkcorert.a,uart.c.o,csi_uart_send_async,T,Dependency,rtos-board-dependency,RTThread/POSIX/board support dependency; not modeled as TX8 compiler ABI.
third_party/tx8_deps/tx8-yoc-rt-thread-smp/lib/libkcorert.a,uart.c.o,csi_uart_uninit,T,Dependency,rtos-board-dependency,RTThread/POSIX/board support dependency; not modeled as TX8 compiler ABI.
third_party/tx8_deps/tx8-yoc-rt-thread-smp/lib/libkcorert.a,uart.c.o,dw_uart_dma_event_cb,t,Dependency,rtos-board-dependency,RTThread/POSIX/board support dependency; not modeled as TX8 compiler ABI.
third_party/tx8_deps/tx8-yoc-rt-thread-smp/lib/libkcorert.a,uart.c.o,dw_uart_irq_handler,T,Dependency,rtos-board-dependency,RTThread/POSIX/board support dependency; not modeled as TX8 compiler ABI.
third_party/tx8_deps/tx8-yoc-rt-thread-smp/lib/libkcorert.a,uart.c.o,dw_uart_receive_dma,T,Dependency,rtos-board-dependency,RTThread/POSIX/board support dependency; not modeled as TX8 compiler ABI.
third_party/tx8_deps/tx8-yoc-rt-thread-smp/lib/libkcorert.a,uart.c.o,dw_uart_receive_intr,T,Dependency,rtos-board-dependency,RTThread/POSIX/board support dependency; not modeled as TX8 compiler ABI.
third_party/tx8_deps/tx8-yoc-rt-thread-smp/lib/libkcorert.a,uart.c.o,dw_uart_send_dma,T,Dependency,rtos-board-dependency,RTThread/POSIX/board support dependency; not modeled as TX8 compiler ABI.
third_party/tx8_deps/tx8-yoc-rt-thread-smp/lib/libkcorert.a,uart.c.o,dw_uart_send_intr,T,Dependency,rtos-board-dependency,RTThread/POSIX/board support dependency; not modeled as TX8 compiler ABI.
third_party/tx8_deps/tx8-yoc-rt-thread-smp/lib/libkcorert.a,uart.c.o,rvm_hal_uart_config,T,Dependency,rtos-board-dependency,RTThread/POSIX/board support dependency; not modeled as TX8 compiler ABI.
third_party/tx8_deps/tx8-yoc-rt-thread-smp/lib/libkcorert.a,uart.c.o,rvm_hal_uart_config_default,T,Dependency,rtos-board-dependency,RTThread/POSIX/board support dependency; not modeled as TX8 compiler ABI.
third_party/tx8_deps/tx8-yoc-rt-thread-smp/lib/libkcorert.a,uart.c.o,rvm_hal_uart_config_get,T,Dependency,rtos-board-dependency,RTThread/POSIX/board support dependency; not modeled as TX8 compiler ABI.
third_party/tx8_deps/tx8-yoc-rt-thread-smp/lib/libkcorert.a,uart.c.o,rvm_hal_uart_get_state,T,Dependency,rtos-board-dependency,RTThread/POSIX/board support dependency; not modeled as TX8 compiler ABI.
third_party/tx8_deps/tx8-yoc-rt-thread-smp/lib/libkcorert.a,uart.c.o,rvm_hal_uart_recv,T,Dependency,rtos-board-dependency,RTThread/POSIX/board support dependency; not modeled as TX8 compiler ABI.
third_party/tx8_deps/tx8-yoc-rt-thread-smp/lib/libkcorert.a,uart.c.o,rvm_hal_uart_recv_poll,T,Dependency,rtos-board-dependency,RTThread/POSIX/board support dependency; not modeled as TX8 compiler ABI.
third_party/tx8_deps/tx8-yoc-rt-thread-smp/lib/libkcorert.a,uart.c.o,rvm_hal_uart_send,T,Dependency,rtos-board-dependency,RTThread/POSIX/board support dependency; not modeled as TX8 compiler ABI.
third_party/tx8_deps/tx8-yoc-rt-thread-smp/lib/libkcorert.a,uart.c.o,rvm_hal_uart_send_poll,T,Dependency,rtos-board-dependency,RTThread/POSIX/board support dependency; not modeled as TX8 compiler ABI.
third_party/tx8_deps/tx8-yoc-rt-thread-smp/lib/libkcorert.a,uart.c.o,rvm_hal_uart_set_buffer_size,T,Dependency,rtos-board-dependency,RTThread/POSIX/board support dependency; not modeled as TX8 compiler ABI.
third_party/tx8_deps/tx8-yoc-rt-thread-smp/lib/libkcorert.a,uart.c.o,rvm_hal_uart_set_event,T,Dependency,rtos-board-dependency,RTThread/POSIX/board support dependency; not modeled as TX8 compiler ABI.
third_party/tx8_deps/tx8-yoc-rt-thread-smp/lib/libkcorert.a,uart.c.o,rvm_hal_uart_set_type,T,Dependency,rtos-board-dependency,RTThread/POSIX/board support dependency; not modeled as TX8 compiler ABI.
third_party/tx8_deps/tx8-yoc-rt-thread-smp/lib/libkcorert.a,uart.c.o,rvm_hal_uart_trans_dma_enable,T,Dependency,rtos-board-dependency,RTThread/POSIX/board support dependency; not modeled as TX8 compiler ABI.
third_party/tx8_deps/tx8-yoc-rt-thread-smp/lib/libkcorert.a,uart_console.c.o,cli_uart_console,D,Dependency,rtos-board-dependency,RTThread/POSIX/board support dependency; not modeled as TX8 compiler ABI.
third_party/tx8_deps/tx8-yoc-rt-thread-smp/lib/libkcorert.a,uart_console.c.o,g_cli_direct_read,B,Dependency,rtos-board-dependency,RTThread/POSIX/board support dependency; not modeled as TX8 compiler ABI.
third_party/tx8_deps/tx8-yoc-rt-thread-smp/lib/libkcorert.a,uart_console.c.o,uart_console,d,Dependency,rtos-board-dependency,RTThread/POSIX/board support dependency; not modeled as TX8 compiler ABI.
third_party/tx8_deps/tx8-yoc-rt-thread-smp/lib/libkcorert.a,uart_console.c.o,uart_console_deinit,T,Dependency,rtos-board-dependency,RTThread/POSIX/board support dependency; not modeled as TX8 compiler ABI.
third_party/tx8_deps/tx8-yoc-rt-thread-smp/lib/libkcorert.a,uart_console.c.o,uart_console_init,T,Dependency,rtos-board-dependency,RTThread/POSIX/board support dependency; not modeled as TX8 compiler ABI.
third_party/tx8_deps/tx8-yoc-rt-thread-smp/lib/libkcorert.a,uart_console.c.o,uart_console_read,T,Dependency,rtos-board-dependency,RTThread/POSIX/board support dependency; not modeled as TX8 compiler ABI.
third_party/tx8_deps/tx8-yoc-rt-thread-smp/lib/libkcorert.a,uart_console.c.o,uart_console_write,T,Dependency,rtos-board-dependency,RTThread/POSIX/board support dependency; not modeled as TX8 compiler ABI.
third_party/tx8_deps/tx8-yoc-rt-thread-smp/lib/libkcorert.a,uart_console.c.o,uart_input_read,W,Dependency,rtos-board-dependency,RTThread/POSIX/board support dependency; not modeled as TX8 compiler ABI.
third_party/tx8_deps/tx8-yoc-rt-thread-smp/lib/libkcorert.a,uart_drv.c.o,CSWTCH.15,r,Dependency,rtos-board-dependency,RTThread/POSIX/board support dependency; not modeled as TX8 compiler ABI.
third_party/tx8_deps/tx8-yoc-rt-thread-smp/lib/libkcorert.a,uart_drv.c.o,rvm_uart_drv_register,T,Dependency,rtos-board-dependency,RTThread/POSIX/board support dependency; not modeled as TX8 compiler ABI.
third_party/tx8_deps/tx8-yoc-rt-thread-smp/lib/libkcorert.a,uart_drv.c.o,uart_csky_clock,t,Dependency,rtos-board-dependency,RTThread/POSIX/board support dependency; not modeled as TX8 compiler ABI.
third_party/tx8_deps/tx8-yoc-rt-thread-smp/lib/libkcorert.a,uart_drv.c.o,uart_csky_close,t,Dependency,rtos-board-dependency,RTThread/POSIX/board support dependency; not modeled as TX8 compiler ABI.
third_party/tx8_deps/tx8-yoc-rt-thread-smp/lib/libkcorert.a,uart_drv.c.o,uart_csky_config,t,Dependency,rtos-board-dependency,RTThread/POSIX/board support dependency; not modeled as TX8 compiler ABI.
third_party/tx8_deps/tx8-yoc-rt-thread-smp/lib/libkcorert.a,uart_drv.c.o,uart_csky_config_get,t,Dependency,rtos-board-dependency,RTThread/POSIX/board support dependency; not modeled as TX8 compiler ABI.
third_party/tx8_deps/tx8-yoc-rt-thread-smp/lib/libkcorert.a,uart_drv.c.o,uart_csky_event,t,Dependency,rtos-board-dependency,RTThread/POSIX/board support dependency; not modeled as TX8 compiler ABI.
third_party/tx8_deps/tx8-yoc-rt-thread-smp/lib/libkcorert.a,uart_drv.c.o,uart_csky_init,t,Dependency,rtos-board-dependency,RTThread/POSIX/board support dependency; not modeled as TX8 compiler ABI.
third_party/tx8_deps/tx8-yoc-rt-thread-smp/lib/libkcorert.a,uart_drv.c.o,uart_csky_open,t,Dependency,rtos-board-dependency,RTThread/POSIX/board support dependency; not modeled as TX8 compiler ABI.
third_party/tx8_deps/tx8-yoc-rt-thread-smp/lib/libkcorert.a,uart_drv.c.o,uart_csky_recv,t,Dependency,rtos-board-dependency,RTThread/POSIX/board support dependency; not modeled as TX8 compiler ABI.
third_party/tx8_deps/tx8-yoc-rt-thread-smp/lib/libkcorert.a,uart_drv.c.o,uart_csky_recv_poll,t,Dependency,rtos-board-dependency,RTThread/POSIX/board support dependency; not modeled as TX8 compiler ABI.
third_party/tx8_deps/tx8-yoc-rt-thread-smp/lib/libkcorert.a,uart_drv.c.o,uart_csky_send,t,Dependency,rtos-board-dependency,RTThread/POSIX/board support dependency; not modeled as TX8 compiler ABI.
third_party/tx8_deps/tx8-yoc-rt-thread-smp/lib/libkcorert.a,uart_drv.c.o,uart_csky_send_poll,t,Dependency,rtos-board-dependency,RTThread/POSIX/board support dependency; not modeled as TX8 compiler ABI.
third_party/tx8_deps/tx8-yoc-rt-thread-smp/lib/libkcorert.a,uart_drv.c.o,uart_csky_set_buffer_size,t,Dependency,rtos-board-dependency,RTThread/POSIX/board support dependency; not modeled as TX8 compiler ABI.
third_party/tx8_deps/tx8-yoc-rt-thread-smp/lib/libkcorert.a,uart_drv.c.o,uart_csky_set_type,t,Dependency,rtos-board-dependency,RTThread/POSIX/board support dependency; not modeled as TX8 compiler ABI.
third_party/tx8_deps/tx8-yoc-rt-thread-smp/lib/libkcorert.a,uart_drv.c.o,uart_csky_trans_dma_enable,t,Dependency,rtos-board-dependency,RTThread/POSIX/board support dependency; not modeled as TX8 compiler ABI.
third_party/tx8_deps/tx8-yoc-rt-thread-smp/lib/libkcorert.a,uart_drv.c.o,uart_csky_trans_get_state,t,Dependency,rtos-board-dependency,RTThread/POSIX/board support dependency; not modeled as TX8 compiler ABI.
third_party/tx8_deps/tx8-yoc-rt-thread-smp/lib/libkcorert.a,uart_drv.c.o,uart_driver,d,Dependency,rtos-board-dependency,RTThread/POSIX/board support dependency; not modeled as TX8 compiler ABI.
third_party/tx8_deps/tx8-yoc-rt-thread-smp/lib/libkcorert.a,uart_drv.c.o,uart_shadow_list,b,Dependency,rtos-board-dependency,RTThread/POSIX/board support dependency; not modeled as TX8 compiler ABI.
third_party/tx8_deps/tx8-yoc-rt-thread-smp/lib/libkcorert.a,ulog.c.o,aos_get_log_level,T,Dependency,rtos-board-dependency,RTThread/POSIX/board support dependency; not modeled as TX8 compiler ABI.
third_party/tx8_deps/tx8-yoc-rt-thread-smp/lib/libkcorert.a,ulog.c.o,aos_log_hexdump,T,Dependency,rtos-board-dependency,RTThread/POSIX/board support dependency; not modeled as TX8 compiler ABI.
third_party/tx8_deps/tx8-yoc-rt-thread-smp/lib/libkcorert.a,ulog.c.o,aos_set_log_level,T,Dependency,rtos-board-dependency,RTThread/POSIX/board support dependency; not modeled as TX8 compiler ABI.
third_party/tx8_deps/tx8-yoc-rt-thread-smp/lib/libkcorert.a,ulog.c.o,check_pass_pop_out,T,Dependency,rtos-board-dependency,RTThread/POSIX/board support dependency; not modeled as TX8 compiler ABI.
third_party/tx8_deps/tx8-yoc-rt-thread-smp/lib/libkcorert.a,ulog.c.o,get_sync_stop_level,T,Dependency,rtos-board-dependency,RTThread/POSIX/board support dependency; not modeled as TX8 compiler ABI.
third_party/tx8_deps/tx8-yoc-rt-thread-smp/lib/libkcorert.a,ulog.c.o,on_filter_change,T,Dependency,rtos-board-dependency,RTThread/POSIX/board support dependency; not modeled as TX8 compiler ABI.
third_party/tx8_deps/tx8-yoc-rt-thread-smp/lib/libkcorert.a,ulog.c.o,on_filter_level_changes,T,Dependency,rtos-board-dependency,RTThread/POSIX/board support dependency; not modeled as TX8 compiler ABI.
third_party/tx8_deps/tx8-yoc-rt-thread-smp/lib/libkcorert.a,ulog.c.o,on_sync_filter_level_change,T,Dependency,rtos-board-dependency,RTThread/POSIX/board support dependency; not modeled as TX8 compiler ABI.
third_party/tx8_deps/tx8-yoc-rt-thread-smp/lib/libkcorert.a,ulog.c.o,push_stop_filter_level,b,Dependency,rtos-board-dependency,RTThread/POSIX/board support dependency; not modeled as TX8 compiler ABI.
third_party/tx8_deps/tx8-yoc-rt-thread-smp/lib/libkcorert.a,ulog.c.o,serverity_name,r,Dependency,rtos-board-dependency,RTThread/POSIX/board support dependency; not modeled as TX8 compiler ABI.
third_party/tx8_deps/tx8-yoc-rt-thread-smp/lib/libkcorert.a,ulog.c.o,stop_filter_level,d,Dependency,rtos-board-dependency,RTThread/POSIX/board support dependency; not modeled as TX8 compiler ABI.
third_party/tx8_deps/tx8-yoc-rt-thread-smp/lib/libkcorert.a,ulog.c.o,ulog,T,Dependency,rtos-board-dependency,RTThread/POSIX/board support dependency; not modeled as TX8 compiler ABI.
third_party/tx8_deps/tx8-yoc-rt-thread-smp/lib/libkcorert.a,ulog.c.o,ulog_flush,T,Dependency,rtos-board-dependency,RTThread/POSIX/board support dependency; not modeled as TX8 compiler ABI.
third_party/tx8_deps/tx8-yoc-rt-thread-smp/lib/libkcorert.a,ulog.c.o,ulog_stop_filter_level,T,Dependency,rtos-board-dependency,RTThread/POSIX/board support dependency; not modeled as TX8 compiler ABI.
third_party/tx8_deps/tx8-yoc-rt-thread-smp/lib/libkcorert.a,ulog_init.c.o,log_init,B,Dependency,rtos-board-dependency,RTThread/POSIX/board support dependency; not modeled as TX8 compiler ABI.
third_party/tx8_deps/tx8-yoc-rt-thread-smp/lib/libkcorert.a,ulog_init.c.o,ulog_init,T,Dependency,rtos-board-dependency,RTThread/POSIX/board support dependency; not modeled as TX8 compiler ABI.
third_party/tx8_deps/tx8-yoc-rt-thread-smp/lib/libkcorert.a,ulog_utility.c.o,log_get_mutex,T,Dependency,rtos-board-dependency,RTThread/POSIX/board support dependency; not modeled as TX8 compiler ABI.
third_party/tx8_deps/tx8-yoc-rt-thread-smp/lib/libkcorert.a,ulog_utility.c.o,log_init_mutex,T,Dependency,rtos-board-dependency,RTThread/POSIX/board support dependency; not modeled as TX8 compiler ABI.
third_party/tx8_deps/tx8-yoc-rt-thread-smp/lib/libkcorert.a,ulog_utility.c.o,log_mutex,b,Dependency,rtos-board-dependency,RTThread/POSIX/board support dependency; not modeled as TX8 compiler ABI.
third_party/tx8_deps/tx8-yoc-rt-thread-smp/lib/libkcorert.a,ulog_utility.c.o,log_release_mutex,T,Dependency,rtos-board-dependency,RTThread/POSIX/board support dependency; not modeled as TX8 compiler ABI.
third_party/tx8_deps/tx8-yoc-rt-thread-smp/lib/libkcorert.a,ulog_utility.c.o,trim_file_path,T,Dependency,rtos-board-dependency,RTThread/POSIX/board support dependency; not modeled as TX8 compiler ABI.
third_party/tx8_deps/tx8-yoc-rt-thread-smp/lib/libkcorert.a,ulog_utility.c.o,ulog_format_time,T,Dependency,rtos-board-dependency,RTThread/POSIX/board support dependency; not modeled as TX8 compiler ABI.
third_party/tx8_deps/tx8-yoc-rt-thread-smp/lib/libkcorert.a,ulog_utility.c.o,ulog_man,T,Dependency,rtos-board-dependency,RTThread/POSIX/board support dependency; not modeled as TX8 compiler ABI.
third_party/tx8_deps/tx8-yoc-rt-thread-smp/lib/libkcorert.a,ustdio.c.o,fgetc,T,Dependency,rtos-board-dependency,RTThread/POSIX/board support dependency; not modeled as TX8 compiler ABI.
third_party/tx8_deps/tx8-yoc-rt-thread-smp/lib/libkcorert.a,ustdio.c.o,fputc,T,Dependency,rtos-board-dependency,RTThread/POSIX/board support dependency; not modeled as TX8 compiler ABI.
third_party/tx8_deps/tx8-yoc-rt-thread-smp/lib/libkcorert.a,ustdio.c.o,g_current_inputs,B,Dependency,rtos-board-dependency,RTThread/POSIX/board support dependency; not modeled as TX8 compiler ABI.
third_party/tx8_deps/tx8-yoc-rt-thread-smp/lib/libkcorert.a,ustdio.c.o,g_current_outputs,B,Dependency,rtos-board-dependency,RTThread/POSIX/board support dependency; not modeled as TX8 compiler ABI.
third_party/tx8_deps/tx8-yoc-rt-thread-smp/lib/libkcorert.a,vectors.S.o,CORET_IRQHandler,W,Dependency,rtos-board-dependency,RTThread/POSIX/board support dependency; not modeled as TX8 compiler ABI.
third_party/tx8_deps/tx8-yoc-rt-thread-smp/lib/libkcorert.a,vectors.S.o,Default_Handler,W,Dependency,rtos-board-dependency,RTThread/POSIX/board support dependency; not modeled as TX8 compiler ABI.
third_party/tx8_deps/tx8-yoc-rt-thread-smp/lib/libkcorert.a,vectors.S.o,ECC_L1_Handler,W,Dependency,rtos-board-dependency,RTThread/POSIX/board support dependency; not modeled as TX8 compiler ABI.
third_party/tx8_deps/tx8-yoc-rt-thread-smp/lib/libkcorert.a,vectors.S.o,Mcoret_Handler,W,Dependency,rtos-board-dependency,RTThread/POSIX/board support dependency; not modeled as TX8 compiler ABI.
third_party/tx8_deps/tx8-yoc-rt-thread-smp/lib/libkcorert.a,vectors.S.o,Mirq_Handler,W,Dependency,rtos-board-dependency,RTThread/POSIX/board support dependency; not modeled as TX8 compiler ABI.
third_party/tx8_deps/tx8-yoc-rt-thread-smp/lib/libkcorert.a,vectors.S.o,Mtspend_Handler,W,Dependency,rtos-board-dependency,RTThread/POSIX/board support dependency; not modeled as TX8 compiler ABI.
third_party/tx8_deps/tx8-yoc-rt-thread-smp/lib/libkcorert.a,vectors.S.o,Scoret_Handler,W,Dependency,rtos-board-dependency,RTThread/POSIX/board support dependency; not modeled as TX8 compiler ABI.
third_party/tx8_deps/tx8-yoc-rt-thread-smp/lib/libkcorert.a,vectors.S.o,Sirq_Handler,W,Dependency,rtos-board-dependency,RTThread/POSIX/board support dependency; not modeled as TX8 compiler ABI.
third_party/tx8_deps/tx8-yoc-rt-thread-smp/lib/libkcorert.a,vectors.S.o,Stspend_Handler,W,Dependency,rtos-board-dependency,RTThread/POSIX/board support dependency; not modeled as TX8 compiler ABI.
third_party/tx8_deps/tx8-yoc-rt-thread-smp/lib/libkcorert.a,vectors.S.o,_interrupt_return_address,T,Dependency,rtos-board-dependency,RTThread/POSIX/board support dependency; not modeled as TX8 compiler ABI.
third_party/tx8_deps/tx8-yoc-rt-thread-smp/lib/libkcorert.a,vectors.S.o,g_top_trapstack,N,Dependency,rtos-board-dependency,RTThread/POSIX/board support dependency; not modeled as TX8 compiler ABI.
third_party/tx8_deps/tx8-yoc-rt-thread-smp/lib/libkcorert.a,vectors.S.o,g_trapstackbase,N,Dependency,rtos-board-dependency,RTThread/POSIX/board support dependency; not modeled as TX8 compiler ABI.
third_party/tx8_deps/tx8-yoc-rt-thread-smp/lib/libkcorert.a,vectors.S.o,trap,T,Dependency,rtos-board-dependency,RTThread/POSIX/board support dependency; not modeled as TX8 compiler ABI.
third_party/tx8_deps/tx8-yoc-rt-thread-smp/lib/libkcorert.a,vfs.c.o,g_current_working_directory,B,Dependency,rtos-board-dependency,RTThread/POSIX/board support dependency; not modeled as TX8 compiler ABI.
third_party/tx8_deps/tx8-yoc-rt-thread-smp/lib/libkcorert.a,vfs.c.o,g_stdio_lock_ptr,b,Dependency,rtos-board-dependency,RTThread/POSIX/board support dependency; not modeled as TX8 compiler ABI.
third_party/tx8_deps/tx8-yoc-rt-thread-smp/lib/libkcorert.a,vfs.c.o,g_vfs_init,b,Dependency,rtos-board-dependency,RTThread/POSIX/board support dependency; not modeled as TX8 compiler ABI.
third_party/tx8_deps/tx8-yoc-rt-thread-smp/lib/libkcorert.a,vfs.c.o,g_vfs_lock_ptr,b,Dependency,rtos-board-dependency,RTThread/POSIX/board support dependency; not modeled as TX8 compiler ABI.
third_party/tx8_deps/tx8-yoc-rt-thread-smp/lib/libkcorert.a,vfs.c.o,stdio_redirect_fd,d,Dependency,rtos-board-dependency,RTThread/POSIX/board support dependency; not modeled as TX8 compiler ABI.
third_party/tx8_deps/tx8-yoc-rt-thread-smp/lib/libkcorert.a,vfs.c.o,vfs_access,T,Dependency,rtos-board-dependency,RTThread/POSIX/board support dependency; not modeled as TX8 compiler ABI.
third_party/tx8_deps/tx8-yoc-rt-thread-smp/lib/libkcorert.a,vfs.c.o,vfs_allsync,T,Dependency,rtos-board-dependency,RTThread/POSIX/board support dependency; not modeled as TX8 compiler ABI.
third_party/tx8_deps/tx8-yoc-rt-thread-smp/lib/libkcorert.a,vfs.c.o,vfs_chdir,T,Dependency,rtos-board-dependency,RTThread/POSIX/board support dependency; not modeled as TX8 compiler ABI.
third_party/tx8_deps/tx8-yoc-rt-thread-smp/lib/libkcorert.a,vfs.c.o,vfs_close,T,Dependency,rtos-board-dependency,RTThread/POSIX/board support dependency; not modeled as TX8 compiler ABI.
third_party/tx8_deps/tx8-yoc-rt-thread-smp/lib/libkcorert.a,vfs.c.o,vfs_closedir,T,Dependency,rtos-board-dependency,RTThread/POSIX/board support dependency; not modeled as TX8 compiler ABI.
third_party/tx8_deps/tx8-yoc-rt-thread-smp/lib/libkcorert.a,vfs.c.o,vfs_do_pollfd,T,Dependency,rtos-board-dependency,RTThread/POSIX/board support dependency; not modeled as TX8 compiler ABI.
third_party/tx8_deps/tx8-yoc-rt-thread-smp/lib/libkcorert.a,vfs.c.o,vfs_dup,T,Dependency,rtos-board-dependency,RTThread/POSIX/board support dependency; not modeled as TX8 compiler ABI.
third_party/tx8_deps/tx8-yoc-rt-thread-smp/lib/libkcorert.a,vfs.c.o,vfs_dup2,T,Dependency,rtos-board-dependency,RTThread/POSIX/board support dependency; not modeled as TX8 compiler ABI.
third_party/tx8_deps/tx8-yoc-rt-thread-smp/lib/libkcorert.a,vfs.c.o,vfs_fcntl,T,Dependency,rtos-board-dependency,RTThread/POSIX/board support dependency; not modeled as TX8 compiler ABI.
third_party/tx8_deps/tx8-yoc-rt-thread-smp/lib/libkcorert.a,vfs.c.o,vfs_fd_offset_get,T,Dependency,rtos-board-dependency,RTThread/POSIX/board support dependency; not modeled as TX8 compiler ABI.
third_party/tx8_deps/tx8-yoc-rt-thread-smp/lib/libkcorert.a,vfs.c.o,vfs_fpathconf,T,Dependency,rtos-board-dependency,RTThread/POSIX/board support dependency; not modeled as TX8 compiler ABI.
third_party/tx8_deps/tx8-yoc-rt-thread-smp/lib/libkcorert.a,vfs.c.o,vfs_fstat,T,Dependency,rtos-board-dependency,RTThread/POSIX/board support dependency; not modeled as TX8 compiler ABI.
third_party/tx8_deps/tx8-yoc-rt-thread-smp/lib/libkcorert.a,vfs.c.o,vfs_ftruncate,T,Dependency,rtos-board-dependency,RTThread/POSIX/board support dependency; not modeled as TX8 compiler ABI.
third_party/tx8_deps/tx8-yoc-rt-thread-smp/lib/libkcorert.a,vfs.c.o,vfs_get_node_name,T,Dependency,rtos-board-dependency,RTThread/POSIX/board support dependency; not modeled as TX8 compiler ABI.
third_party/tx8_deps/tx8-yoc-rt-thread-smp/lib/libkcorert.a,vfs.c.o,vfs_getcwd,T,Dependency,rtos-board-dependency,RTThread/POSIX/board support dependency; not modeled as TX8 compiler ABI.
third_party/tx8_deps/tx8-yoc-rt-thread-smp/lib/libkcorert.a,vfs.c.o,vfs_init,T,Dependency,rtos-board-dependency,RTThread/POSIX/board support dependency; not modeled as TX8 compiler ABI.
third_party/tx8_deps/tx8-yoc-rt-thread-smp/lib/libkcorert.a,vfs.c.o,vfs_ioctl,T,Dependency,rtos-board-dependency,RTThread/POSIX/board support dependency; not modeled as TX8 compiler ABI.
third_party/tx8_deps/tx8-yoc-rt-thread-smp/lib/libkcorert.a,vfs.c.o,vfs_link,T,Dependency,rtos-board-dependency,RTThread/POSIX/board support dependency; not modeled as TX8 compiler ABI.
third_party/tx8_deps/tx8-yoc-rt-thread-smp/lib/libkcorert.a,vfs.c.o,vfs_list,T,Dependency,rtos-board-dependency,RTThread/POSIX/board support dependency; not modeled as TX8 compiler ABI.
third_party/tx8_deps/tx8-yoc-rt-thread-smp/lib/libkcorert.a,vfs.c.o,vfs_lseek,T,Dependency,rtos-board-dependency,RTThread/POSIX/board support dependency; not modeled as TX8 compiler ABI.
third_party/tx8_deps/tx8-yoc-rt-thread-smp/lib/libkcorert.a,vfs.c.o,vfs_mkdir,T,Dependency,rtos-board-dependency,RTThread/POSIX/board support dependency; not modeled as TX8 compiler ABI.
third_party/tx8_deps/tx8-yoc-rt-thread-smp/lib/libkcorert.a,vfs.c.o,vfs_open,T,Dependency,rtos-board-dependency,RTThread/POSIX/board support dependency; not modeled as TX8 compiler ABI.
third_party/tx8_deps/tx8-yoc-rt-thread-smp/lib/libkcorert.a,vfs.c.o,vfs_opendir,T,Dependency,rtos-board-dependency,RTThread/POSIX/board support dependency; not modeled as TX8 compiler ABI.
third_party/tx8_deps/tx8-yoc-rt-thread-smp/lib/libkcorert.a,vfs.c.o,vfs_pathconf,T,Dependency,rtos-board-dependency,RTThread/POSIX/board support dependency; not modeled as TX8 compiler ABI.
third_party/tx8_deps/tx8-yoc-rt-thread-smp/lib/libkcorert.a,vfs.c.o,vfs_read,T,Dependency,rtos-board-dependency,RTThread/POSIX/board support dependency; not modeled as TX8 compiler ABI.
third_party/tx8_deps/tx8-yoc-rt-thread-smp/lib/libkcorert.a,vfs.c.o,vfs_readdir,T,Dependency,rtos-board-dependency,RTThread/POSIX/board support dependency; not modeled as TX8 compiler ABI.
third_party/tx8_deps/tx8-yoc-rt-thread-smp/lib/libkcorert.a,vfs.c.o,vfs_register_driver,T,Dependency,rtos-board-dependency,RTThread/POSIX/board support dependency; not modeled as TX8 compiler ABI.
third_party/tx8_deps/tx8-yoc-rt-thread-smp/lib/libkcorert.a,vfs.c.o,vfs_register_fs,T,Dependency,rtos-board-dependency,RTThread/POSIX/board support dependency; not modeled as TX8 compiler ABI.
third_party/tx8_deps/tx8-yoc-rt-thread-smp/lib/libkcorert.a,vfs.c.o,vfs_remove,T,Dependency,rtos-board-dependency,RTThread/POSIX/board support dependency; not modeled as TX8 compiler ABI.
third_party/tx8_deps/tx8-yoc-rt-thread-smp/lib/libkcorert.a,vfs.c.o,vfs_rename,T,Dependency,rtos-board-dependency,RTThread/POSIX/board support dependency; not modeled as TX8 compiler ABI.
third_party/tx8_deps/tx8-yoc-rt-thread-smp/lib/libkcorert.a,vfs.c.o,vfs_rewinddir,T,Dependency,rtos-board-dependency,RTThread/POSIX/board support dependency; not modeled as TX8 compiler ABI.
third_party/tx8_deps/tx8-yoc-rt-thread-smp/lib/libkcorert.a,vfs.c.o,vfs_rmdir,T,Dependency,rtos-board-dependency,RTThread/POSIX/board support dependency; not modeled as TX8 compiler ABI.
third_party/tx8_deps/tx8-yoc-rt-thread-smp/lib/libkcorert.a,vfs.c.o,vfs_seekdir,T,Dependency,rtos-board-dependency,RTThread/POSIX/board support dependency; not modeled as TX8 compiler ABI.
third_party/tx8_deps/tx8-yoc-rt-thread-smp/lib/libkcorert.a,vfs.c.o,vfs_stat,T,Dependency,rtos-board-dependency,RTThread/POSIX/board support dependency; not modeled as TX8 compiler ABI.
third_party/tx8_deps/tx8-yoc-rt-thread-smp/lib/libkcorert.a,vfs.c.o,vfs_statfs,T,Dependency,rtos-board-dependency,RTThread/POSIX/board support dependency; not modeled as TX8 compiler ABI.
third_party/tx8_deps/tx8-yoc-rt-thread-smp/lib/libkcorert.a,vfs.c.o,vfs_sync,T,Dependency,rtos-board-dependency,RTThread/POSIX/board support dependency; not modeled as TX8 compiler ABI.
third_party/tx8_deps/tx8-yoc-rt-thread-smp/lib/libkcorert.a,vfs.c.o,vfs_telldir,T,Dependency,rtos-board-dependency,RTThread/POSIX/board support dependency; not modeled as TX8 compiler ABI.
third_party/tx8_deps/tx8-yoc-rt-thread-smp/lib/libkcorert.a,vfs.c.o,vfs_truncate,T,Dependency,rtos-board-dependency,RTThread/POSIX/board support dependency; not modeled as TX8 compiler ABI.
third_party/tx8_deps/tx8-yoc-rt-thread-smp/lib/libkcorert.a,vfs.c.o,vfs_unlink,T,Dependency,rtos-board-dependency,RTThread/POSIX/board support dependency; not modeled as TX8 compiler ABI.
third_party/tx8_deps/tx8-yoc-rt-thread-smp/lib/libkcorert.a,vfs.c.o,vfs_unregister_driver,T,Dependency,rtos-board-dependency,RTThread/POSIX/board support dependency; not modeled as TX8 compiler ABI.
third_party/tx8_deps/tx8-yoc-rt-thread-smp/lib/libkcorert.a,vfs.c.o,vfs_unregister_fs,T,Dependency,rtos-board-dependency,RTThread/POSIX/board support dependency; not modeled as TX8 compiler ABI.
third_party/tx8_deps/tx8-yoc-rt-thread-smp/lib/libkcorert.a,vfs.c.o,vfs_utime,T,Dependency,rtos-board-dependency,RTThread/POSIX/board support dependency; not modeled as TX8 compiler ABI.
third_party/tx8_deps/tx8-yoc-rt-thread-smp/lib/libkcorert.a,vfs.c.o,vfs_write,T,Dependency,rtos-board-dependency,RTThread/POSIX/board support dependency; not modeled as TX8 compiler ABI.
third_party/tx8_deps/tx8-yoc-rt-thread-smp/lib/libkcorert.a,vfs_adapt.c.o,vfs_free,T,Dependency,rtos-board-dependency,RTThread/POSIX/board support dependency; not modeled as TX8 compiler ABI.
third_party/tx8_deps/tx8-yoc-rt-thread-smp/lib/libkcorert.a,vfs_adapt.c.o,vfs_lock,T,Dependency,rtos-board-dependency,RTThread/POSIX/board support dependency; not modeled as TX8 compiler ABI.
third_party/tx8_deps/tx8-yoc-rt-thread-smp/lib/libkcorert.a,vfs_adapt.c.o,vfs_lock_create,T,Dependency,rtos-board-dependency,RTThread/POSIX/board support dependency; not modeled as TX8 compiler ABI.
third_party/tx8_deps/tx8-yoc-rt-thread-smp/lib/libkcorert.a,vfs_adapt.c.o,vfs_lock_free,T,Dependency,rtos-board-dependency,RTThread/POSIX/board support dependency; not modeled as TX8 compiler ABI.
third_party/tx8_deps/tx8-yoc-rt-thread-smp/lib/libkcorert.a,vfs_adapt.c.o,vfs_malloc,T,Dependency,rtos-board-dependency,RTThread/POSIX/board support dependency; not modeled as TX8 compiler ABI.
third_party/tx8_deps/tx8-yoc-rt-thread-smp/lib/libkcorert.a,vfs_adapt.c.o,vfs_unlock,T,Dependency,rtos-board-dependency,RTThread/POSIX/board support dependency; not modeled as TX8 compiler ABI.
third_party/tx8_deps/tx8-yoc-rt-thread-smp/lib/libkcorert.a,vfs_aos.c.o,aos_access,T,Dependency,rtos-board-dependency,RTThread/POSIX/board support dependency; not modeled as TX8 compiler ABI.
third_party/tx8_deps/tx8-yoc-rt-thread-smp/lib/libkcorert.a,vfs_aos.c.o,aos_allsync,T,Dependency,rtos-board-dependency,RTThread/POSIX/board support dependency; not modeled as TX8 compiler ABI.
third_party/tx8_deps/tx8-yoc-rt-thread-smp/lib/libkcorert.a,vfs_aos.c.o,aos_chdir,T,Dependency,rtos-board-dependency,RTThread/POSIX/board support dependency; not modeled as TX8 compiler ABI.
third_party/tx8_deps/tx8-yoc-rt-thread-smp/lib/libkcorert.a,vfs_aos.c.o,aos_close,T,Dependency,rtos-board-dependency,RTThread/POSIX/board support dependency; not modeled as TX8 compiler ABI.
third_party/tx8_deps/tx8-yoc-rt-thread-smp/lib/libkcorert.a,vfs_aos.c.o,aos_closedir,T,Dependency,rtos-board-dependency,RTThread/POSIX/board support dependency; not modeled as TX8 compiler ABI.
third_party/tx8_deps/tx8-yoc-rt-thread-smp/lib/libkcorert.a,vfs_aos.c.o,aos_do_pollfd,T,Dependency,rtos-board-dependency,RTThread/POSIX/board support dependency; not modeled as TX8 compiler ABI.
third_party/tx8_deps/tx8-yoc-rt-thread-smp/lib/libkcorert.a,vfs_aos.c.o,aos_fcntl,T,Dependency,rtos-board-dependency,RTThread/POSIX/board support dependency; not modeled as TX8 compiler ABI.
third_party/tx8_deps/tx8-yoc-rt-thread-smp/lib/libkcorert.a,vfs_aos.c.o,aos_fpathconf,T,Dependency,rtos-board-dependency,RTThread/POSIX/board support dependency; not modeled as TX8 compiler ABI.
third_party/tx8_deps/tx8-yoc-rt-thread-smp/lib/libkcorert.a,vfs_aos.c.o,aos_fstat,T,Dependency,rtos-board-dependency,RTThread/POSIX/board support dependency; not modeled as TX8 compiler ABI.
third_party/tx8_deps/tx8-yoc-rt-thread-smp/lib/libkcorert.a,vfs_aos.c.o,aos_ftruncate,T,Dependency,rtos-board-dependency,RTThread/POSIX/board support dependency; not modeled as TX8 compiler ABI.
third_party/tx8_deps/tx8-yoc-rt-thread-smp/lib/libkcorert.a,vfs_aos.c.o,aos_getcwd,T,Dependency,rtos-board-dependency,RTThread/POSIX/board support dependency; not modeled as TX8 compiler ABI.
third_party/tx8_deps/tx8-yoc-rt-thread-smp/lib/libkcorert.a,vfs_aos.c.o,aos_ioctl,T,Dependency,rtos-board-dependency,RTThread/POSIX/board support dependency; not modeled as TX8 compiler ABI.
third_party/tx8_deps/tx8-yoc-rt-thread-smp/lib/libkcorert.a,vfs_aos.c.o,aos_link,T,Dependency,rtos-board-dependency,RTThread/POSIX/board support dependency; not modeled as TX8 compiler ABI.
third_party/tx8_deps/tx8-yoc-rt-thread-smp/lib/libkcorert.a,vfs_aos.c.o,aos_lseek,T,Dependency,rtos-board-dependency,RTThread/POSIX/board support dependency; not modeled as TX8 compiler ABI.
third_party/tx8_deps/tx8-yoc-rt-thread-smp/lib/libkcorert.a,vfs_aos.c.o,aos_mkdir,T,Dependency,rtos-board-dependency,RTThread/POSIX/board support dependency; not modeled as TX8 compiler ABI.
third_party/tx8_deps/tx8-yoc-rt-thread-smp/lib/libkcorert.a,vfs_aos.c.o,aos_open,T,Dependency,rtos-board-dependency,RTThread/POSIX/board support dependency; not modeled as TX8 compiler ABI.
third_party/tx8_deps/tx8-yoc-rt-thread-smp/lib/libkcorert.a,vfs_aos.c.o,aos_opendir,T,Dependency,rtos-board-dependency,RTThread/POSIX/board support dependency; not modeled as TX8 compiler ABI.
third_party/tx8_deps/tx8-yoc-rt-thread-smp/lib/libkcorert.a,vfs_aos.c.o,aos_pathconf,T,Dependency,rtos-board-dependency,RTThread/POSIX/board support dependency; not modeled as TX8 compiler ABI.
third_party/tx8_deps/tx8-yoc-rt-thread-smp/lib/libkcorert.a,vfs_aos.c.o,aos_read,T,Dependency,rtos-board-dependency,RTThread/POSIX/board support dependency; not modeled as TX8 compiler ABI.
third_party/tx8_deps/tx8-yoc-rt-thread-smp/lib/libkcorert.a,vfs_aos.c.o,aos_readdir,T,Dependency,rtos-board-dependency,RTThread/POSIX/board support dependency; not modeled as TX8 compiler ABI.
third_party/tx8_deps/tx8-yoc-rt-thread-smp/lib/libkcorert.a,vfs_aos.c.o,aos_register_driver,T,Dependency,rtos-board-dependency,RTThread/POSIX/board support dependency; not modeled as TX8 compiler ABI.
third_party/tx8_deps/tx8-yoc-rt-thread-smp/lib/libkcorert.a,vfs_aos.c.o,aos_register_fs,T,Dependency,rtos-board-dependency,RTThread/POSIX/board support dependency; not modeled as TX8 compiler ABI.
third_party/tx8_deps/tx8-yoc-rt-thread-smp/lib/libkcorert.a,vfs_aos.c.o,aos_remove,T,Dependency,rtos-board-dependency,RTThread/POSIX/board support dependency; not modeled as TX8 compiler ABI.
third_party/tx8_deps/tx8-yoc-rt-thread-smp/lib/libkcorert.a,vfs_aos.c.o,aos_rename,T,Dependency,rtos-board-dependency,RTThread/POSIX/board support dependency; not modeled as TX8 compiler ABI.
third_party/tx8_deps/tx8-yoc-rt-thread-smp/lib/libkcorert.a,vfs_aos.c.o,aos_rewinddir,T,Dependency,rtos-board-dependency,RTThread/POSIX/board support dependency; not modeled as TX8 compiler ABI.
third_party/tx8_deps/tx8-yoc-rt-thread-smp/lib/libkcorert.a,vfs_aos.c.o,aos_rmdir,T,Dependency,rtos-board-dependency,RTThread/POSIX/board support dependency; not modeled as TX8 compiler ABI.
third_party/tx8_deps/tx8-yoc-rt-thread-smp/lib/libkcorert.a,vfs_aos.c.o,aos_seekdir,T,Dependency,rtos-board-dependency,RTThread/POSIX/board support dependency; not modeled as TX8 compiler ABI.
third_party/tx8_deps/tx8-yoc-rt-thread-smp/lib/libkcorert.a,vfs_aos.c.o,aos_stat,T,Dependency,rtos-board-dependency,RTThread/POSIX/board support dependency; not modeled as TX8 compiler ABI.
third_party/tx8_deps/tx8-yoc-rt-thread-smp/lib/libkcorert.a,vfs_aos.c.o,aos_statfs,T,Dependency,rtos-board-dependency,RTThread/POSIX/board support dependency; not modeled as TX8 compiler ABI.
third_party/tx8_deps/tx8-yoc-rt-thread-smp/lib/libkcorert.a,vfs_aos.c.o,aos_sync,T,Dependency,rtos-board-dependency,RTThread/POSIX/board support dependency; not modeled as TX8 compiler ABI.
third_party/tx8_deps/tx8-yoc-rt-thread-smp/lib/libkcorert.a,vfs_aos.c.o,aos_telldir,T,Dependency,rtos-board-dependency,RTThread/POSIX/board support dependency; not modeled as TX8 compiler ABI.
third_party/tx8_deps/tx8-yoc-rt-thread-smp/lib/libkcorert.a,vfs_aos.c.o,aos_truncate,T,Dependency,rtos-board-dependency,RTThread/POSIX/board support dependency; not modeled as TX8 compiler ABI.
third_party/tx8_deps/tx8-yoc-rt-thread-smp/lib/libkcorert.a,vfs_aos.c.o,aos_unlink,T,Dependency,rtos-board-dependency,RTThread/POSIX/board support dependency; not modeled as TX8 compiler ABI.
third_party/tx8_deps/tx8-yoc-rt-thread-smp/lib/libkcorert.a,vfs_aos.c.o,aos_unregister_driver,T,Dependency,rtos-board-dependency,RTThread/POSIX/board support dependency; not modeled as TX8 compiler ABI.
third_party/tx8_deps/tx8-yoc-rt-thread-smp/lib/libkcorert.a,vfs_aos.c.o,aos_unregister_fs,T,Dependency,rtos-board-dependency,RTThread/POSIX/board support dependency; not modeled as TX8 compiler ABI.
third_party/tx8_deps/tx8-yoc-rt-thread-smp/lib/libkcorert.a,vfs_aos.c.o,aos_utime,T,Dependency,rtos-board-dependency,RTThread/POSIX/board support dependency; not modeled as TX8 compiler ABI.
third_party/tx8_deps/tx8-yoc-rt-thread-smp/lib/libkcorert.a,vfs_aos.c.o,aos_vfs_fd_offset_get,T,Dependency,rtos-board-dependency,RTThread/POSIX/board support dependency; not modeled as TX8 compiler ABI.
third_party/tx8_deps/tx8-yoc-rt-thread-smp/lib/libkcorert.a,vfs_aos.c.o,aos_vfs_init,T,Dependency,rtos-board-dependency,RTThread/POSIX/board support dependency; not modeled as TX8 compiler ABI.
third_party/tx8_deps/tx8-yoc-rt-thread-smp/lib/libkcorert.a,vfs_aos.c.o,aos_write,T,Dependency,rtos-board-dependency,RTThread/POSIX/board support dependency; not modeled as TX8 compiler ABI.
third_party/tx8_deps/tx8-yoc-rt-thread-smp/lib/libkcorert.a,vfs_file.c.o,g_files,b,Dependency,rtos-board-dependency,RTThread/POSIX/board support dependency; not modeled as TX8 compiler ABI.
third_party/tx8_deps/tx8-yoc-rt-thread-smp/lib/libkcorert.a,vfs_file.c.o,g_opened_fd_bitmap,b,Dependency,rtos-board-dependency,RTThread/POSIX/board support dependency; not modeled as TX8 compiler ABI.
third_party/tx8_deps/tx8-yoc-rt-thread-smp/lib/libkcorert.a,vfs_file.c.o,vfs_fd_get,T,Dependency,rtos-board-dependency,RTThread/POSIX/board support dependency; not modeled as TX8 compiler ABI.
third_party/tx8_deps/tx8-yoc-rt-thread-smp/lib/libkcorert.a,vfs_file.c.o,vfs_fd_is_open,T,Dependency,rtos-board-dependency,RTThread/POSIX/board support dependency; not modeled as TX8 compiler ABI.
third_party/tx8_deps/tx8-yoc-rt-thread-smp/lib/libkcorert.a,vfs_file.c.o,vfs_fd_mark_close,T,Dependency,rtos-board-dependency,RTThread/POSIX/board support dependency; not modeled as TX8 compiler ABI.
third_party/tx8_deps/tx8-yoc-rt-thread-smp/lib/libkcorert.a,vfs_file.c.o,vfs_fd_mark_open,T,Dependency,rtos-board-dependency,RTThread/POSIX/board support dependency; not modeled as TX8 compiler ABI.
third_party/tx8_deps/tx8-yoc-rt-thread-smp/lib/libkcorert.a,vfs_file.c.o,vfs_file_del,T,Dependency,rtos-board-dependency,RTThread/POSIX/board support dependency; not modeled as TX8 compiler ABI.
third_party/tx8_deps/tx8-yoc-rt-thread-smp/lib/libkcorert.a,vfs_file.c.o,vfs_file_get,T,Dependency,rtos-board-dependency,RTThread/POSIX/board support dependency; not modeled as TX8 compiler ABI.
third_party/tx8_deps/tx8-yoc-rt-thread-smp/lib/libkcorert.a,vfs_file.c.o,vfs_file_get2,T,Dependency,rtos-board-dependency,RTThread/POSIX/board support dependency; not modeled as TX8 compiler ABI.
third_party/tx8_deps/tx8-yoc-rt-thread-smp/lib/libkcorert.a,vfs_file.c.o,vfs_file_new,T,Dependency,rtos-board-dependency,RTThread/POSIX/board support dependency; not modeled as TX8 compiler ABI.
third_party/tx8_deps/tx8-yoc-rt-thread-smp/lib/libkcorert.a,vfs_inode.c.o,g_vfs_nodes,b,Dependency,rtos-board-dependency,RTThread/POSIX/board support dependency; not modeled as TX8 compiler ABI.
third_party/tx8_deps/tx8-yoc-rt-thread-smp/lib/libkcorert.a,vfs_inode.c.o,vfs_get_match_dev_node,T,Dependency,rtos-board-dependency,RTThread/POSIX/board support dependency; not modeled as TX8 compiler ABI.
third_party/tx8_deps/tx8-yoc-rt-thread-smp/lib/libkcorert.a,vfs_inode.c.o,vfs_inode_alloc,T,Dependency,rtos-board-dependency,RTThread/POSIX/board support dependency; not modeled as TX8 compiler ABI.
third_party/tx8_deps/tx8-yoc-rt-thread-smp/lib/libkcorert.a,vfs_inode.c.o,vfs_inode_avail_count,T,Dependency,rtos-board-dependency,RTThread/POSIX/board support dependency; not modeled as TX8 compiler ABI.
third_party/tx8_deps/tx8-yoc-rt-thread-smp/lib/libkcorert.a,vfs_inode.c.o,vfs_inode_busy,T,Dependency,rtos-board-dependency,RTThread/POSIX/board support dependency; not modeled as TX8 compiler ABI.
third_party/tx8_deps/tx8-yoc-rt-thread-smp/lib/libkcorert.a,vfs_inode.c.o,vfs_inode_busy_by_name,T,Dependency,rtos-board-dependency,RTThread/POSIX/board support dependency; not modeled as TX8 compiler ABI.
third_party/tx8_deps/tx8-yoc-rt-thread-smp/lib/libkcorert.a,vfs_inode.c.o,vfs_inode_del,T,Dependency,rtos-board-dependency,RTThread/POSIX/board support dependency; not modeled as TX8 compiler ABI.
third_party/tx8_deps/tx8-yoc-rt-thread-smp/lib/libkcorert.a,vfs_inode.c.o,vfs_inode_detach,T,Dependency,rtos-board-dependency,RTThread/POSIX/board support dependency; not modeled as TX8 compiler ABI.
third_party/tx8_deps/tx8-yoc-rt-thread-smp/lib/libkcorert.a,vfs_inode.c.o,vfs_inode_detach_by_name,T,Dependency,rtos-board-dependency,RTThread/POSIX/board support dependency; not modeled as TX8 compiler ABI.
third_party/tx8_deps/tx8-yoc-rt-thread-smp/lib/libkcorert.a,vfs_inode.c.o,vfs_inode_get_names,T,Dependency,rtos-board-dependency,RTThread/POSIX/board support dependency; not modeled as TX8 compiler ABI.
third_party/tx8_deps/tx8-yoc-rt-thread-smp/lib/libkcorert.a,vfs_inode.c.o,vfs_inode_init,T,Dependency,rtos-board-dependency,RTThread/POSIX/board support dependency; not modeled as TX8 compiler ABI.
third_party/tx8_deps/tx8-yoc-rt-thread-smp/lib/libkcorert.a,vfs_inode.c.o,vfs_inode_list,T,Dependency,rtos-board-dependency,RTThread/POSIX/board support dependency; not modeled as TX8 compiler ABI.
third_party/tx8_deps/tx8-yoc-rt-thread-smp/lib/libkcorert.a,vfs_inode.c.o,vfs_inode_open,T,Dependency,rtos-board-dependency,RTThread/POSIX/board support dependency; not modeled as TX8 compiler ABI.
third_party/tx8_deps/tx8-yoc-rt-thread-smp/lib/libkcorert.a,vfs_inode.c.o,vfs_inode_ptr_get,T,Dependency,rtos-board-dependency,RTThread/POSIX/board support dependency; not modeled as TX8 compiler ABI.
third_party/tx8_deps/tx8-yoc-rt-thread-smp/lib/libkcorert.a,vfs_inode.c.o,vfs_inode_ref,T,Dependency,rtos-board-dependency,RTThread/POSIX/board support dependency; not modeled as TX8 compiler ABI.
third_party/tx8_deps/tx8-yoc-rt-thread-smp/lib/libkcorert.a,vfs_inode.c.o,vfs_inode_release,T,Dependency,rtos-board-dependency,RTThread/POSIX/board support dependency; not modeled as TX8 compiler ABI.
third_party/tx8_deps/tx8-yoc-rt-thread-smp/lib/libkcorert.a,vfs_inode.c.o,vfs_inode_reserve,T,Dependency,rtos-board-dependency,RTThread/POSIX/board support dependency; not modeled as TX8 compiler ABI.
third_party/tx8_deps/tx8-yoc-rt-thread-smp/lib/libkcorert.a,vfs_inode.c.o,vfs_inode_unref,T,Dependency,rtos-board-dependency,RTThread/POSIX/board support dependency; not modeled as TX8 compiler ABI.
third_party/tx8_deps/tx8-yoc-rt-thread-smp/lib/libkcorert.a,waitqueue.c.o,__wqueue_default_wake,T,Dependency,rtos-board-dependency,RTThread/POSIX/board support dependency; not modeled as TX8 compiler ABI.
third_party/tx8_deps/tx8-yoc-rt-thread-smp/lib/libkcorert.a,waitqueue.c.o,_rt_wqueue_wait,t,Dependency,rtos-board-dependency,RTThread/POSIX/board support dependency; not modeled as TX8 compiler ABI.
third_party/tx8_deps/tx8-yoc-rt-thread-smp/lib/libkcorert.a,waitqueue.c.o,rt_wqueue_add,T,Dependency,rtos-board-dependency,RTThread/POSIX/board support dependency; not modeled as TX8 compiler ABI.
third_party/tx8_deps/tx8-yoc-rt-thread-smp/lib/libkcorert.a,waitqueue.c.o,rt_wqueue_remove,T,Dependency,rtos-board-dependency,RTThread/POSIX/board support dependency; not modeled as TX8 compiler ABI.
third_party/tx8_deps/tx8-yoc-rt-thread-smp/lib/libkcorert.a,waitqueue.c.o,rt_wqueue_wait,T,Dependency,rtos-board-dependency,RTThread/POSIX/board support dependency; not modeled as TX8 compiler ABI.
third_party/tx8_deps/tx8-yoc-rt-thread-smp/lib/libkcorert.a,waitqueue.c.o,rt_wqueue_wait_interruptible,T,Dependency,rtos-board-dependency,RTThread/POSIX/board support dependency; not modeled as TX8 compiler ABI.
third_party/tx8_deps/tx8-yoc-rt-thread-smp/lib/libkcorert.a,waitqueue.c.o,rt_wqueue_wait_killable,T,Dependency,rtos-board-dependency,RTThread/POSIX/board support dependency; not modeled as TX8 compiler ABI.
third_party/tx8_deps/tx8-yoc-rt-thread-smp/lib/libkcorert.a,waitqueue.c.o,rt_wqueue_wakeup,T,Dependency,rtos-board-dependency,RTThread/POSIX/board support dependency; not modeled as TX8 compiler ABI.
third_party/tx8_deps/tx8-yoc-rt-thread-smp/lib/libkcorert.a,waitqueue.c.o,rt_wqueue_wakeup_all,T,Dependency,rtos-board-dependency,RTThread/POSIX/board support dependency; not modeled as TX8 compiler ABI.
third_party/tx8_deps/tx8-yoc-rt-thread-smp/lib/libkcorert.a,wdt.c.o,rvm_hal_wdt_attach_callback,T,Dependency,rtos-board-dependency,RTThread/POSIX/board support dependency; not modeled as TX8 compiler ABI.
third_party/tx8_deps/tx8-yoc-rt-thread-smp/lib/libkcorert.a,wdt.c.o,rvm_hal_wdt_detach_callback,T,Dependency,rtos-board-dependency,RTThread/POSIX/board support dependency; not modeled as TX8 compiler ABI.
third_party/tx8_deps/tx8-yoc-rt-thread-smp/lib/libkcorert.a,wdt.c.o,rvm_hal_wdt_feed,T,Dependency,rtos-board-dependency,RTThread/POSIX/board support dependency; not modeled as TX8 compiler ABI.
third_party/tx8_deps/tx8-yoc-rt-thread-smp/lib/libkcorert.a,wdt.c.o,rvm_hal_wdt_get_remaining_time,T,Dependency,rtos-board-dependency,RTThread/POSIX/board support dependency; not modeled as TX8 compiler ABI.
third_party/tx8_deps/tx8-yoc-rt-thread-smp/lib/libkcorert.a,wdt.c.o,rvm_hal_wdt_set_timeout,T,Dependency,rtos-board-dependency,RTThread/POSIX/board support dependency; not modeled as TX8 compiler ABI.
third_party/tx8_deps/tx8-yoc-rt-thread-smp/lib/libkcorert.a,wdt.c.o,rvm_hal_wdt_start,T,Dependency,rtos-board-dependency,RTThread/POSIX/board support dependency; not modeled as TX8 compiler ABI.
third_party/tx8_deps/tx8-yoc-rt-thread-smp/lib/libkcorert.a,wdt.c.o,rvm_hal_wdt_stop,T,Dependency,rtos-board-dependency,RTThread/POSIX/board support dependency; not modeled as TX8 compiler ABI.
third_party/tx8_deps/tx8-yoc-rt-thread-smp/lib/libkcorert.a,weak.c.o,soc_dcache_clean,W,Dependency,rtos-board-dependency,RTThread/POSIX/board support dependency; not modeled as TX8 compiler ABI.
third_party/tx8_deps/tx8-yoc-rt-thread-smp/lib/libkcorert.a,weak.c.o,soc_dcache_clean_invalid_all,W,Dependency,rtos-board-dependency,RTThread/POSIX/board support dependency; not modeled as TX8 compiler ABI.
third_party/tx8_deps/tx8-yoc-rt-thread-smp/lib/libkcorert.a,weak.c.o,soc_dcache_clean_invalid_range,W,Dependency,rtos-board-dependency,RTThread/POSIX/board support dependency; not modeled as TX8 compiler ABI.
third_party/tx8_deps/tx8-yoc-rt-thread-smp/lib/libkcorert.a,weak.c.o,soc_dcache_invalid_range,W,Dependency,rtos-board-dependency,RTThread/POSIX/board support dependency; not modeled as TX8 compiler ABI.
third_party/tx8_deps/tx8-yoc-rt-thread-smp/lib/libkcorert.a,weak.c.o,soc_dma_address_remap,W,Dependency,rtos-board-dependency,RTThread/POSIX/board support dependency; not modeled as TX8 compiler ABI.
third_party/tx8_deps/tx8-yoc-rt-thread-smp/lib/libkcorert.a,weak.c.o,soc_icache_invalid,W,Dependency,rtos-board-dependency,RTThread/POSIX/board support dependency; not modeled as TX8 compiler ABI.
third_party/tx8_deps/tx8-yoc-rt-thread-smp/lib/libkcorert.a,workqueue.c.o,__rt_init_rt_work_sys_workqueue_init,D,Dependency,rtos-board-dependency,RTThread/POSIX/board support dependency; not modeled as TX8 compiler ABI.
third_party/tx8_deps/tx8-yoc-rt-thread-smp/lib/libkcorert.a,workqueue.c.o,_delayed_work_timeout_handler,t,Dependency,rtos-board-dependency,RTThread/POSIX/board support dependency; not modeled as TX8 compiler ABI.
third_party/tx8_deps/tx8-yoc-rt-thread-smp/lib/libkcorert.a,workqueue.c.o,_workqueue_submit_work,t,Dependency,rtos-board-dependency,RTThread/POSIX/board support dependency; not modeled as TX8 compiler ABI.
third_party/tx8_deps/tx8-yoc-rt-thread-smp/lib/libkcorert.a,workqueue.c.o,_workqueue_thread_entry,t,Dependency,rtos-board-dependency,RTThread/POSIX/board support dependency; not modeled as TX8 compiler ABI.
third_party/tx8_deps/tx8-yoc-rt-thread-smp/lib/libkcorert.a,workqueue.c.o,rt_work_cancel,T,Dependency,rtos-board-dependency,RTThread/POSIX/board support dependency; not modeled as TX8 compiler ABI.
third_party/tx8_deps/tx8-yoc-rt-thread-smp/lib/libkcorert.a,workqueue.c.o,rt_work_init,T,Dependency,rtos-board-dependency,RTThread/POSIX/board support dependency; not modeled as TX8 compiler ABI.
third_party/tx8_deps/tx8-yoc-rt-thread-smp/lib/libkcorert.a,workqueue.c.o,rt_work_submit,T,Dependency,rtos-board-dependency,RTThread/POSIX/board support dependency; not modeled as TX8 compiler ABI.
third_party/tx8_deps/tx8-yoc-rt-thread-smp/lib/libkcorert.a,workqueue.c.o,rt_work_sys_workqueue_init,t,Dependency,rtos-board-dependency,RTThread/POSIX/board support dependency; not modeled as TX8 compiler ABI.
third_party/tx8_deps/tx8-yoc-rt-thread-smp/lib/libkcorert.a,workqueue.c.o,rt_work_urgent,T,Dependency,rtos-board-dependency,RTThread/POSIX/board support dependency; not modeled as TX8 compiler ABI.
third_party/tx8_deps/tx8-yoc-rt-thread-smp/lib/libkcorert.a,workqueue.c.o,rt_workqueue_cancel_all_work,T,Dependency,rtos-board-dependency,RTThread/POSIX/board support dependency; not modeled as TX8 compiler ABI.
third_party/tx8_deps/tx8-yoc-rt-thread-smp/lib/libkcorert.a,workqueue.c.o,rt_workqueue_cancel_work,T,Dependency,rtos-board-dependency,RTThread/POSIX/board support dependency; not modeled as TX8 compiler ABI.
third_party/tx8_deps/tx8-yoc-rt-thread-smp/lib/libkcorert.a,workqueue.c.o,rt_workqueue_cancel_work_sync,T,Dependency,rtos-board-dependency,RTThread/POSIX/board support dependency; not modeled as TX8 compiler ABI.
third_party/tx8_deps/tx8-yoc-rt-thread-smp/lib/libkcorert.a,workqueue.c.o,rt_workqueue_create,T,Dependency,rtos-board-dependency,RTThread/POSIX/board support dependency; not modeled as TX8 compiler ABI.
third_party/tx8_deps/tx8-yoc-rt-thread-smp/lib/libkcorert.a,workqueue.c.o,rt_workqueue_destroy,T,Dependency,rtos-board-dependency,RTThread/POSIX/board support dependency; not modeled as TX8 compiler ABI.
third_party/tx8_deps/tx8-yoc-rt-thread-smp/lib/libkcorert.a,workqueue.c.o,rt_workqueue_dowork,T,Dependency,rtos-board-dependency,RTThread/POSIX/board support dependency; not modeled as TX8 compiler ABI.
third_party/tx8_deps/tx8-yoc-rt-thread-smp/lib/libkcorert.a,workqueue.c.o,rt_workqueue_submit_work,T,Dependency,rtos-board-dependency,RTThread/POSIX/board support dependency; not modeled as TX8 compiler ABI.
third_party/tx8_deps/tx8-yoc-rt-thread-smp/lib/libkcorert.a,workqueue.c.o,rt_workqueue_urgent_work,T,Dependency,rtos-board-dependency,RTThread/POSIX/board support dependency; not modeled as TX8 compiler ABI.
third_party/tx8_deps/tx8-yoc-rt-thread-smp/lib/libkcorert.a,workqueue.c.o,sys_workq,b,Dependency,rtos-board-dependency,RTThread/POSIX/board support dependency; not modeled as TX8 compiler ABI.
third_party/tx8_deps/tx8-yoc-rt-thread-smp/lib/liblibc_stub.a,fcntl.c.o,fcntl,T,Dependency,libc-shim,"Kcore libc compatibility shim; dependency boundary, not compiler ABI."
third_party/tx8_deps/tx8-yoc-rt-thread-smp/lib/liblibc_stub.a,lib_msleep.c.o,msleep,W,Dependency,libc-shim,"Kcore libc compatibility shim; dependency boundary, not compiler ABI."
third_party/tx8_deps/tx8-yoc-rt-thread-smp/lib/liblibc_stub.a,lib_sleep.c.o,sleep,W,Dependency,libc-shim,"Kcore libc compatibility shim; dependency boundary, not compiler ABI."
third_party/tx8_deps/tx8-yoc-rt-thread-smp/lib/liblibc_stub.a,lib_usleep.c.o,usleep,W,Dependency,libc-shim,"Kcore libc compatibility shim; dependency boundary, not compiler ABI."
third_party/tx8_deps/tx8-yoc-rt-thread-smp/lib/liblibc_stub.a,newlib_stub.c.o,_calloc_r,T,Dependency,libc-shim,"Kcore libc compatibility shim; dependency boundary, not compiler ABI."
third_party/tx8_deps/tx8-yoc-rt-thread-smp/lib/liblibc_stub.a,newlib_stub.c.o,_close_r,T,Dependency,libc-shim,"Kcore libc compatibility shim; dependency boundary, not compiler ABI."
third_party/tx8_deps/tx8-yoc-rt-thread-smp/lib/liblibc_stub.a,newlib_stub.c.o,_execve_r,T,Dependency,libc-shim,"Kcore libc compatibility shim; dependency boundary, not compiler ABI."
third_party/tx8_deps/tx8-yoc-rt-thread-smp/lib/liblibc_stub.a,newlib_stub.c.o,_exit,T,Dependency,libc-shim,"Kcore libc compatibility shim; dependency boundary, not compiler ABI."
third_party/tx8_deps/tx8-yoc-rt-thread-smp/lib/liblibc_stub.a,newlib_stub.c.o,_fcntl_r,T,Dependency,libc-shim,"Kcore libc compatibility shim; dependency boundary, not compiler ABI."
third_party/tx8_deps/tx8-yoc-rt-thread-smp/lib/liblibc_stub.a,newlib_stub.c.o,_fini,W,Dependency,libc-shim,"Kcore libc compatibility shim; dependency boundary, not compiler ABI."
third_party/tx8_deps/tx8-yoc-rt-thread-smp/lib/liblibc_stub.a,newlib_stub.c.o,_fork_r,T,Dependency,libc-shim,"Kcore libc compatibility shim; dependency boundary, not compiler ABI."
third_party/tx8_deps/tx8-yoc-rt-thread-smp/lib/liblibc_stub.a,newlib_stub.c.o,_free_r,T,Dependency,libc-shim,"Kcore libc compatibility shim; dependency boundary, not compiler ABI."
third_party/tx8_deps/tx8-yoc-rt-thread-smp/lib/liblibc_stub.a,newlib_stub.c.o,_fstat_r,T,Dependency,libc-shim,"Kcore libc compatibility shim; dependency boundary, not compiler ABI."
third_party/tx8_deps/tx8-yoc-rt-thread-smp/lib/liblibc_stub.a,newlib_stub.c.o,_getpid_r,T,Dependency,libc-shim,"Kcore libc compatibility shim; dependency boundary, not compiler ABI."
third_party/tx8_deps/tx8-yoc-rt-thread-smp/lib/liblibc_stub.a,newlib_stub.c.o,_gettimeofday_r,T,Dependency,libc-shim,"Kcore libc compatibility shim; dependency boundary, not compiler ABI."
third_party/tx8_deps/tx8-yoc-rt-thread-smp/lib/liblibc_stub.a,newlib_stub.c.o,_isatty_r,T,Dependency,libc-shim,"Kcore libc compatibility shim; dependency boundary, not compiler ABI."
third_party/tx8_deps/tx8-yoc-rt-thread-smp/lib/liblibc_stub.a,newlib_stub.c.o,_kill_r,T,Dependency,libc-shim,"Kcore libc compatibility shim; dependency boundary, not compiler ABI."
third_party/tx8_deps/tx8-yoc-rt-thread-smp/lib/liblibc_stub.a,newlib_stub.c.o,_link_r,T,Dependency,libc-shim,"Kcore libc compatibility shim; dependency boundary, not compiler ABI."
third_party/tx8_deps/tx8-yoc-rt-thread-smp/lib/liblibc_stub.a,newlib_stub.c.o,_lseek_r,T,Dependency,libc-shim,"Kcore libc compatibility shim; dependency boundary, not compiler ABI."
third_party/tx8_deps/tx8-yoc-rt-thread-smp/lib/liblibc_stub.a,newlib_stub.c.o,_malloc_r,T,Dependency,libc-shim,"Kcore libc compatibility shim; dependency boundary, not compiler ABI."
third_party/tx8_deps/tx8-yoc-rt-thread-smp/lib/liblibc_stub.a,newlib_stub.c.o,_memalign_r,T,Dependency,libc-shim,"Kcore libc compatibility shim; dependency boundary, not compiler ABI."
third_party/tx8_deps/tx8-yoc-rt-thread-smp/lib/liblibc_stub.a,newlib_stub.c.o,_mkdir_r,T,Dependency,libc-shim,"Kcore libc compatibility shim; dependency boundary, not compiler ABI."
third_party/tx8_deps/tx8-yoc-rt-thread-smp/lib/liblibc_stub.a,newlib_stub.c.o,_open_r,T,Dependency,libc-shim,"Kcore libc compatibility shim; dependency boundary, not compiler ABI."
third_party/tx8_deps/tx8-yoc-rt-thread-smp/lib/liblibc_stub.a,newlib_stub.c.o,_read_r,T,Dependency,libc-shim,"Kcore libc compatibility shim; dependency boundary, not compiler ABI."
third_party/tx8_deps/tx8-yoc-rt-thread-smp/lib/liblibc_stub.a,newlib_stub.c.o,_realloc_r,T,Dependency,libc-shim,"Kcore libc compatibility shim; dependency boundary, not compiler ABI."
third_party/tx8_deps/tx8-yoc-rt-thread-smp/lib/liblibc_stub.a,newlib_stub.c.o,_rename_r,T,Dependency,libc-shim,"Kcore libc compatibility shim; dependency boundary, not compiler ABI."
third_party/tx8_deps/tx8-yoc-rt-thread-smp/lib/liblibc_stub.a,newlib_stub.c.o,_sbrk_r,T,Dependency,libc-shim,"Kcore libc compatibility shim; dependency boundary, not compiler ABI."
third_party/tx8_deps/tx8-yoc-rt-thread-smp/lib/liblibc_stub.a,newlib_stub.c.o,_stat_r,T,Dependency,libc-shim,"Kcore libc compatibility shim; dependency boundary, not compiler ABI."
third_party/tx8_deps/tx8-yoc-rt-thread-smp/lib/liblibc_stub.a,newlib_stub.c.o,_system,T,Dependency,libc-shim,"Kcore libc compatibility shim; dependency boundary, not compiler ABI."
third_party/tx8_deps/tx8-yoc-rt-thread-smp/lib/liblibc_stub.a,newlib_stub.c.o,_times_r,T,Dependency,libc-shim,"Kcore libc compatibility shim; dependency boundary, not compiler ABI."
third_party/tx8_deps/tx8-yoc-rt-thread-smp/lib/liblibc_stub.a,newlib_stub.c.o,_unlink_r,T,Dependency,libc-shim,"Kcore libc compatibility shim; dependency boundary, not compiler ABI."
third_party/tx8_deps/tx8-yoc-rt-thread-smp/lib/liblibc_stub.a,newlib_stub.c.o,_wait_r,T,Dependency,libc-shim,"Kcore libc compatibility shim; dependency boundary, not compiler ABI."
third_party/tx8_deps/tx8-yoc-rt-thread-smp/lib/liblibc_stub.a,newlib_stub.c.o,_write_r,T,Dependency,libc-shim,"Kcore libc compatibility shim; dependency boundary, not compiler ABI."
third_party/tx8_deps/tx8-yoc-rt-thread-smp/lib/liblibc_stub.a,newlib_stub.c.o,abort,T,Dependency,libc-shim,"Kcore libc compatibility shim; dependency boundary, not compiler ABI."
third_party/tx8_deps/tx8-yoc-rt-thread-smp/lib/liblibc_stub.a,newlib_stub.c.o,exit,T,Dependency,libc-shim,"Kcore libc compatibility shim; dependency boundary, not compiler ABI."
third_party/tx8_deps/tx8-yoc-rt-thread-smp/lib/liblibc_stub.a,newlib_stub.c.o,ioctl,T,Dependency,libc-shim,"Kcore libc compatibility shim; dependency boundary, not compiler ABI."
third_party/tx8_deps/tx8-yoc-rt-thread-smp/lib/liblibc_stub.a,newlib_stub.c.o,isatty,T,Dependency,libc-shim,"Kcore libc compatibility shim; dependency boundary, not compiler ABI."
third_party/tx8_deps/tx8-yoc-rt-thread-smp/lib/liblibc_stub.a,newlib_stub.c.o,localtime,T,Dependency,libc-shim,"Kcore libc compatibility shim; dependency boundary, not compiler ABI."
third_party/tx8_deps/tx8-yoc-rt-thread-smp/lib/liblibc_stub.a,newlib_stub.c.o,localtime_r,T,Dependency,libc-shim,"Kcore libc compatibility shim; dependency boundary, not compiler ABI."
third_party/tx8_deps/tx8-yoc-rt-thread-smp/lib/liblibc_stub.a,newlib_stub.c.o,timezone,D,Dependency,libc-shim,"Kcore libc compatibility shim; dependency boundary, not compiler ABI."
third_party/tx8_deps/tx8-yoc-rt-thread-smp/lib/liblibc_stub.a,newlib_stub.c.o,tm_tmp.0,b,Dependency,libc-shim,"Kcore libc compatibility shim; dependency boundary, not compiler ABI."
third_party/tx8_deps/tx8-yoc-rt-thread-smp/lib/liblibc_stub.a,random.c.o,getrandom,T,Dependency,libc-shim,"Kcore libc compatibility shim; dependency boundary, not compiler ABI."
third_party/tx8_deps/tx8-yoc-rt-thread-smp/lib/liblibc_stub.a,random.c.o,rnd.0,d,Dependency,libc-shim,"Kcore libc compatibility shim; dependency boundary, not compiler ABI."
third_party/tx8_deps/tx8-yoc-rt-thread-smp/lib/liblibc_stub.a,settimeofday.c.o,settimeofday,T,Dependency,libc-shim,"Kcore libc compatibility shim; dependency boundary, not compiler ABI."
third_party/tx8_deps/tx8-yoc-rt-thread-smp/lib/liblibc_stub.a,strext.c.o,bytes2hexstr,T,Dependency,libc-shim,"Kcore libc compatibility shim; dependency boundary, not compiler ABI."
third_party/tx8_deps/tx8-yoc-rt-thread-smp/lib/liblibc_stub.a,strext.c.o,hexstr2bytes,T,Dependency,libc-shim,"Kcore libc compatibility shim; dependency boundary, not compiler ABI."
third_party/tx8_deps/tx8-yoc-rt-thread-smp/lib/liblibc_stub.a,strext.c.o,isalnumstring,T,Dependency,libc-shim,"Kcore libc compatibility shim; dependency boundary, not compiler ABI."
third_party/tx8_deps/tx8-yoc-rt-thread-smp/lib/liblibc_stub.a,strext.c.o,str2mac,T,Dependency,libc-shim,"Kcore libc compatibility shim; dependency boundary, not compiler ABI."
third_party/tx8_deps/tx8-yoc-rt-thread-smp/lib/liblibc_stub.a,strext.c.o,strasplit,T,Dependency,libc-shim,"Kcore libc compatibility shim; dependency boundary, not compiler ABI."
third_party/tx8_deps/tx8-yoc-rt-thread-smp/lib/liblibc_stub.a,strext.c.o,strcount,T,Dependency,libc-shim,"Kcore libc compatibility shim; dependency boundary, not compiler ABI."
third_party/tx8_deps/tx8-yoc-rt-thread-smp/lib/liblibc_stub.a,strext.c.o,strsplit,T,Dependency,libc-shim,"Kcore libc compatibility shim; dependency boundary, not compiler ABI."
third_party/tx8_deps/tx8-yoc-rt-thread-smp/lib/liblibc_stub.a,strext.c.o,strstri,T,Dependency,libc-shim,"Kcore libc compatibility shim; dependency boundary, not compiler ABI."
